   74   12   20    1   74     /TUNGSTEN           /ABELS-VAN MAANEN 1985   ADF11
 -------------------------------------------------------------------------------
   9.00000   9.54545  10.09091  10.63636  11.18182  11.72727  12.27273  12.81818
  13.36364  13.90909  14.45455  15.00000
   0.00000   0.24731   0.49463   0.74194   0.98926   1.23657   1.48389   1.73120
   1.97851   2.22583   2.47314   2.72046   2.96777   3.21508   3.46240   3.70971
   3.95703   4.20434   4.45166   4.69897
 --------------------/ IPRT= 1  / IGRD= 1  /RECOM   / Z1= 1   / DATE= 11.01.08
 -13.25056 -13.28794 -13.33972 -13.41631 -13.54263 -13.54263 -13.54263 -13.54263
 -13.54263 -13.54263 -13.54263 -13.54263
 -13.45320 -13.48483 -13.52849 -13.59244 -13.69547 -13.69547 -13.69547 -13.69547
 -13.69547 -13.69547 -13.69547 -13.69547
 -13.64298 -13.68943 -13.72578 -13.77856 -13.86190 -13.86190 -13.86190 -13.86190
 -13.86190 -13.86190 -13.86190 -13.86190
 -13.86484 -13.88154 -13.93374 -13.97723 -14.04482 -14.04482 -14.04482 -14.04482
 -14.04482 -14.04482 -14.04482 -14.04482
 -14.09688 -14.11088 -14.12932 -14.19064 -14.24612 -14.24612 -14.24612 -14.24612
 -14.24612 -14.24612 -14.24612 -14.24612
 -14.33149 -14.35261 -14.36824 -14.38956 -14.42001 -14.46641 -14.46641 -14.46641
 -14.46641 -14.46641 -14.46641 -14.46641
 -14.58926 -14.60746 -14.62093 -14.63928 -14.66543 -14.70508 -14.70508 -14.70508
 -14.70508 -14.70508 -14.70508 -14.70508
 -14.85925 -14.86624 -14.88704 -14.90314 -14.92605 -14.96068 -14.96068 -14.96068
 -14.96068 -14.96068 -14.96068 -14.96068
 -15.13577 -15.14698 -15.15499 -15.17994 -15.20041 -15.23128 -15.23128 -15.23128
 -15.23128 -15.23128 -15.23128 -15.23128
 -15.42807 -15.43258 -15.44551 -15.45511 -15.46819 -15.48679 -15.51481 -15.51481
 -15.51481 -15.51481 -15.51481 -15.51481
 -15.72599 -15.73349 -15.74540 -15.75424 -15.76630 -15.78346 -15.80929 -15.80929
 -15.80929 -15.80929 -15.80929 -15.80929
 -16.03521 -16.04219 -16.04705 -16.06155 -16.07281 -16.08884 -16.11297 -16.11297
 -16.11297 -16.11297 -16.11297 -16.11297
 -16.34855 -16.35389 -16.36209 -16.36798 -16.38639 -16.40152 -16.42430 -16.42430
 -16.42430 -16.42430 -16.42430 -16.42430
 -16.66995 -16.67501 -16.68280 -16.68840 -16.69580 -16.72032 -16.72032 -16.74202
 -16.74202 -16.74202 -16.74202 -16.74202
 -16.99420 -16.99819 -17.00414 -17.01366 -17.02075 -17.03044 -17.04425 -17.06507
 -17.06507 -17.06507 -17.06507 -17.06507
 -17.32430 -17.32814 -17.33386 -17.33786 -17.34985 -17.35919 -17.37251 -17.39260
 -17.39260 -17.39260 -17.39260 -17.39260
 -17.65637 -17.66148 -17.66395 -17.67087 -17.68248 -17.69153 -17.70444 -17.72392
 -17.72392 -17.72392 -17.72392 -17.72392
 -17.99279 -17.99578 -18.00013 -18.00686 -18.01171 -18.02693 -18.03950 -18.05846
 -18.05846 -18.05846 -18.05846 -18.05846
 -18.33058 -18.33461 -18.33885 -18.34174 -18.35013 -18.35639 -18.36498 -18.37725
 -18.39577 -18.39577 -18.39577 -18.39577
 -18.67170 -18.67409 -18.67749 -18.68259 -18.69079 -18.69692 -18.70532 -18.71733
 -18.73546 -18.73546 -18.73546 -18.73546
 --------------------/ IPRT= 1  / IGRD= 1  /RECOM   / Z1= 2   / DATE= 11.01.08
 -12.34323 -12.37464 -12.41987 -12.49025 -12.54251 -12.61526 -12.72506 -12.91803
 -12.91804 -12.91804 -12.91805 -12.91805
 -12.50804 -12.53916 -12.58161 -12.61233 -12.69382 -12.75970 -12.85619 -13.01794
 -13.02414 -13.02945 -13.03398 -13.03784
 -11.97887 -12.03915 -12.10139 -12.16705 -12.23043 -12.30929 -12.38581 -12.47437
 -12.53459 -12.59298 -12.64924 -12.70307
 -11.33072 -11.39814 -11.46681 -11.53692 -11.60762 -11.67935 -11.75224 -11.82666
 -11.90338 -11.97602 -12.04854 -12.12077
 -10.97731 -11.04510 -11.11429 -11.18476 -11.25639 -11.32881 -11.40211 -11.47629
 -11.55145 -11.62596 -11.70073 -11.77566
 -10.79643 -10.86408 -10.93319 -11.00360 -11.07507 -11.14759 -11.22089 -11.29494
 -11.36974 -11.44463 -11.51989 -11.59542
 -10.78891 -10.85625 -10.92510 -10.99528 -11.06661 -11.13896 -11.21213 -11.28606
 -11.36067 -11.43559 -11.51093 -11.58658
 -10.92212 -10.98910 -11.05765 -11.12756 -11.19867 -11.27078 -11.34376 -11.41759
 -11.49205 -11.56691 -11.64220 -11.71784
 -11.14749 -11.21409 -11.28230 -11.35193 -11.42277 -11.49468 -11.56749 -11.64107
 -11.71534 -11.79021 -11.86541 -11.94098
 -11.42836 -11.49456 -11.56242 -11.63174 -11.70232 -11.77400 -11.84661 -11.92003
 -11.99414 -12.06888 -12.14398 -12.21946
 -11.74159 -11.80738 -11.87487 -11.94388 -12.01418 -12.08561 -12.15803 -12.23126
 -12.30522 -12.37982 -12.45480 -12.53017
 -12.07344 -12.13881 -12.20593 -12.27460 -12.34461 -12.41580 -12.48797 -12.56104
 -12.63484 -12.70929 -12.78414 -12.85941
 -12.41596 -12.48089 -12.54763 -12.61596 -12.68568 -12.75660 -12.82854 -12.90138
 -12.97497 -13.04922 -13.12407 -13.19921
 -12.76460 -12.82907 -12.89541 -12.96339 -13.03279 -13.10344 -13.17517 -13.24779
 -13.32121 -13.39531 -13.47002 -13.54504
 -13.11674 -13.18075 -13.24668 -13.31430 -13.38339 -13.45376 -13.52522 -13.59766
 -13.67089 -13.74483 -13.81940 -13.89429
 -13.47092 -13.53447 -13.59997 -13.66721 -13.73597 -13.80605 -13.87728 -13.94946
 -14.02254 -14.09632 -14.17075 -14.24551
 -13.82632 -13.88937 -13.95445 -14.02131 -14.08973 -14.15951 -14.23048 -14.30244
 -14.37527 -14.44894 -14.52305 -14.59785
 -14.18245 -14.24501 -14.30963 -14.37610 -14.44417 -14.51366 -14.58434 -14.65609
 -14.72872 -14.80211 -14.87617 -14.95084
 -14.53905 -14.60110 -14.66527 -14.73133 -14.79905 -14.86821 -14.93863 -15.01012
 -15.08257 -15.15578 -15.22968 -15.30421
 -14.89597 -14.95750 -15.02120 -15.08685 -15.15419 -15.22304 -15.29318 -15.36442
 -15.43666 -15.50969 -15.58343 -15.65783
 --------------------/ IPRT= 1  / IGRD= 1  /RECOM   / Z1= 3   / DATE= 11.01.08
 -11.76846 -11.79384 -11.81699 -11.84789 -11.89102 -11.95523 -12.00126 -12.06270
 -12.14966 -12.28540 -12.54701 -12.55195
 -11.48883 -11.49877 -11.51288 -11.52830 -11.54967 -11.57065 -11.61022 -11.65042
 -11.70429 -11.77741 -11.87998 -11.95034
 -10.78412 -10.79060 -10.79861 -10.80914 -10.82322 -10.84224 -10.86675 -10.90097
 -10.94413 -10.99970 -11.06485 -11.14907
 -10.40662 -10.41815 -10.43061 -10.44461 -10.46116 -10.48150 -10.50688 -10.53926
 -10.58118 -10.63362 -10.69742 -10.77575
 -10.20969 -10.23276 -10.25572 -10.27906 -10.30363 -10.33035 -10.36080 -10.39651
 -10.43946 -10.49155 -10.55446 -10.62932
 -10.10636 -10.14224 -10.17767 -10.21286 -10.24825 -10.28462 -10.32306 -10.36497
 -10.41208 -10.46619 -10.52893 -10.60148
 -10.12928 -10.17304 -10.21663 -10.26000 -10.30334 -10.34709 -10.39202 -10.43929
 -10.49024 -10.54650 -10.60959 -10.68068
 -10.27423 -10.32190 -10.36969 -10.41746 -10.46521 -10.51322 -10.56203 -10.61248
 -10.66581 -10.72333 -10.78650 -10.85628
 -10.50527 -10.55481 -10.60469 -10.65470 -10.70478 -10.75507 -10.80594 -10.85812
 -10.91257 -10.97057 -11.03342 -11.10227
 -10.78992 -10.84033 -10.89124 -10.94240 -10.99370 -11.04518 -11.09714 -11.15017
 -11.20510 -11.26310 -11.32542 -11.39323
 -11.10636 -11.15712 -11.20851 -11.26026 -11.31219 -11.36431 -11.41682 -11.47020
 -11.52525 -11.58298 -11.64462 -11.71135
 -11.44125 -11.49210 -11.54368 -11.59569 -11.64795 -11.70039 -11.75316 -11.80667
 -11.86159 -11.91894 -11.97983 -12.04549
 -11.78675 -11.83754 -11.88914 -11.94126 -11.99366 -12.04626 -12.09914 -12.15265
 -12.20736 -12.26421 -12.32437 -12.38884
 -12.13834 -12.18897 -12.24050 -12.29262 -12.34508 -12.39774 -12.45065 -12.50408
 -12.55857 -12.61494 -12.67427 -12.73776
 -12.49342 -12.54383 -12.59524 -12.64730 -12.69975 -12.75243 -12.80533 -12.85866
 -12.91289 -12.96882 -13.02742 -13.08990
 -12.85052 -12.90068 -12.95191 -13.00387 -13.05628 -13.10894 -13.16181 -13.21504
 -13.26904 -13.32454 -13.38245 -13.44397
 -13.20880 -13.25868 -13.30971 -13.36154 -13.41388 -13.46650 -13.51933 -13.57247
 -13.62626 -13.68132 -13.73863 -13.79924
 -13.56779 -13.61736 -13.66816 -13.71984 -13.77209 -13.82467 -13.87745 -13.93050
 -13.98409 -14.03881 -14.09547 -14.15518
 -13.92722 -13.97646 -14.02701 -14.07852 -14.13066 -14.18318 -14.23591 -14.28888
 -14.34231 -14.39671 -14.45284 -14.51175
 -14.28694 -14.33583 -14.38611 -14.43743 -14.48945 -14.54189 -14.59458 -14.64748
 -14.70077 -14.75486 -14.81053 -14.86871
 --------------------/ IPRT= 1  / IGRD= 1  /RECOM   / Z1= 4   / DATE= 11.01.08
 -11.43666 -11.46132 -11.48746 -11.51060 -11.55920 -11.60695 -11.63833 -11.72654
 -11.79199 -11.88409 -12.02767 -12.30806
 -11.55444 -11.56775 -11.58569 -11.61089 -11.63439 -11.66623 -11.71147 -11.74360
 -11.83328 -11.90661 -12.01635 -12.03050
 -11.07537 -11.07975 -11.08710 -11.09395 -11.10478 -11.11694 -11.12959 -11.15094
 -11.17413 -11.20505 -11.24628 -11.30123
 -10.53820 -10.54996 -10.56172 -10.57369 -10.58604 -10.59957 -10.61517 -10.63405
 -10.65656 -10.68509 -10.72163 -10.76837
 -10.18359 -10.21336 -10.24242 -10.27070 -10.29834 -10.32560 -10.35316 -10.38167
 -10.41282 -10.44754 -10.48794 -10.53604
  -9.95126  -9.99573 -10.04020 -10.08435 -10.12799 -10.17105 -10.21371 -10.25641
 -10.29978 -10.34519 -10.39374 -10.44724
  -9.90042  -9.95115 -10.00265 -10.05452 -10.10649 -10.15832 -10.20995 -10.26153
 -10.31336 -10.36615 -10.42090 -10.47886
 -10.00754 -10.06060 -10.11484 -10.16990 -10.22545 -10.28123 -10.33707 -10.39297
 -10.44911 -10.50587 -10.56401 -10.62448
 -10.21874 -10.27261 -10.32790 -10.38427 -10.44137 -10.49894 -10.55675 -10.61473
 -10.67292 -10.73168 -10.79148 -10.85314
 -10.49258 -10.54661 -10.60223 -10.65908 -10.71685 -10.77522 -10.83397 -10.89295
 -10.95220 -11.01193 -11.07250 -11.13465
 -10.80292 -10.85681 -10.91240 -10.96936 -11.02734 -11.08606 -11.14524 -11.20472
 -11.26449 -11.32462 -11.38551 -11.44785
 -11.13425 -11.18784 -11.24323 -11.30009 -11.35808 -11.41688 -11.47624 -11.53595
 -11.59593 -11.65630 -11.71728 -11.77943
 -11.47760 -11.53081 -11.58590 -11.64255 -11.70042 -11.75918 -11.81856 -11.87834
 -11.93843 -11.99887 -12.05984 -12.12182
 -11.82785 -11.88061 -11.93534 -11.99171 -12.04938 -12.10803 -12.16736 -12.22714
 -12.28724 -12.34763 -12.40857 -12.47036
 -12.18206 -12.23434 -12.28867 -12.34472 -12.40214 -12.46062 -12.51984 -12.57956
 -12.63963 -12.70000 -12.76077 -12.82242
 -12.53857 -12.59035 -12.64425 -12.69994 -12.75709 -12.81536 -12.87444 -12.93409
 -12.99409 -13.05441 -13.11507 -13.17641
 -12.89644 -12.94770 -13.00115 -13.05646 -13.11330 -13.17135 -13.23027 -13.28979
 -13.34972 -13.40994 -13.47055 -13.53169
 -13.25515 -13.30586 -13.35884 -13.41375 -13.47027 -13.52806 -13.58680 -13.64620
 -13.70604 -13.76619 -13.82663 -13.88767
 -13.61439 -13.66454 -13.71702 -13.77151 -13.82769 -13.88521 -13.94375 -14.00301
 -14.06274 -14.12280 -14.18318 -14.24396
 -13.97399 -14.02356 -14.07554 -14.12959 -14.18540 -14.24264 -14.30096 -14.36007
 -14.41970 -14.47968 -14.53997 -14.60061
 --------------------/ IPRT= 1  / IGRD= 1  /RECOM   / Z1= 5   / DATE= 11.01.08
 -11.20426 -11.20426 -11.23166 -11.26035 -11.28550 -11.31784 -11.36095 -11.42147
 -11.46212 -11.58136 -11.67629 -11.82376
 -11.37895 -11.37896 -11.39604 -11.41894 -11.45097 -11.48036 -11.52003 -11.57649
 -11.61480 -11.66366 -11.81992 -11.96267
 -11.55686 -11.55805 -11.56832 -11.58700 -11.61265 -11.63609 -11.68640 -11.71028
 -11.77446 -11.82044 -11.88171 -11.96841
 -11.32831 -11.36338 -11.39935 -11.44164 -11.48465 -11.52637 -11.57106 -11.62126
 -11.68196 -11.73395 -11.79397 -11.86764
 -10.47646 -10.53002 -10.58502 -10.64176 -10.69941 -10.75751 -10.81689 -10.87648
 -10.93539 -10.99726 -11.05841 -11.12174
  -9.96403 -10.01804 -10.07371 -10.13076 -10.18882 -10.24757 -10.30668 -10.36600
 -10.42548 -10.48484 -10.54516 -10.60594
  -9.79939  -9.85212  -9.90645  -9.96204 -10.01854 -10.07555 -10.13283 -10.19011
 -10.24721 -10.30432 -10.36149 -10.41929
  -9.85399  -9.90536  -9.95826 -10.01233 -10.06719 -10.12247 -10.17786 -10.23311
 -10.28811 -10.34291 -10.39766 -10.45294
 -10.03849 -10.08875 -10.14051 -10.19340 -10.24704 -10.30105 -10.35510 -10.40893
 -10.46242 -10.51554 -10.56863 -10.62208
 -10.29839 -10.34778 -10.39871 -10.45077 -10.50358 -10.55676 -10.60996 -10.66292
 -10.71547 -10.76764 -10.81957 -10.87188
 -10.60158 -10.65030 -10.70059 -10.75206 -10.80432 -10.85698 -10.90969 -10.96215
 -11.01420 -11.06581 -11.11711 -11.16855
 -10.92951 -10.97765 -11.02743 -11.07845 -11.13031 -11.18264 -11.23505 -11.28725
 -11.33904 -11.39035 -11.44134 -11.49232
 -11.27152 -11.31915 -11.36847 -11.41912 -11.47068 -11.52278 -11.57501 -11.62710
 -11.67878 -11.72997 -11.78073 -11.83148
 -11.62157 -11.66870 -11.71761 -11.76791 -11.81921 -11.87112 -11.92325 -11.97526
 -12.02693 -12.07807 -12.12880 -12.17939
 -11.97622 -12.02286 -12.07136 -12.12133 -12.17238 -12.22412 -12.27616 -12.32816
 -12.37982 -12.43101 -12.48174 -12.53216
 -12.33353 -12.37967 -12.42775 -12.47739 -12.52819 -12.57977 -12.63172 -12.68370
 -12.73542 -12.78667 -12.83738 -12.88782
 -12.69239 -12.73803 -12.78568 -12.83497 -12.88552 -12.93693 -12.98880 -13.04076
 -13.09250 -13.14381 -13.19462 -13.24507
 -13.05218 -13.09731 -13.14451 -13.19345 -13.24373 -13.29495 -13.34672 -13.39866
 -13.45045 -13.50184 -13.55273 -13.60314
 -13.41256 -13.45716 -13.50391 -13.55247 -13.60246 -13.65348 -13.70513 -13.75704
 -13.80886 -13.86032 -13.91128 -13.96179
 -13.77333 -13.81738 -13.86366 -13.91183 -13.96151 -14.01231 -14.06384 -14.11570
 -14.16753 -14.21908 -14.27014 -14.32072
 --------------------/ IPRT= 1  / IGRD= 1  /RECOM   / Z1= 6   / DATE= 11.01.08
 -11.01829 -11.01829 -11.02475 -11.04782 -11.07844 -11.12094 -11.15979 -11.21236
 -11.24642 -11.34064 -11.40951 -11.50545
 -11.18533 -11.18533 -11.18533 -11.20396 -11.22871 -11.26302 -11.29422 -11.33598
 -11.39487 -11.43455 -11.55131 -11.64443
 -11.36422 -11.36425 -11.36428 -11.38047 -11.40225 -11.42138 -11.46107 -11.49930
 -11.55394 -11.59116 -11.63872 -11.70198
 -11.37999 -11.39682 -11.41277 -11.43423 -11.46116 -11.49282 -11.52251 -11.55767
 -11.60203 -11.66286 -11.70952 -11.76826
 -10.43264 -10.48006 -10.52853 -10.57787 -10.62812 -10.67874 -10.72974 -10.78015
 -10.83083 -10.87972 -10.93240 -10.98335
  -9.80732  -9.85462  -9.90311  -9.95237 -10.00212 -10.05184 -10.10115 -10.14984
 -10.19777 -10.24501 -10.29139 -10.33834
  -9.59729  -9.64294  -9.68970  -9.73712  -9.78481  -9.83236  -9.87939  -9.92562
  -9.97090 -10.01526 -10.05878 -10.10204
  -9.63204  -9.67631  -9.72162  -9.76756  -9.81369  -9.85960  -9.90494  -9.94939
  -9.99284 -10.03520 -10.07678 -10.11794
  -9.80740  -9.85065  -9.89494  -9.93986  -9.98496 -10.02984 -10.07411 -10.11751
 -10.15982 -10.20106 -10.24141 -10.28125
 -10.06319 -10.10569 -10.14928 -10.19352 -10.23799 -10.28226 -10.32596 -10.36877
 -10.41053 -10.45116 -10.49079 -10.52991
 -10.36482 -10.40675 -10.44982 -10.49362 -10.53770 -10.58164 -10.62506 -10.66763
 -10.70913 -10.74950 -10.78886 -10.82750
 -10.69253 -10.73398 -10.77666 -10.82013 -10.86396 -10.90773 -10.95104 -10.99354
 -11.03502 -11.07535 -11.11458 -11.15309
 -11.03505 -11.07608 -11.11841 -11.16162 -11.20528 -11.24896 -11.29225 -11.33480
 -11.37634 -11.41675 -11.45606 -11.49453
 -11.38600 -11.42662 -11.46863 -11.51161 -11.55513 -11.59875 -11.64207 -11.68471
 -11.72641 -11.76697 -11.80641 -11.84488
 -11.74176 -11.78198 -11.82367 -11.86642 -11.90981 -11.95339 -11.99675 -12.03952
 -12.08137 -12.12212 -12.16172 -12.20035
 -12.10029 -12.14010 -12.18146 -12.22398 -12.26723 -12.31076 -12.35417 -12.39705
 -12.43910 -12.48006 -12.51988 -12.55866
 -12.46043 -12.49981 -12.54084 -12.58311 -12.62621 -12.66969 -12.71312 -12.75613
 -12.79835 -12.83953 -12.87956 -12.91851
 -12.82152 -12.86048 -12.90115 -12.94315 -12.98608 -13.02949 -13.07295 -13.11605
 -13.15845 -13.19986 -13.24013 -13.27929
 -13.18321 -13.22171 -13.26201 -13.30374 -13.34648 -13.38979 -13.43325 -13.47646
 -13.51902 -13.56064 -13.60117 -13.64050
 -13.54528 -13.58332 -13.62323 -13.66465 -13.70719 -13.75039 -13.79384 -13.83712
 -13.87983 -13.92167 -13.96241 -14.00201
 --------------------/ IPRT= 1  / IGRD= 1  /RECOM   / Z1= 7   / DATE= 11.01.08
 -10.85601 -10.85601 -10.85601 -10.87006 -10.89616 -10.93092 -10.96131 -11.00040
 -11.05278 -11.12737 -11.17853 -11.24497
 -11.01611 -11.01611 -11.01611 -11.02206 -11.04338 -11.07181 -11.11146 -11.14786
 -11.19722 -11.22924 -11.31770 -11.38208
 -11.18720 -11.18721 -11.18722 -11.18723 -11.20425 -11.22696 -11.25859 -11.28747
 -11.32624 -11.38103 -11.41796 -11.52629
 -11.26565 -11.27643 -11.28659 -11.29605 -11.31730 -11.34262 -11.37476 -11.40484
 -11.44293 -11.49442 -11.53151 -11.57696
 -10.40418 -10.45048 -10.49814 -10.54672 -10.59660 -10.64755 -10.69922 -10.75037
 -10.80188 -10.85426 -10.90872 -10.96025
  -9.73247  -9.77945  -9.82802  -9.87780  -9.92840  -9.97948 -10.03062 -10.08149
 -10.13165 -10.18109 -10.22931 -10.27750
  -9.49196  -9.53721  -9.58396  -9.63179  -9.68026  -9.72901  -9.77757  -9.82555
  -9.87274  -9.91873  -9.96373 -10.00785
  -9.50943  -9.55321  -9.59842  -9.64465  -9.69144  -9.73839  -9.78505  -9.83107
  -9.87610  -9.91998  -9.96267 -10.00420
  -9.67512  -9.71780  -9.76191  -9.80701  -9.85267  -9.89845  -9.94394  -9.98874
 -10.03256 -10.07516 -10.11646 -10.15667
  -9.92552  -9.96738 -10.01069 -10.05503 -10.09996 -10.14504 -10.18985 -10.23400
 -10.27714 -10.31908 -10.35973 -10.39921
 -10.22417 -10.26539 -10.30810 -10.35190 -10.39636 -10.44102 -10.48546 -10.52928
 -10.57215 -10.61382 -10.65419 -10.69327
 -10.55026 -10.59093 -10.63316 -10.67655 -10.72067 -10.76506 -10.80932 -10.85301
 -10.89580 -10.93741 -10.97772 -11.01677
 -10.89195 -10.93211 -10.97392 -11.01696 -11.06081 -11.10503 -11.14919 -11.19286
 -11.23567 -11.27738 -11.31779 -11.35691
 -11.24251 -11.28219 -11.32359 -11.36630 -11.40993 -11.45400 -11.49810 -11.54180
 -11.58472 -11.62655 -11.66712 -11.70637
 -11.59813 -11.63734 -11.67833 -11.72073 -11.76413 -11.80807 -11.85213 -11.89587
 -11.93891 -11.98094 -12.02171 -12.06118
 -11.95667 -11.99540 -12.03598 -12.07806 -12.12123 -12.16504 -12.20905 -12.25285
 -12.29602 -12.33821 -12.37920 -12.41888
 -12.31692 -12.35515 -12.39532 -12.43706 -12.47998 -12.52364 -12.56760 -12.61144
 -12.65473 -12.69713 -12.73836 -12.77829
 -12.67817 -12.71591 -12.75564 -12.79703 -12.83969 -12.88319 -12.92709 -12.97094
 -13.01435 -13.05693 -13.09838 -13.13860
 -13.04006 -13.07728 -13.11657 -13.15759 -13.19997 -13.24329 -13.28710 -13.33096
 -13.37447 -13.41721 -13.45892 -13.49935
 -13.40236 -13.43906 -13.47788 -13.51852 -13.56061 -13.60372 -13.64743 -13.69127
 -13.73486 -13.77778 -13.81968 -13.86040
 --------------------/ IPRT= 1  / IGRD= 1  /RECOM   / Z1= 8   / DATE= 11.01.08
 -10.73211 -10.73211 -10.73211 -10.73211 -10.75552 -10.78579 -10.82645 -10.86241
 -10.90938 -10.97387 -11.01646 -11.06971
 -10.88788 -10.88788 -10.88788 -10.88788 -10.90127 -10.92632 -10.95997 -10.98963
 -11.05192 -11.07999 -11.15467 -11.20631
 -11.05436 -11.05436 -11.05436 -11.05436 -11.05998 -11.08834 -11.10740 -11.14571
 -11.18120 -11.22977 -11.30055 -11.34999
 -11.23273 -11.23273 -11.23273 -11.23273 -11.23273 -11.25518 -11.27916 -11.30052
 -11.34569 -11.39038 -11.41987 -11.50309
 -11.42366 -11.42366 -11.42366 -11.42366 -11.42366 -11.43740 -11.45610 -11.48271
 -11.50751 -11.54150 -11.59063 -11.62438
 -11.62733 -11.62733 -11.62733 -11.62733 -11.62733 -11.63476 -11.65521 -11.66965
 -11.70032 -11.73063 -11.75052 -11.80574
 -11.84353 -11.84353 -11.84353 -11.84353 -11.84353 -11.84987 -11.86228 -11.87999
 -11.89652 -11.91911 -11.95149 -12.00120
 -12.07188 -12.07188 -12.07188 -12.07188 -12.07188 -12.07445 -12.08401 -12.09754
 -12.11779 -12.13767 -12.16641 -12.18602
 -12.31201 -12.31201 -12.31201 -12.31201 -12.31201 -12.31201 -12.31942 -12.32982
 -12.34517 -12.35999 -12.38099 -12.41254
 -12.56366 -12.56366 -12.56366 -12.56366 -12.56366 -12.56366 -12.57011 -12.57920
 -12.59270 -12.60581 -12.62449 -12.65272
 -12.82656 -12.82656 -12.82656 -12.82656 -12.82656 -12.82656 -12.83013 -12.83725
 -12.84768 -12.85763 -12.87155 -12.89200
 -13.10031 -13.10031 -13.10031 -13.10031 -13.10031 -13.10031 -13.10182 -13.10748
 -13.11566 -13.12819 -13.14076 -13.15933
 -13.38427 -13.38427 -13.38427 -13.38427 -13.38427 -13.38427 -13.38427 -13.39076
 -13.39818 -13.40518 -13.42110 -13.42872
 -13.67761 -13.67761 -13.67761 -13.67761 -13.67761 -13.67761 -13.67761 -13.68180
 -13.68778 -13.69682 -13.70573 -13.71860
 -13.97931 -13.97931 -13.97931 -13.97931 -13.97931 -13.97931 -13.97931 -13.98175
 -13.98666 -13.99394 -14.00550 -14.01755
 -14.28837 -14.28837 -14.28837 -14.28837 -14.28837 -14.28837 -14.28837 -14.28945
 -14.29526 -14.30210 -14.30874 -14.31813
 -14.60380 -14.60380 -14.60380 -14.60380 -14.60380 -14.60380 -14.60380 -14.60482
 -14.60868 -14.61432 -14.62310 -14.63204
 -14.92469 -14.92469 -14.92469 -14.92469 -14.92469 -14.92469 -14.92469 -14.92469
 -14.92796 -14.93268 -14.93987 -14.94701
 -15.25025 -15.25025 -15.25025 -15.25025 -15.25025 -15.25025 -15.25025 -15.25025
 -15.25339 -15.25792 -15.26217 -15.27172
 -15.57980 -15.57980 -15.57980 -15.57980 -15.57980 -15.57980 -15.57980 -15.57980
 -15.58171 -15.58556 -15.59132 -15.59694
 --------------------/ IPRT= 1  / IGRD= 1  /RECOM   / Z1= 9   / DATE= 11.01.08
 -10.61820 -10.61820 -10.61820 -10.61820 -10.62567 -10.65197 -10.68617 -10.73258
 -10.77417 -10.82948 -10.86484 -10.96120
 -10.76994 -10.76994 -10.76994 -10.76994 -10.76994 -10.80056 -10.83206 -10.85927
 -10.89379 -10.93916 -11.00184 -11.04341
 -10.93173 -10.93173 -10.93173 -10.93173 -10.93173 -10.95119 -10.97689 -11.01224
 -11.04416 -11.08661 -11.14600 -11.18576
 -11.07576 -11.07577 -11.07578 -11.07579 -11.07581 -11.08592 -11.10507 -11.13131
 -11.15485 -11.18579 -11.22816 -11.28973
 -10.71963 -10.71970 -10.71981 -10.71995 -10.72015 -10.72163 -10.72800 -10.73255
 -10.74122 -10.74950 -10.76055 -10.76900
 -10.19803 -10.19811 -10.19823 -10.19840 -10.19865 -10.19900 -10.20039 -10.20204
 -10.20388 -10.20702 -10.20985 -10.21467
 -10.01379 -10.01387 -10.01399 -10.01415 -10.01438 -10.01472 -10.01542 -10.01640
 -10.01778 -10.01956 -10.02205 -10.02557
 -10.06578 -10.06585 -10.06596 -10.06611 -10.06633 -10.06664 -10.06717 -10.06796
 -10.06908 -10.07070 -10.07285 -10.07569
 -10.25520 -10.25526 -10.25536 -10.25550 -10.25570 -10.25599 -10.25646 -10.25717
 -10.25818 -10.25954 -10.26146 -10.26419
 -10.52283 -10.52289 -10.52298 -10.52311 -10.52329 -10.52356 -10.52397 -10.52461
 -10.52552 -10.52683 -10.52860 -10.53113
 -10.83473 -10.83479 -10.83487 -10.83499 -10.83516 -10.83540 -10.83575 -10.83634
 -10.83717 -10.83837 -10.84000 -10.84231
 -11.17162 -11.17167 -11.17175 -11.17186 -11.17202 -11.17224 -11.17256 -11.17311
 -11.17390 -11.17495 -11.17654 -11.17870
 -11.52259 -11.52264 -11.52271 -11.52281 -11.52295 -11.52316 -11.52345 -11.52394
 -11.52466 -11.52570 -11.52710 -11.52908
 -11.88147 -11.88152 -11.88158 -11.88167 -11.88181 -11.88200 -11.88227 -11.88269
 -11.88336 -11.88431 -11.88570 -11.88756
 -12.24480 -12.24484 -12.24490 -12.24499 -12.24511 -12.24528 -12.24553 -12.24589
 -12.24655 -12.24746 -12.24867 -12.25038
 -12.61062 -12.61066 -12.61071 -12.61079 -12.61090 -12.61106 -12.61129 -12.61162
 -12.61221 -12.61304 -12.61425 -12.61586
 -12.97784 -12.97788 -12.97793 -12.97800 -12.97810 -12.97825 -12.97846 -12.97876
 -12.97927 -12.98004 -12.98115 -12.98278
 -13.34585 -13.34588 -13.34593 -13.34599 -13.34609 -13.34622 -13.34641 -13.34669
 -13.34712 -13.34790 -13.34896 -13.35035
 -13.71430 -13.71433 -13.71437 -13.71443 -13.71452 -13.71464 -13.71482 -13.71507
 -13.71547 -13.71615 -13.71712 -13.71840
 -14.08300 -14.08302 -14.08306 -14.08312 -14.08320 -14.08331 -14.08347 -14.08371
 -14.08404 -14.08466 -14.08556 -14.08686
 --------------------/ IPRT= 1  / IGRD= 1  /RECOM   / Z1=10   / DATE= 11.01.08
 -10.51745 -10.51745 -10.51745 -10.51745 -10.51745 -10.54243 -10.57441 -10.60124
 -10.65408 -10.70226 -10.76786 -10.81091
 -10.66583 -10.66583 -10.66583 -10.66583 -10.66583 -10.68039 -10.70738 -10.74322
 -10.77448 -10.81460 -10.86828 -10.94467
 -10.82368 -10.82368 -10.82368 -10.82368 -10.82368 -10.82989 -10.85209 -10.88160
 -10.92263 -10.96020 -11.01106 -11.04400
 -10.97713 -10.97713 -10.97713 -10.97714 -10.97714 -10.97715 -11.00123 -11.02659
 -11.04892 -11.07771 -11.11618 -11.17017
 -10.73300 -10.73305 -10.73311 -10.73319 -10.73332 -10.73349 -10.73928 -10.74692
 -10.75732 -10.76684 -10.77928 -10.79603
 -10.20661 -10.20666 -10.20675 -10.20686 -10.20703 -10.20727 -10.20818 -10.20976
 -10.21191 -10.21496 -10.21827 -10.22148
  -9.99617  -9.99623  -9.99631  -9.99642  -9.99658  -9.99681  -9.99723  -9.99816
  -9.99932 -10.00072 -10.00266 -10.00538
 -10.03122 -10.03127 -10.03134 -10.03145 -10.03160 -10.03181 -10.03217 -10.03279
 -10.03367 -10.03479 -10.03653 -10.03881
 -10.21068 -10.21073 -10.21080 -10.21089 -10.21103 -10.21123 -10.21151 -10.21205
 -10.21280 -10.21387 -10.21528 -10.21728
 -10.47252 -10.47256 -10.47263 -10.47272 -10.47284 -10.47302 -10.47329 -10.47373
 -10.47446 -10.47537 -10.47676 -10.47861
 -10.78100 -10.78104 -10.78109 -10.78117 -10.78129 -10.78146 -10.78170 -10.78211
 -10.78275 -10.78365 -10.78484 -10.78653
 -11.11578 -11.11582 -11.11587 -11.11595 -11.11606 -11.11621 -11.11643 -11.11678
 -11.11736 -11.11819 -11.11939 -11.12098
 -11.46538 -11.46541 -11.46546 -11.46553 -11.46563 -11.46577 -11.46597 -11.46626
 -11.46685 -11.46764 -11.46867 -11.47013
 -11.82328 -11.82331 -11.82336 -11.82342 -11.82351 -11.82364 -11.82383 -11.82409
 -11.82461 -11.82534 -11.82640 -11.82778
 -12.18584 -12.18587 -12.18591 -12.18597 -12.18606 -12.18617 -12.18635 -12.18659
 -12.18703 -12.18771 -12.18868 -12.18995
 -12.55101 -12.55104 -12.55108 -12.55113 -12.55121 -12.55132 -12.55147 -12.55170
 -12.55206 -12.55276 -12.55360 -12.55491
 -12.91764 -12.91767 -12.91770 -12.91775 -12.91782 -12.91792 -12.91806 -12.91827
 -12.91856 -12.91921 -12.92008 -12.92119
 -13.28509 -13.28511 -13.28514 -13.28519 -13.28525 -13.28534 -13.28548 -13.28566
 -13.28593 -13.28649 -13.28729 -13.28845
 -13.65300 -13.65302 -13.65305 -13.65309 -13.65315 -13.65323 -13.65335 -13.65352
 -13.65377 -13.65424 -13.65508 -13.65605
 -14.02117 -14.02119 -14.02121 -14.02125 -14.02130 -14.02138 -14.02149 -14.02165
 -14.02188 -14.02232 -14.02303 -14.02406
 --------------------/ IPRT= 1  / IGRD= 1  /RECOM   / Z1=11   / DATE= 11.01.08
 -10.42822 -10.42822 -10.42822 -10.42822 -10.42822 -10.43614 -10.46385 -10.49955
 -10.54753 -10.59020 -10.64656 -10.68242
 -10.57385 -10.57385 -10.57385 -10.57385 -10.57385 -10.57385 -10.60665 -10.64001
 -10.66858 -10.70455 -10.75144 -10.81570
 -10.72839 -10.72839 -10.72839 -10.72839 -10.72839 -10.72839 -10.74957 -10.77727
 -10.81497 -10.84866 -10.89309 -10.95464
 -10.87624 -10.87804 -10.87976 -10.88137 -10.88286 -10.88423 -10.89713 -10.92033
 -10.95145 -10.99557 -11.03734 -11.06429
 -10.53170 -10.56493 -10.59910 -10.63381 -10.66859 -10.70302 -10.73893 -10.78381
 -10.82971 -10.87405 -10.92224 -10.97711
  -9.89975  -9.94314  -9.98906 -10.03721 -10.08725 -10.13880 -10.19179 -10.24657
 -10.30249 -10.35846 -10.41683 -10.47507
  -9.62853  -9.67102  -9.71605  -9.76332  -9.81250  -9.86320  -9.91501  -9.96788
 -10.02123 -10.07477 -10.12783 -10.18046
  -9.61306  -9.65391  -9.69718  -9.74256  -9.78971  -9.83822  -9.88767  -9.93772
  -9.98806 -10.03795 -10.08742 -10.13580
  -9.74227  -9.78192  -9.82394  -9.86803  -9.91384  -9.96097 -10.00899 -10.05751
 -10.10610 -10.15433 -10.20170 -10.24799
  -9.95788  -9.99672 -10.03795 -10.08129 -10.12638 -10.17284 -10.22022 -10.26810
 -10.31610 -10.36374 -10.41067 -10.45642
 -10.22944 -10.26764 -10.30828 -10.35108 -10.39571 -10.44177 -10.48885 -10.53650
 -10.58438 -10.63196 -10.67878 -10.72455
 -10.53721 -10.57480 -10.61488 -10.65719 -10.70140 -10.74713 -10.79398 -10.84148
 -10.88927 -10.93687 -10.98390 -11.02987
 -10.86752 -10.90449 -10.94400 -10.98579 -11.02956 -11.07494 -11.12151 -11.16884
 -11.21653 -11.26414 -11.31124 -11.35737
 -11.21139 -11.24772 -11.28663 -11.32788 -11.37117 -11.41615 -11.46242 -11.50953
 -11.55706 -11.60468 -11.65176 -11.69811
 -11.56324 -11.59892 -11.63721 -11.67789 -11.72068 -11.76523 -11.81114 -11.85800
 -11.90533 -11.95284 -11.99999 -12.04631
 -11.91978 -11.95479 -11.99244 -12.03253 -12.07478 -12.11887 -12.16441 -12.21096
 -12.25808 -12.30544 -12.35253 -12.39898
 -12.27905 -12.31338 -12.35039 -12.38987 -12.43157 -12.47518 -12.52030 -12.56653
 -12.61342 -12.66058 -12.70766 -12.75402
 -12.63995 -12.67360 -12.70995 -12.74881 -12.78995 -12.83305 -12.87775 -12.92363
 -12.97026 -13.01724 -13.06416 -13.11060
 -13.00184 -13.03481 -13.07050 -13.10873 -13.14929 -13.19187 -13.23612 -13.28164
 -13.32798 -13.37473 -13.42152 -13.46789
 -13.36438 -13.39666 -13.43168 -13.46927 -13.50924 -13.55129 -13.59508 -13.64021
 -13.68626 -13.73275 -13.77940 -13.82568
 --------------------/ IPRT= 1  / IGRD= 1  /RECOM   / Z1=12   / DATE= 11.01.08
 -10.34637 -10.34637 -10.34637 -10.34637 -10.34637 -10.34637 -10.37250 -10.40568
 -10.44941 -10.48745 -10.53645 -10.60280
 -10.48958 -10.48958 -10.48958 -10.48958 -10.48958 -10.48958 -10.50505 -10.53352
 -10.57099 -10.62272 -10.67006 -10.69963
 -10.64114 -10.64114 -10.64114 -10.64114 -10.64114 -10.64114 -10.64784 -10.68108
 -10.71576 -10.74613 -10.78526 -10.83781
 -10.80276 -10.80276 -10.80276 -10.80276 -10.80276 -10.80276 -10.80867 -10.82985
 -10.85815 -10.89772 -10.93412 -10.98361
 -10.97555 -10.97555 -10.97555 -10.97555 -10.97555 -10.97555 -10.97555 -10.99243
 -11.01500 -11.04650 -11.07532 -11.11410
 -11.06244 -11.06245 -11.06246 -11.06247 -11.06249 -11.06252 -11.06256 -11.07417
 -11.08976 -11.10345 -11.13158 -11.15844
 -10.46468 -10.46470 -10.46474 -10.46479 -10.46487 -10.46497 -10.46513 -10.46635
 -10.46856 -10.47158 -10.47450 -10.47837
  -9.96344  -9.96347  -9.96351  -9.96356  -9.96364  -9.96375  -9.96391  -9.96422
  -9.96483  -9.96569  -9.96690  -9.96837
  -9.81433  -9.81435  -9.81439  -9.81444  -9.81451  -9.81461  -9.81476  -9.81498
  -9.81542  -9.81600  -9.81675  -9.81781
  -9.88700  -9.88702  -9.88706  -9.88710  -9.88717  -9.88727  -9.88741  -9.88760
  -9.88794  -9.88842  -9.88911  -9.89004
 -10.08808 -10.08810 -10.08813 -10.08817 -10.08824 -10.08832 -10.08845 -10.08863
 -10.08892 -10.08935 -10.08996 -10.09079
 -10.36244 -10.36246 -10.36249 -10.36253 -10.36259 -10.36267 -10.36279 -10.36296
 -10.36321 -10.36362 -10.36418 -10.36495
 -10.67844 -10.67845 -10.67848 -10.67852 -10.67857 -10.67865 -10.67875 -10.67891
 -10.67914 -10.67950 -10.68002 -10.68072
 -11.01801 -11.01803 -11.01805 -11.01809 -11.01813 -11.01820 -11.01830 -11.01845
 -11.01865 -11.01898 -11.01946 -11.02014
 -11.37093 -11.37094 -11.37096 -11.37099 -11.37104 -11.37110 -11.37119 -11.37133
 -11.37151 -11.37181 -11.37227 -11.37287
 -11.73138 -11.73139 -11.73141 -11.73144 -11.73148 -11.73154 -11.73163 -11.73175
 -11.73192 -11.73220 -11.73261 -11.73320
 -12.09609 -12.09610 -12.09612 -12.09615 -12.09618 -12.09624 -12.09632 -12.09643
 -12.09659 -12.09683 -12.09721 -12.09775
 -12.46320 -12.46321 -12.46323 -12.46326 -12.46329 -12.46334 -12.46341 -12.46351
 -12.46366 -12.46387 -12.46424 -12.46476
 -12.83167 -12.83168 -12.83170 -12.83172 -12.83175 -12.83180 -12.83187 -12.83196
 -12.83210 -12.83229 -12.83262 -12.83309
 -13.20091 -13.20092 -13.20094 -13.20096 -13.20099 -13.20103 -13.20109 -13.20117
 -13.20130 -13.20148 -13.20177 -13.20221
 --------------------/ IPRT= 1  / IGRD= 1  /RECOM   / Z1=13   / DATE= 11.01.08
 -10.27261 -10.27261 -10.27261 -10.27261 -10.27261 -10.27261 -10.28968 -10.32071
 -10.36092 -10.39524 -10.43856 -10.49552
 -10.41382 -10.41382 -10.41382 -10.41382 -10.41382 -10.41382 -10.42145 -10.44825
 -10.48295 -10.52983 -10.57168 -10.62713
 -10.56149 -10.56163 -10.56177 -10.56190 -10.56201 -10.56212 -10.56222 -10.59368
 -10.62588 -10.65359 -10.68861 -10.73441
 -10.52533 -10.54156 -10.55774 -10.57361 -10.58896 -10.60357 -10.61730 -10.64623
 -10.68002 -10.72169 -10.76023 -10.80752
  -9.89035  -9.93105  -9.97421 -10.01956 -10.06673 -10.11535 -10.16498 -10.21749
 -10.27288 -10.33079 -10.38855 -10.45456
  -9.49889  -9.54231  -9.58884  -9.63831  -9.69049  -9.74511  -9.80186  -9.86069
  -9.92236  -9.98500 -10.05013 -10.11623
  -9.41657  -9.45956  -9.50576  -9.55501  -9.60711  -9.66180  -9.71880  -9.77782
  -9.83921  -9.90221  -9.96640 -10.03256
  -9.49689  -9.53751  -9.58106  -9.62735  -9.67612  -9.72706  -9.77983  -9.83404
  -9.88957  -9.94592 -10.00279 -10.05958
  -9.63929  -9.67516  -9.71332  -9.75348  -9.79529  -9.83837  -9.88228  -9.92654
  -9.97081 -10.01476 -10.05766 -10.09955
  -9.82630  -9.85732  -9.89006  -9.92419  -9.95933  -9.99507 -10.03096 -10.06656
 -10.10153 -10.13549 -10.16813 -10.19909
 -10.06580 -10.09340 -10.12240 -10.15246 -10.18322 -10.21427 -10.24522 -10.27564
 -10.30522 -10.33367 -10.36072 -10.38624
 -10.35093 -10.37639 -10.40309 -10.43072 -10.45893 -10.48733 -10.51554 -10.54319
 -10.56993 -10.59557 -10.61984 -10.64263
 -10.66796 -10.69208 -10.71738 -10.74357 -10.77031 -10.79723 -10.82396 -10.85015
 -10.87545 -10.89969 -10.92262 -10.94412
 -11.00507 -11.02829 -11.05270 -11.07800 -11.10386 -11.12994 -11.15586 -11.18128
 -11.20587 -11.22941 -11.25170 -11.27261
 -11.35418 -11.37676 -11.40053 -11.42524 -11.45055 -11.47612 -11.50160 -11.52662
 -11.55087 -11.57410 -11.59614 -11.61683
 -11.71029 -11.73235 -11.75565 -11.77991 -11.80484 -11.83008 -11.85529 -11.88012
 -11.90423 -11.92735 -11.94939 -11.97008
 -12.07044 -12.09206 -12.11495 -12.13885 -12.16348 -12.18849 -12.21353 -12.23826
 -12.26234 -12.28548 -12.30756 -12.32834
 -12.43292 -12.45414 -12.47665 -12.50024 -12.52460 -12.54942 -12.57434 -12.59902
 -12.62312 -12.64634 -12.66850 -12.68944
 -12.79677 -12.81759 -12.83975 -12.86303 -12.88715 -12.91179 -12.93662 -12.96127
 -12.98540 -13.00873 -13.03100 -13.05217
 -13.16142 -13.18186 -13.20367 -13.22665 -13.25053 -13.27500 -13.29972 -13.32434
 -13.34853 -13.37196 -13.39440 -13.41572
 --------------------/ IPRT= 1  / IGRD= 1  /RECOM   / Z1=14   / DATE= 11.01.08
 -10.20264 -10.20264 -10.20264 -10.20264 -10.20264 -10.20264 -10.20264 -10.23993
 -10.27687 -10.30790 -10.36935 -10.42618
 -10.34206 -10.34206 -10.34206 -10.34206 -10.34206 -10.34206 -10.34206 -10.36722
 -10.39932 -10.44184 -10.47897 -10.52694
 -10.48879 -10.48879 -10.48879 -10.48879 -10.48879 -10.48879 -10.48879 -10.50351
 -10.54158 -10.56678 -10.61685 -10.66290
 -10.64466 -10.64466 -10.64466 -10.64466 -10.64466 -10.64466 -10.64466 -10.65781
 -10.68241 -10.71546 -10.74455 -10.78223
 -10.81125 -10.81125 -10.81125 -10.81125 -10.81125 -10.81125 -10.81125 -10.81677
 -10.83661 -10.86329 -10.90084 -10.93559
 -10.98981 -10.98981 -10.98981 -10.98981 -10.98981 -10.98981 -10.98981 -10.98981
 -11.00551 -11.02661 -11.05625 -11.08351
 -11.18115 -11.18115 -11.18115 -11.18115 -11.18115 -11.18115 -11.18115 -11.18115
 -11.19462 -11.21294 -11.23900 -11.26329
 -11.38567 -11.38567 -11.38567 -11.38567 -11.38567 -11.38567 -11.38567 -11.38567
 -11.39296 -11.40713 -11.42718 -11.44571
 -11.60346 -11.60346 -11.60346 -11.60346 -11.60346 -11.60346 -11.60346 -11.60346
 -11.60643 -11.61738 -11.63276 -11.65558
 -11.83443 -11.83443 -11.83443 -11.83443 -11.83443 -11.83443 -11.83443 -11.83443
 -11.83443 -11.84643 -11.85981 -11.87216
 -12.07833 -12.07833 -12.07833 -12.07833 -12.07833 -12.07833 -12.07833 -12.07833
 -12.07833 -12.08572 -12.09608 -12.11139
 -12.33478 -12.33478 -12.33478 -12.33478 -12.33478 -12.33478 -12.33478 -12.33478
 -12.33478 -12.33887 -12.34700 -12.35885
 -12.60320 -12.60320 -12.60320 -12.60320 -12.60320 -12.60320 -12.60320 -12.60320
 -12.60320 -12.60492 -12.61411 -12.62475
 -12.88276 -12.88276 -12.88276 -12.88276 -12.88276 -12.88276 -12.88276 -12.88276
 -12.88276 -12.88432 -12.89018 -12.89864
 -13.17247 -13.17247 -13.17247 -13.17247 -13.17247 -13.17247 -13.17247 -13.17247
 -13.17247 -13.17247 -13.17726 -13.18409
 -13.47118 -13.47118 -13.47118 -13.47118 -13.47118 -13.47118 -13.47118 -13.47118
 -13.47118 -13.47118 -13.47563 -13.48198
 -13.77777 -13.77777 -13.77777 -13.77777 -13.77777 -13.77777 -13.77777 -13.77777
 -13.77777 -13.77777 -13.78039 -13.78565
 -14.09114 -14.09114 -14.09114 -14.09114 -14.09114 -14.09114 -14.09114 -14.09114
 -14.09114 -14.09114 -14.09231 -14.09673
 -14.41032 -14.41032 -14.41032 -14.41032 -14.41032 -14.41032 -14.41032 -14.41032
 -14.41032 -14.41032 -14.41032 -14.41564
 -14.73444 -14.73444 -14.73444 -14.73444 -14.73444 -14.73444 -14.73444 -14.73444
 -14.73444 -14.73444 -14.73444 -14.73804
 --------------------/ IPRT= 1  / IGRD= 1  /RECOM   / Z1=15   / DATE= 11.01.08
 -10.13979 -10.13979 -10.13979 -10.13979 -10.13979 -10.13979 -10.13979 -10.16703
 -10.20133 -10.24613 -10.28483 -10.33440
 -10.27771 -10.27771 -10.27771 -10.27771 -10.27771 -10.27771 -10.27771 -10.29414
 -10.32411 -10.36315 -10.39661 -10.46481
 -10.42250 -10.42250 -10.42250 -10.42250 -10.42250 -10.42250 -10.42250 -10.42975
 -10.46539 -10.48862 -10.53389 -10.57452
 -10.57599 -10.57599 -10.57599 -10.57599 -10.57599 -10.57599 -10.57599 -10.57599
 -10.60560 -10.63614 -10.66256 -10.71659
 -10.73985 -10.73985 -10.73985 -10.73985 -10.73985 -10.73985 -10.73985 -10.73985
 -10.75858 -10.78337 -10.81755 -10.84847
 -10.91542 -10.91542 -10.91542 -10.91542 -10.91542 -10.91542 -10.91542 -10.91542
 -10.92576 -10.95350 -10.97259 -11.01201
 -11.10359 -11.10359 -11.10359 -11.10359 -11.10359 -11.10359 -11.10359 -11.10359
 -11.11246 -11.12953 -11.15333 -11.17505
 -11.30488 -11.30488 -11.30488 -11.30488 -11.30488 -11.30488 -11.30488 -11.30488
 -11.30848 -11.32172 -11.34010 -11.36701
 -11.51943 -11.51943 -11.51943 -11.51943 -11.51943 -11.51943 -11.51943 -11.51943
 -11.51943 -11.52967 -11.54382 -11.56435
 -11.74716 -11.74716 -11.74716 -11.74716 -11.74716 -11.74716 -11.74716 -11.74716
 -11.74716 -11.75597 -11.76823 -11.78616
 -11.98789 -11.98789 -11.98789 -11.98789 -11.98789 -11.98789 -11.98789 -11.98789
 -11.98789 -11.99271 -12.00222 -12.01598
 -12.24127 -12.24127 -12.24127 -12.24127 -12.24127 -12.24127 -12.24127 -12.24127
 -12.24127 -12.24327 -12.25073 -12.26141
 -12.50677 -12.50677 -12.50677 -12.50677 -12.50677 -12.50677 -12.50677 -12.50677
 -12.50677 -12.50677 -12.51518 -12.52472
 -12.78363 -12.78363 -12.78363 -12.78363 -12.78363 -12.78363 -12.78363 -12.78363
 -12.78363 -12.78363 -12.78898 -12.79659
 -13.07090 -13.07090 -13.07090 -13.07090 -13.07090 -13.07090 -13.07090 -13.07090
 -13.07090 -13.07090 -13.07397 -13.08012
 -13.36746 -13.36746 -13.36746 -13.36746 -13.36746 -13.36746 -13.36746 -13.36746
 -13.36746 -13.36746 -13.36880 -13.37599
 -13.67217 -13.67217 -13.67217 -13.67217 -13.67217 -13.67217 -13.67217 -13.67217
 -13.67217 -13.67217 -13.67342 -13.67815
 -13.98393 -13.98393 -13.98393 -13.98393 -13.98393 -13.98393 -13.98393 -13.98393
 -13.98393 -13.98393 -13.98393 -13.98791
 -14.30173 -14.30173 -14.30173 -14.30173 -14.30173 -14.30173 -14.30173 -14.30173
 -14.30173 -14.30173 -14.30173 -14.30552
 -14.62468 -14.62468 -14.62468 -14.62468 -14.62468 -14.62468 -14.62468 -14.62468
 -14.62468 -14.62468 -14.62468 -14.62696
 --------------------/ IPRT= 1  / IGRD= 1  /RECOM   / Z1=16   / DATE= 11.01.08
 -10.08230 -10.08230 -10.08230 -10.08230 -10.08230 -10.08230 -10.08230 -10.10004
 -10.13209 -10.17330 -10.20828 -10.25221
 -10.21895 -10.21895 -10.21895 -10.21895 -10.21895 -10.21895 -10.21895 -10.22702
 -10.25517 -10.29130 -10.33965 -10.38247
 -10.36130 -10.36137 -10.36145 -10.36151 -10.36158 -10.36164 -10.36169 -10.36174
 -10.39534 -10.42933 -10.45832 -10.49468
 -10.40582 -10.41487 -10.42388 -10.43270 -10.44121 -10.44930 -10.45687 -10.46388
 -10.48999 -10.52194 -10.56296 -10.60007
  -9.96776 -10.00122 -10.03666 -10.07375 -10.11213 -10.15138 -10.19105 -10.23066
 -10.27456 -10.32278 -10.37463 -10.42507
  -9.62626  -9.66492  -9.70654  -9.75095  -9.79790  -9.84711  -9.89823  -9.95088
 -10.00538 -10.06402 -10.12240 -10.18467
  -9.56316  -9.60212  -9.64426  -9.68945  -9.73749  -9.78815  -9.84114  -9.89612
  -9.95276 -10.01257 -10.07389 -10.13605
  -9.67826  -9.71646  -9.75784  -9.80230  -9.84965  -9.89967  -9.95206 -10.00652
 -10.06269 -10.12116 -10.18122 -10.24290
  -9.89554  -9.93251  -9.97259 -10.01567 -10.06157 -10.11004 -10.16079 -10.21348
 -10.26774 -10.32369 -10.38152 -10.43958
 -10.17172 -10.20733 -10.24595 -10.28747 -10.33169 -10.37836 -10.42717 -10.47775
 -10.52972 -10.58313 -10.63769 -10.69306
 -10.48253 -10.51682 -10.55404 -10.59406 -10.63667 -10.68163 -10.72861 -10.77723
 -10.82708 -10.87796 -10.92989 -10.98234
 -10.81367 -10.84674 -10.88265 -10.92129 -10.96245 -11.00586 -11.05121 -11.09810
 -11.14612 -11.19482 -11.24457 -11.29462
 -11.15661 -11.18852 -11.22321 -11.26056 -11.30037 -11.34237 -11.38624 -11.43158
 -11.47798 -11.52498 -11.57297 -11.62119
 -11.50628 -11.53709 -11.57062 -11.60675 -11.64528 -11.68596 -11.72844 -11.77236
 -11.81728 -11.86274 -11.90883 -11.95525
 -11.85982 -11.88956 -11.92196 -11.95691 -11.99422 -12.03362 -12.07480 -12.11737
 -12.16089 -12.20492 -12.24925 -12.29402
 -12.21561 -12.24431 -12.27562 -12.30942 -12.34554 -12.38372 -12.42364 -12.46491
 -12.50711 -12.54979 -12.59246 -12.63615
 -12.57276 -12.60046 -12.63070 -12.66339 -12.69836 -12.73535 -12.77406 -12.81409
 -12.85504 -12.89644 -12.93782 -12.97979
 -12.93081 -12.95752 -12.98674 -13.01835 -13.05220 -13.08805 -13.12559 -13.16444
 -13.20419 -13.24438 -13.28454 -13.32491
 -13.28949 -13.31526 -13.34347 -13.37404 -13.40682 -13.44156 -13.47798 -13.51570
 -13.55431 -13.59336 -13.63239 -13.67127
 -13.64866 -13.67352 -13.70076 -13.73033 -13.76207 -13.79575 -13.83109 -13.86773
 -13.90526 -13.94324 -13.98120 -14.01904
 --------------------/ IPRT= 1  / IGRD= 1  /RECOM   / Z1=17   / DATE= 11.01.08
 -10.02652 -10.02652 -10.02652 -10.02652 -10.02652 -10.02652 -10.02652 -10.03515
 -10.06505 -10.10295 -10.15306 -10.19703
 -10.16201 -10.16201 -10.16201 -10.16201 -10.16201 -10.16201 -10.16201 -10.16201
 -10.18840 -10.22181 -10.26570 -10.30379
 -10.30357 -10.30357 -10.30357 -10.30357 -10.30357 -10.30357 -10.30357 -10.30357
 -10.32809 -10.35950 -10.38589 -10.43789
 -10.45305 -10.45305 -10.45305 -10.45305 -10.45305 -10.45305 -10.45305 -10.45305
 -10.46729 -10.49371 -10.52886 -10.55953
 -10.61223 -10.61223 -10.61223 -10.61223 -10.61223 -10.61223 -10.61223 -10.61223
 -10.61829 -10.63994 -10.66878 -10.70894
 -10.78263 -10.78263 -10.78263 -10.78263 -10.78263 -10.78263 -10.78263 -10.78263
 -10.78263 -10.80692 -10.83259 -10.85526
 -10.96538 -10.96538 -10.96538 -10.96538 -10.96538 -10.96538 -10.96538 -10.96538
 -10.96538 -10.98036 -11.00057 -11.02908
 -11.16123 -11.16123 -11.16123 -11.16123 -11.16123 -11.16123 -11.16123 -11.16123
 -11.16123 -11.16937 -11.18509 -11.20719
 -11.37053 -11.37053 -11.37053 -11.37053 -11.37053 -11.37053 -11.37053 -11.37053
 -11.37053 -11.37384 -11.39104 -11.41027
 -11.59336 -11.59336 -11.59336 -11.59336 -11.59336 -11.59336 -11.59336 -11.59336
 -11.59336 -11.59619 -11.60669 -11.62147
 -11.82959 -11.82959 -11.82959 -11.82959 -11.82959 -11.82959 -11.82959 -11.82959
 -11.82959 -11.82959 -11.83777 -11.84920
 -12.07890 -12.07890 -12.07890 -12.07890 -12.07890 -12.07890 -12.07890 -12.07890
 -12.07890 -12.07890 -12.08606 -12.09613
 -12.34078 -12.34078 -12.34078 -12.34078 -12.34078 -12.34078 -12.34078 -12.34078
 -12.34078 -12.34078 -12.34477 -12.35272
 -12.61445 -12.61445 -12.61445 -12.61445 -12.61445 -12.61445 -12.61445 -12.61445
 -12.61445 -12.61445 -12.61615 -12.62253
 -12.89894 -12.89894 -12.89894 -12.89894 -12.89894 -12.89894 -12.89894 -12.89894
 -12.89894 -12.89894 -12.89894 -12.90630
 -13.19311 -13.19311 -13.19311 -13.19311 -13.19311 -13.19311 -13.19311 -13.19311
 -13.19311 -13.19311 -13.19311 -13.19790
 -13.49578 -13.49578 -13.49578 -13.49578 -13.49578 -13.49578 -13.49578 -13.49578
 -13.49578 -13.49578 -13.49578 -13.49859
 -13.80581 -13.80581 -13.80581 -13.80581 -13.80581 -13.80581 -13.80581 -13.80581
 -13.80581 -13.80581 -13.80581 -13.80706
 -14.12214 -14.12214 -14.12214 -14.12214 -14.12214 -14.12214 -14.12214 -14.12214
 -14.12214 -14.12214 -14.12214 -14.12214
 -14.44386 -14.44386 -14.44386 -14.44386 -14.44386 -14.44386 -14.44386 -14.44386
 -14.44386 -14.44386 -14.44386 -14.44386
 --------------------/ IPRT= 1  / IGRD= 1  /RECOM   / Z1=18   / DATE= 11.01.08
  -9.97592  -9.97592  -9.97592  -9.97592  -9.97592  -9.97592  -9.97592  -9.97592
  -9.99491 -10.02934 -10.07400 -10.11233
 -10.10993 -10.10993 -10.10993 -10.10993 -10.10993 -10.10993 -10.10993 -10.10993
 -10.11864 -10.16111 -10.18855 -10.24184
 -10.24950 -10.24950 -10.24950 -10.24950 -10.24950 -10.24950 -10.24950 -10.24950
 -10.25764 -10.28633 -10.32381 -10.35600
 -10.39657 -10.39657 -10.39657 -10.39657 -10.39657 -10.39657 -10.39657 -10.39657
 -10.39657 -10.42083 -10.45255 -10.49582
 -10.55309 -10.55309 -10.55309 -10.55309 -10.55309 -10.55309 -10.55309 -10.55309
 -10.55309 -10.57487 -10.60376 -10.62885
 -10.72090 -10.72090 -10.72090 -10.72090 -10.72090 -10.72090 -10.72090 -10.72090
 -10.72090 -10.73311 -10.75642 -10.78871
 -10.90160 -10.90160 -10.90160 -10.90160 -10.90160 -10.90160 -10.90160 -10.90160
 -10.90160 -10.90665 -10.92514 -10.95070
 -11.09645 -11.09645 -11.09645 -11.09645 -11.09645 -11.09645 -11.09645 -11.09645
 -11.09645 -11.09645 -11.11688 -11.13096
 -11.30631 -11.30631 -11.30631 -11.30631 -11.30631 -11.30631 -11.30631 -11.30631
 -11.30631 -11.30631 -11.31888 -11.33640
 -11.53154 -11.53154 -11.53154 -11.53154 -11.53154 -11.53154 -11.53154 -11.53154
 -11.53154 -11.53154 -11.53845 -11.55214
 -11.77197 -11.77197 -11.77197 -11.77197 -11.77197 -11.77197 -11.77197 -11.77197
 -11.77197 -11.77197 -11.77485 -11.79017
 -12.02691 -12.02691 -12.02691 -12.02691 -12.02691 -12.02691 -12.02691 -12.02691
 -12.02691 -12.02691 -12.02947 -12.03912
 -12.29527 -12.29527 -12.29527 -12.29527 -12.29527 -12.29527 -12.29527 -12.29527
 -12.29527 -12.29527 -12.29527 -12.30306
 -12.57572 -12.57572 -12.57572 -12.57572 -12.57572 -12.57572 -12.57572 -12.57572
 -12.57572 -12.57572 -12.57572 -12.58020
 -12.86680 -12.86680 -12.86680 -12.86680 -12.86680 -12.86680 -12.86680 -12.86680
 -12.86680 -12.86680 -12.86680 -12.87096
 -13.16709 -13.16709 -13.16709 -13.16709 -13.16709 -13.16709 -13.16709 -13.16709
 -13.16709 -13.16709 -13.16709 -13.16893
 -13.47525 -13.47525 -13.47525 -13.47525 -13.47525 -13.47525 -13.47525 -13.47525
 -13.47525 -13.47525 -13.47525 -13.47525
 -13.79010 -13.79010 -13.79010 -13.79010 -13.79010 -13.79010 -13.79010 -13.79010
 -13.79010 -13.79010 -13.79010 -13.79010
 -14.11061 -14.11061 -14.11061 -14.11061 -14.11061 -14.11061 -14.11061 -14.11061
 -14.11061 -14.11061 -14.11061 -14.11061
 -14.43592 -14.43592 -14.43592 -14.43592 -14.43592 -14.43592 -14.43592 -14.43592
 -14.43592 -14.43592 -14.43592 -14.43592
 --------------------/ IPRT= 1  / IGRD= 1  /RECOM   / Z1=19   / DATE= 11.01.08
  -9.92550  -9.92550  -9.92550  -9.92550  -9.92550  -9.92550  -9.92550  -9.92550
  -9.93468  -9.97900 -10.00732 -10.06184
 -10.05861 -10.05861 -10.05861 -10.05861 -10.05861 -10.05861 -10.05861 -10.05861
 -10.06738 -10.09803 -10.13751 -10.17103
 -10.19692 -10.19692 -10.19692 -10.19692 -10.19692 -10.19692 -10.19692 -10.19692
 -10.19692 -10.22361 -10.25797 -10.30403
 -10.34231 -10.34231 -10.34231 -10.34231 -10.34231 -10.34231 -10.34231 -10.34231
 -10.34231 -10.35801 -10.38722 -10.42632
 -10.49674 -10.49674 -10.49675 -10.49675 -10.49675 -10.49675 -10.49675 -10.49675
 -10.49675 -10.51085 -10.53742 -10.57353
 -10.65346 -10.65418 -10.65490 -10.65561 -10.65629 -10.65694 -10.65755 -10.65811
 -10.65862 -10.66499 -10.68679 -10.71626
 -10.48881 -10.50925 -10.53067 -10.55279 -10.57531 -10.59790 -10.62024 -10.64200
 -10.66291 -10.68272 -10.71359 -10.74846
  -9.95137  -9.98500 -10.02152 -10.06080 -10.10267 -10.14684 -10.19300 -10.24078
 -10.28976 -10.33948 -10.39283 -10.44805
  -9.70618  -9.74110  -9.77929  -9.82070  -9.86523  -9.91270  -9.96289 -10.01553
 -10.07032 -10.12690 -10.18563 -10.24639
  -9.71632  -9.75089  -9.78881  -9.83006  -9.87457  -9.92219  -9.97272 -10.02595
 -10.08160 -10.13936 -10.19910 -10.26092
  -9.87837  -9.91228  -9.94955  -9.99018 -10.03411 -10.08122 -10.13134 -10.18424
 -10.23967 -10.29734 -10.35696 -10.41891
 -10.12737 -10.16051 -10.19701 -10.23688 -10.28006 -10.32645 -10.37589 -10.42817
 -10.48303 -10.54020 -10.59937 -10.66068
 -10.42577 -10.45811 -10.49378 -10.53282 -10.57517 -10.62075 -10.66940 -10.72091
 -10.77504 -10.83152 -10.89003 -10.95053
 -10.75218 -10.78370 -10.81853 -10.85670 -10.89818 -10.94289 -10.99069 -11.04136
 -11.09468 -11.15035 -11.20809 -11.26782
 -11.09450 -11.12519 -11.15916 -11.19645 -11.23704 -11.28086 -11.32776 -11.37755
 -11.43000 -11.48482 -11.54170 -11.60045
 -11.44588 -11.47574 -11.50885 -11.54525 -11.58493 -11.62784 -11.67383 -11.72272
 -11.77427 -11.82820 -11.88420 -11.94194
 -11.80245 -11.83149 -11.86373 -11.89925 -11.93803 -11.98001 -12.02508 -12.07306
 -12.12370 -12.17673 -12.23183 -12.28866
 -12.16203 -12.19026 -12.22165 -12.25628 -12.29415 -12.33522 -12.37937 -12.42642
 -12.47615 -12.52827 -12.58247 -12.63841
 -12.52339 -12.55082 -12.58137 -12.61512 -12.65210 -12.69225 -12.73548 -12.78162
 -12.83043 -12.88166 -12.93496 -12.99000
 -12.88584 -12.91248 -12.94220 -12.97509 -13.01117 -13.05042 -13.09274 -13.13796
 -13.18588 -13.23620 -13.28863 -13.34280
 --------------------/ IPRT= 1  / IGRD= 1  /RECOM   / Z1=20   / DATE= 11.01.08
  -9.87770  -9.87770  -9.87770  -9.87770  -9.87770  -9.87770  -9.87770  -9.87770
  -9.88690  -9.91883  -9.95953  -9.99381
 -10.01002 -10.01002 -10.01002 -10.01002 -10.01002 -10.01002 -10.01002 -10.01002
 -10.01002 -10.03853 -10.07473 -10.12263
 -10.14720 -10.14720 -10.14720 -10.14720 -10.14720 -10.14720 -10.14720 -10.14720
 -10.14720 -10.16443 -10.19608 -10.23776
 -10.29109 -10.29109 -10.29109 -10.29109 -10.29109 -10.29109 -10.29109 -10.29109
 -10.29109 -10.30697 -10.33646 -10.36131
 -10.44362 -10.44362 -10.44362 -10.44362 -10.44362 -10.44362 -10.44362 -10.44362
 -10.44362 -10.45048 -10.47503 -10.50781
 -10.59604 -10.59692 -10.59779 -10.59865 -10.59948 -10.60027 -10.60102 -10.60171
 -10.60235 -10.60292 -10.62322 -10.65017
 -10.38824 -10.40977 -10.43246 -10.45608 -10.48030 -10.50478 -10.52919 -10.55317
 -10.57639 -10.59857 -10.63138 -10.66804
  -9.83299  -9.86622  -9.90243  -9.94151  -9.98330 -10.02755 -10.07399 -10.12225
 -10.17193 -10.22262 -10.27576 -10.33138
  -9.58947  -9.62368  -9.66119  -9.70197  -9.74592  -9.79290  -9.84269  -9.89505
  -9.94967 -10.00624 -10.06472 -10.12544
  -9.60185  -9.63566  -9.67282  -9.71334  -9.75715  -9.80413  -9.85411  -9.90686
  -9.96212 -10.01961 -10.07901 -10.14090
  -9.76544  -9.79857  -9.83506  -9.87493  -9.91813  -9.96455 -10.01405 -10.06640
 -10.12137 -10.17869 -10.23804 -10.29960
 -10.01544 -10.04780 -10.08352 -10.12261 -10.16504 -10.21073 -10.25953 -10.31123
 -10.36560 -10.42237 -10.48124 -10.54217
 -10.31451 -10.34607 -10.38096 -10.41922 -10.46083 -10.50569 -10.55368 -10.60461
 -10.65823 -10.71429 -10.77249 -10.83263
 -10.64140 -10.67215 -10.70620 -10.74359 -10.78433 -10.82832 -10.87545 -10.92553
 -10.97833 -11.03359 -11.09099 -11.15036
 -10.98409 -11.01401 -11.04721 -11.08373 -11.12357 -11.16667 -11.21291 -11.26210
 -11.31403 -11.36842 -11.42497 -11.48337
 -11.33576 -11.36487 -11.39721 -11.43285 -11.47178 -11.51397 -11.55930 -11.60758
 -11.65861 -11.71211 -11.76778 -11.82529
 -11.69258 -11.72088 -11.75237 -11.78712 -11.82516 -11.86643 -11.91083 -11.95820
 -12.00832 -12.06091 -12.11568 -12.17229
 -12.05239 -12.07989 -12.11054 -12.14441 -12.18154 -12.22190 -12.26538 -12.31183
 -12.36102 -12.41271 -12.46657 -12.52228
 -12.41397 -12.44068 -12.47049 -12.50349 -12.53973 -12.57918 -12.62174 -12.66726
 -12.71555 -12.76633 -12.81929 -12.87410
 -12.77662 -12.80255 -12.83154 -12.86369 -12.89904 -12.93758 -12.97923 -13.02384
 -13.07122 -13.12110 -13.17317 -13.22711
 --------------------/ IPRT= 1  / IGRD= 1  /RECOM   / Z1=21   / DATE= 11.01.08
  -9.83226  -9.83226  -9.83226  -9.83226  -9.83226  -9.83226  -9.83226  -9.83226
  -9.83226  -9.86196  -9.89930  -9.94823
  -9.96387  -9.96387  -9.96387  -9.96387  -9.96387  -9.96387  -9.96387  -9.96387
  -9.96387  -9.98223 -10.01560 -10.05899
 -10.10004 -10.10004 -10.10004 -10.10004 -10.10004 -10.10004 -10.10004 -10.10004
 -10.10004 -10.11739 -10.14920 -10.17566
 -10.24256 -10.24256 -10.24256 -10.24256 -10.24256 -10.24256 -10.24256 -10.24256
 -10.24256 -10.25027 -10.27755 -10.31335
 -10.39335 -10.39335 -10.39335 -10.39335 -10.39335 -10.39335 -10.39335 -10.39336
 -10.39336 -10.39336 -10.41614 -10.44609
 -10.54182 -10.54282 -10.54383 -10.54482 -10.54579 -10.54671 -10.54759 -10.54840
 -10.54915 -10.54983 -10.57051 -10.59788
 -10.29809 -10.32029 -10.34384 -10.36847 -10.39390 -10.41977 -10.44574 -10.47142
 -10.49647 -10.52056 -10.55076 -10.58716
  -9.72995  -9.76270  -9.79848  -9.83721  -9.87874  -9.92287  -9.96932 -10.01776
 -10.06781 -10.11906 -10.17191 -10.22773
  -9.48766  -9.52118  -9.55800  -9.59812  -9.64146  -9.68788  -9.73720  -9.78918
  -9.84353  -9.89995  -9.95809 -10.01909
  -9.50166  -9.53472  -9.57115  -9.61094  -9.65405  -9.70038  -9.74976  -9.80199
  -9.85681  -9.91396  -9.97312 -10.03456
  -9.66637  -9.69874  -9.73447  -9.77359  -9.81607  -9.86181  -9.91067  -9.96245
 -10.01693 -10.07382 -10.13286 -10.19399
  -9.91711  -9.94872  -9.98367 -10.02201 -10.06371 -10.10870 -10.15683 -10.20794
 -10.26179 -10.31811 -10.37663 -10.43715
 -10.21669 -10.24750 -10.28163 -10.31914 -10.36000 -10.40416 -10.45148 -10.50180
 -10.55489 -10.61048 -10.66831 -10.72815
 -10.54395 -10.57396 -10.60725 -10.64389 -10.68388 -10.72717 -10.77363 -10.82309
 -10.87534 -10.93013 -10.98715 -11.04610
 -10.88692 -10.91612 -10.94856 -10.98433 -11.02343 -11.06582 -11.11138 -11.15995
 -11.21133 -11.26524 -11.32140 -11.37950
 -11.23883 -11.26722 -11.29882 -11.33371 -11.37191 -11.41338 -11.45803 -11.50569
 -11.55615 -11.60917 -11.66444 -11.72165
 -11.59586 -11.62345 -11.65420 -11.68821 -11.72551 -11.76607 -11.80979 -11.85653
 -11.90608 -11.95818 -12.01254 -12.06884
 -11.95586 -11.98265 -12.01257 -12.04571 -12.08211 -12.12175 -12.16455 -12.21036
 -12.25899 -12.31017 -12.36362 -12.41901
 -12.31761 -12.34362 -12.37272 -12.40499 -12.44050 -12.47923 -12.52110 -12.56599
 -12.61370 -12.66397 -12.71651 -12.77100
 -12.68043 -12.70568 -12.73395 -12.76538 -12.80000 -12.83782 -12.87878 -12.92276
 -12.96955 -13.01891 -13.07056 -13.12416
 --------------------/ IPRT= 1  / IGRD= 1  /RECOM   / Z1=22   / DATE= 11.01.08
  -9.78895  -9.78895  -9.78895  -9.78895  -9.78895  -9.78895  -9.78895  -9.78895
  -9.78895  -9.80803  -9.84247  -9.88683
  -9.91993  -9.91993  -9.91993  -9.91993  -9.91993  -9.91993  -9.91993  -9.91993
  -9.91993  -9.93834  -9.97176  -9.99927
 -10.05519 -10.05519 -10.05519 -10.05519 -10.05519 -10.05519 -10.05519 -10.05519
 -10.05519 -10.06359 -10.09303 -10.13110
 -10.19647 -10.19647 -10.19647 -10.19647 -10.19647 -10.19647 -10.19647 -10.19647
 -10.19647 -10.19647 -10.22180 -10.25457
 -10.34566 -10.34566 -10.34566 -10.34566 -10.34566 -10.34566 -10.34566 -10.34566
 -10.34566 -10.34566 -10.36872 -10.39896
 -10.49909 -10.49909 -10.49909 -10.49909 -10.49909 -10.49909 -10.49909 -10.49909
 -10.49909 -10.49910 -10.51201 -10.53644
 -10.53394 -10.53394 -10.53394 -10.53395 -10.53395 -10.53395 -10.53396 -10.53397
 -10.53398 -10.53399 -10.53795 -10.55217
 -10.35296 -10.35296 -10.35297 -10.35297 -10.35298 -10.35299 -10.35300 -10.35302
 -10.35304 -10.35308 -10.35313 -10.35995
 -10.27302 -10.27303 -10.27303 -10.27304 -10.27304 -10.27305 -10.27307 -10.27309
 -10.27312 -10.27316 -10.27322 -10.27549
 -10.36189 -10.36189 -10.36189 -10.36190 -10.36190 -10.36191 -10.36193 -10.36195
 -10.36198 -10.36202 -10.36207 -10.36306
 -10.56490 -10.56490 -10.56490 -10.56491 -10.56491 -10.56492 -10.56494 -10.56495
 -10.56498 -10.56502 -10.56507 -10.56550
 -10.83513 -10.83514 -10.83514 -10.83514 -10.83515 -10.83516 -10.83517 -10.83518
 -10.83521 -10.83524 -10.83529 -10.83569
 -11.14341 -11.14341 -11.14341 -11.14342 -11.14342 -11.14343 -11.14344 -11.14346
 -11.14348 -11.14351 -11.14355 -11.14362
 -11.47282 -11.47283 -11.47283 -11.47283 -11.47284 -11.47284 -11.47285 -11.47287
 -11.47289 -11.47291 -11.47295 -11.47301
 -11.81389 -11.81389 -11.81389 -11.81389 -11.81390 -11.81390 -11.81391 -11.81392
 -11.81394 -11.81397 -11.81400 -11.81405
 -12.16138 -12.16138 -12.16138 -12.16138 -12.16139 -12.16139 -12.16140 -12.16141
 -12.16143 -12.16145 -12.16148 -12.16153
 -12.51249 -12.51249 -12.51249 -12.51249 -12.51249 -12.51250 -12.51251 -12.51252
 -12.51253 -12.51255 -12.51258 -12.51262
 -12.86571 -12.86571 -12.86571 -12.86571 -12.86572 -12.86572 -12.86573 -12.86573
 -12.86575 -12.86576 -12.86579 -12.86583
 -13.22025 -13.22026 -13.22026 -13.22026 -13.22026 -13.22027 -13.22027 -13.22028
 -13.22029 -13.22031 -13.22033 -13.22036
 -13.57571 -13.57571 -13.57571 -13.57571 -13.57571 -13.57572 -13.57572 -13.57573
 -13.57574 -13.57575 -13.57577 -13.57580
 --------------------/ IPRT= 1  / IGRD= 1  /RECOM   / Z1=23   / DATE= 11.01.08
  -9.74755  -9.74755  -9.74755  -9.74755  -9.74755  -9.74755  -9.74755  -9.74755
  -9.74755  -9.76664  -9.80103  -9.84528
  -9.87798  -9.87798  -9.87798  -9.87798  -9.87798  -9.87798  -9.87798  -9.87798
  -9.87798  -9.88688  -9.91782  -9.95736
 -10.01242 -10.01242 -10.01242 -10.01242 -10.01242 -10.01242 -10.01242 -10.01242
 -10.01242 -10.01242 -10.03978 -10.07466
 -10.15257 -10.15257 -10.15257 -10.15257 -10.15257 -10.15257 -10.15257 -10.15257
 -10.15257 -10.15257 -10.17810 -10.21104
 -10.30030 -10.30030 -10.30030 -10.30030 -10.30030 -10.30030 -10.30030 -10.30030
 -10.30030 -10.30030 -10.31518 -10.34295
 -10.45511 -10.45511 -10.45511 -10.45511 -10.45511 -10.45511 -10.45511 -10.45511
 -10.45511 -10.45511 -10.46143 -10.48411
 -10.54137 -10.54137 -10.54137 -10.54137 -10.54137 -10.54138 -10.54138 -10.54138
 -10.54139 -10.54140 -10.54141 -10.56245
 -10.42162 -10.42162 -10.42163 -10.42163 -10.42163 -10.42164 -10.42165 -10.42166
 -10.42168 -10.42171 -10.42175 -10.42827
 -10.34274 -10.34274 -10.34274 -10.34274 -10.34275 -10.34276 -10.34277 -10.34279
 -10.34281 -10.34284 -10.34289 -10.34484
 -10.42042 -10.42043 -10.42043 -10.42043 -10.42044 -10.42045 -10.42046 -10.42047
 -10.42050 -10.42053 -10.42058 -10.42184
 -10.61383 -10.61383 -10.61383 -10.61383 -10.61384 -10.61385 -10.61386 -10.61387
 -10.61389 -10.61392 -10.61397 -10.61449
 -10.87682 -10.87682 -10.87682 -10.87682 -10.87683 -10.87683 -10.87684 -10.87686
 -10.87688 -10.87690 -10.87694 -10.87700
 -11.17934 -11.17934 -11.17935 -11.17935 -11.17935 -11.17936 -11.17937 -11.17938
 -11.17940 -11.17942 -11.17946 -11.17951
 -11.50380 -11.50380 -11.50380 -11.50381 -11.50381 -11.50382 -11.50382 -11.50383
 -11.50385 -11.50387 -11.50390 -11.50395
 -11.84031 -11.84031 -11.84031 -11.84031 -11.84032 -11.84032 -11.84033 -11.84034
 -11.84035 -11.84037 -11.84040 -11.84044
 -12.18348 -12.18348 -12.18348 -12.18348 -12.18348 -12.18349 -12.18349 -12.18350
 -12.18351 -12.18353 -12.18356 -12.18359
 -12.53044 -12.53044 -12.53044 -12.53044 -12.53045 -12.53045 -12.53045 -12.53046
 -12.53047 -12.53049 -12.53051 -12.53054
 -12.87970 -12.87970 -12.87970 -12.87970 -12.87970 -12.87971 -12.87971 -12.87972
 -12.87973 -12.87974 -12.87976 -12.87979
 -13.23048 -13.23048 -13.23048 -13.23048 -13.23048 -13.23048 -13.23049 -13.23049
 -13.23050 -13.23052 -13.23053 -13.23056
 -13.58236 -13.58237 -13.58237 -13.58237 -13.58237 -13.58237 -13.58238 -13.58238
 -13.58239 -13.58240 -13.58241 -13.58244
 --------------------/ IPRT= 1  / IGRD= 1  /RECOM   / Z1=24   / DATE= 11.01.08
  -9.70792  -9.70792  -9.70792  -9.70792  -9.70792  -9.70792  -9.70792  -9.70792
  -9.70792  -9.71713  -9.74899  -9.78938
  -9.83784  -9.83784  -9.83784  -9.83784  -9.83784  -9.83784  -9.83784  -9.83784
  -9.83784  -9.83784  -9.87772  -9.90288
  -9.97154  -9.97154  -9.97154  -9.97154  -9.97154  -9.97154  -9.97154  -9.97154
  -9.97154  -9.97154  -9.99900 -10.03395
 -10.11065 -10.11065 -10.11065 -10.11065 -10.11065 -10.11065 -10.11065 -10.11065
 -10.11065 -10.11065 -10.12711 -10.15741
 -10.25703 -10.25703 -10.25703 -10.25703 -10.25703 -10.25703 -10.25703 -10.25703
 -10.25703 -10.25703 -10.26425 -10.28988
 -10.41257 -10.41257 -10.41257 -10.41257 -10.41257 -10.41257 -10.41257 -10.41257
 -10.41257 -10.41257 -10.41900 -10.44209
 -10.56551 -10.56551 -10.56551 -10.56551 -10.56551 -10.56551 -10.56551 -10.56551
 -10.56551 -10.56551 -10.56551 -10.58351
 -10.40982 -10.40982 -10.40983 -10.40983 -10.40983 -10.40984 -10.40984 -10.40985
 -10.40987 -10.40989 -10.40992 -10.41452
  -9.98264  -9.98264  -9.98264  -9.98264  -9.98265  -9.98266  -9.98267  -9.98268
  -9.98271  -9.98274  -9.98279  -9.98379
  -9.81309  -9.81309  -9.81310  -9.81310  -9.81310  -9.81311  -9.81312  -9.81314
  -9.81316  -9.81319  -9.81324  -9.81347
  -9.86813  -9.86813  -9.86813  -9.86813  -9.86814  -9.86815  -9.86816  -9.86817
  -9.86819  -9.86822  -9.86827  -9.86833
 -10.05806 -10.05806 -10.05807 -10.05807 -10.05807 -10.05808 -10.05809 -10.05810
 -10.05812 -10.05815 -10.05819 -10.05825
 -10.32534 -10.32534 -10.32535 -10.32535 -10.32535 -10.32536 -10.32537 -10.32538
 -10.32540 -10.32542 -10.32546 -10.32551
 -10.63647 -10.63647 -10.63647 -10.63647 -10.63648 -10.63648 -10.63649 -10.63650
 -10.63652 -10.63654 -10.63658 -10.63662
 -10.97233 -10.97233 -10.97233 -10.97233 -10.97234 -10.97234 -10.97235 -10.97236
 -10.97237 -10.97240 -10.97243 -10.97247
 -11.32210 -11.32210 -11.32210 -11.32210 -11.32211 -11.32211 -11.32212 -11.32213
 -11.32214 -11.32216 -11.32219 -11.32223
 -11.67968 -11.67968 -11.67968 -11.67968 -11.67968 -11.67969 -11.67970 -11.67970
 -11.67972 -11.67973 -11.67976 -11.67980
 -12.04164 -12.04164 -12.04164 -12.04164 -12.04164 -12.04165 -12.04165 -12.04166
 -12.04167 -12.04169 -12.04171 -12.04175
 -12.40605 -12.40605 -12.40605 -12.40606 -12.40606 -12.40606 -12.40607 -12.40607
 -12.40609 -12.40610 -12.40612 -12.40615
 -12.77185 -12.77185 -12.77185 -12.77185 -12.77186 -12.77186 -12.77186 -12.77187
 -12.77188 -12.77189 -12.77191 -12.77194
 --------------------/ IPRT= 1  / IGRD= 1  /RECOM   / Z1=25   / DATE= 11.01.08
  -9.66989  -9.66989  -9.66989  -9.66989  -9.66989  -9.66989  -9.66989  -9.66989
  -9.66989  -9.66989  -9.71090  -9.73659
  -9.79936  -9.79936  -9.79936  -9.79936  -9.79936  -9.79936  -9.79936  -9.79936
  -9.79936  -9.79936  -9.82815  -9.86439
  -9.93239  -9.93239  -9.93239  -9.93239  -9.93239  -9.93239  -9.93239  -9.93239
  -9.93239  -9.93239  -9.95006  -9.98225
 -10.07056 -10.07056 -10.07056 -10.07056 -10.07056 -10.07056 -10.07056 -10.07056
 -10.07056 -10.07056 -10.07852 -10.11756
 -10.21569 -10.21569 -10.21569 -10.21569 -10.21569 -10.21569 -10.21569 -10.21569
 -10.21569 -10.21569 -10.22297 -10.24881
 -10.36968 -10.36968 -10.36968 -10.36968 -10.36968 -10.36968 -10.36968 -10.36968
 -10.36968 -10.36968 -10.36968 -10.39103
 -10.52685 -10.52685 -10.52685 -10.52685 -10.52685 -10.52685 -10.52685 -10.52685
 -10.52685 -10.52685 -10.52685 -10.53861
 -10.44947 -10.44947 -10.44947 -10.44947 -10.44948 -10.44948 -10.44948 -10.44949
 -10.44950 -10.44952 -10.44954 -10.45522
 -10.02592 -10.02592 -10.02592 -10.02593 -10.02593 -10.02594 -10.02595 -10.02596
 -10.02598 -10.02601 -10.02605 -10.02666
  -9.81655  -9.81655  -9.81655  -9.81655  -9.81656  -9.81656  -9.81657  -9.81659
  -9.81661  -9.81663  -9.81667  -9.81673
  -9.84097  -9.84097  -9.84097  -9.84098  -9.84098  -9.84099  -9.84100  -9.84101
  -9.84103  -9.84105  -9.84109  -9.84114
 -10.01147 -10.01147 -10.01147 -10.01147 -10.01148 -10.01148 -10.01149 -10.01150
 -10.01152 -10.01154 -10.01158 -10.01163
 -10.26711 -10.26711 -10.26711 -10.26711 -10.26712 -10.26712 -10.26713 -10.26714
 -10.26716 -10.26718 -10.26721 -10.26726
 -10.57146 -10.57146 -10.57146 -10.57146 -10.57146 -10.57147 -10.57148 -10.57149
 -10.57150 -10.57152 -10.57155 -10.57159
 -10.90342 -10.90343 -10.90343 -10.90343 -10.90343 -10.90344 -10.90344 -10.90345
 -10.90346 -10.90348 -10.90351 -10.90355
 -11.25097 -11.25098 -11.25098 -11.25098 -11.25098 -11.25099 -11.25099 -11.25100
 -11.25101 -11.25103 -11.25105 -11.25109
 -11.60729 -11.60729 -11.60729 -11.60729 -11.60730 -11.60730 -11.60730 -11.60731
 -11.60732 -11.60734 -11.60736 -11.60739
 -11.96852 -11.96852 -11.96852 -11.96853 -11.96853 -11.96853 -11.96854 -11.96854
 -11.96855 -11.96857 -11.96859 -11.96862
 -12.33252 -12.33252 -12.33252 -12.33252 -12.33252 -12.33252 -12.33253 -12.33253
 -12.33254 -12.33256 -12.33258 -12.33260
 -12.69806 -12.69806 -12.69806 -12.69806 -12.69807 -12.69807 -12.69807 -12.69808
 -12.69809 -12.69810 -12.69812 -12.69814
 --------------------/ IPRT= 1  / IGRD= 1  /RECOM   / Z1=26   / DATE= 11.01.08
  -9.63333  -9.63333  -9.63333  -9.63333  -9.63333  -9.63333  -9.63333  -9.63333
  -9.63333  -9.63333  -9.66291  -9.69989
  -9.76240  -9.76240  -9.76240  -9.76240  -9.76240  -9.76240  -9.76240  -9.76240
  -9.76240  -9.76240  -9.78090  -9.81431
  -9.89482  -9.89482  -9.89482  -9.89482  -9.89482  -9.89482  -9.89482  -9.89482
  -9.89482  -9.89482  -9.91254  -9.94477
 -10.03212 -10.03212 -10.03212 -10.03212 -10.03212 -10.03212 -10.03212 -10.03212
 -10.03212 -10.03212 -10.04012 -10.06826
 -10.17609 -10.17609 -10.17609 -10.17609 -10.17609 -10.17609 -10.17609 -10.17609
 -10.17609 -10.17609 -10.17609 -10.20004
 -10.32864 -10.32864 -10.32864 -10.32864 -10.32864 -10.32864 -10.32864 -10.32864
 -10.32864 -10.32864 -10.32864 -10.35022
 -10.49155 -10.49155 -10.49155 -10.49155 -10.49155 -10.49155 -10.49155 -10.49155
 -10.49155 -10.49155 -10.49155 -10.50368
 -10.66645 -10.66645 -10.66645 -10.66645 -10.66645 -10.66645 -10.66645 -10.66645
 -10.66645 -10.66645 -10.66645 -10.67147
 -10.85463 -10.85463 -10.85463 -10.85463 -10.85463 -10.85463 -10.85463 -10.85463
 -10.85463 -10.85463 -10.85463 -10.85463
 -11.05707 -11.05707 -11.05707 -11.05707 -11.05707 -11.05707 -11.05707 -11.05707
 -11.05707 -11.05707 -11.05707 -11.05707
 -11.27435 -11.27435 -11.27435 -11.27435 -11.27435 -11.27435 -11.27435 -11.27435
 -11.27435 -11.27435 -11.27435 -11.27435
 -11.50660 -11.50660 -11.50660 -11.50660 -11.50660 -11.50660 -11.50660 -11.50660
 -11.50660 -11.50660 -11.50660 -11.50660
 -11.75347 -11.75347 -11.75347 -11.75347 -11.75347 -11.75347 -11.75347 -11.75347
 -11.75347 -11.75347 -11.75347 -11.75347
 -12.01416 -12.01416 -12.01416 -12.01416 -12.01416 -12.01416 -12.01416 -12.01416
 -12.01416 -12.01416 -12.01416 -12.01416
 -12.28755 -12.28755 -12.28755 -12.28755 -12.28755 -12.28755 -12.28755 -12.28755
 -12.28755 -12.28755 -12.28755 -12.28755
 -12.57234 -12.57234 -12.57234 -12.57234 -12.57234 -12.57234 -12.57234 -12.57234
 -12.57234 -12.57234 -12.57234 -12.57234
 -12.86712 -12.86712 -12.86712 -12.86712 -12.86712 -12.86712 -12.86712 -12.86712
 -12.86712 -12.86712 -12.86712 -12.86712
 -13.17054 -13.17054 -13.17054 -13.17054 -13.17054 -13.17054 -13.17054 -13.17054
 -13.17054 -13.17054 -13.17054 -13.17054
 -13.48134 -13.48134 -13.48134 -13.48134 -13.48134 -13.48134 -13.48134 -13.48134
 -13.48134 -13.48134 -13.48134 -13.48134
 -13.79841 -13.79841 -13.79841 -13.79841 -13.79841 -13.79841 -13.79841 -13.79841
 -13.79841 -13.79841 -13.79841 -13.79841
 --------------------/ IPRT= 1  / IGRD= 1  /RECOM   / Z1=27   / DATE= 11.01.08
  -9.59813  -9.59813  -9.59813  -9.59813  -9.59813  -9.59813  -9.59813  -9.59813
  -9.59813  -9.59813  -9.61714  -9.65125
  -9.72684  -9.72684  -9.72684  -9.72684  -9.72684  -9.72684  -9.72684  -9.72684
  -9.72684  -9.72684  -9.74534  -9.77872
  -9.85870  -9.85870  -9.85870  -9.85870  -9.85870  -9.85870  -9.85870  -9.85870
  -9.85870  -9.85870  -9.86726  -9.89708
  -9.99520  -9.99520  -9.99520  -9.99520  -9.99520  -9.99520  -9.99520  -9.99520
  -9.99520  -9.99520  -9.99520 -10.02131
 -10.13810 -10.13810 -10.13810 -10.13810 -10.13810 -10.13810 -10.13810 -10.13810
 -10.13810 -10.13810 -10.13810 -10.16223
 -10.28929 -10.28929 -10.28929 -10.28929 -10.28929 -10.28929 -10.28929 -10.28929
 -10.28929 -10.28929 -10.28929 -10.30319
 -10.45058 -10.45058 -10.45058 -10.45058 -10.45058 -10.45058 -10.45058 -10.45058
 -10.45058 -10.45058 -10.45058 -10.45645
 -10.62205 -10.62205 -10.62205 -10.62205 -10.62205 -10.62205 -10.62205 -10.62205
 -10.62205 -10.62205 -10.62205 -10.62205
 -10.74930 -10.74930 -10.74930 -10.74930 -10.74930 -10.74930 -10.74930 -10.74930
 -10.74930 -10.74931 -10.74931 -10.74932
 -10.69622 -10.69623 -10.69623 -10.69623 -10.69623 -10.69623 -10.69624 -10.69624
 -10.69625 -10.69626 -10.69628 -10.69630
 -10.64509 -10.64509 -10.64509 -10.64509 -10.64509 -10.64510 -10.64510 -10.64511
 -10.64512 -10.64514 -10.64516 -10.64519
 -10.73067 -10.73067 -10.73067 -10.73067 -10.73067 -10.73068 -10.73068 -10.73069
 -10.73070 -10.73072 -10.73074 -10.73077
 -10.92701 -10.92701 -10.92702 -10.92702 -10.92702 -10.92702 -10.92703 -10.92703
 -10.92704 -10.92706 -10.92708 -10.92711
 -11.19194 -11.19194 -11.19194 -11.19194 -11.19194 -11.19194 -11.19195 -11.19195
 -11.19196 -11.19198 -11.19200 -11.19202
 -11.49647 -11.49647 -11.49648 -11.49648 -11.49648 -11.49648 -11.49649 -11.49649
 -11.49650 -11.49651 -11.49653 -11.49655
 -11.82333 -11.82333 -11.82333 -11.82334 -11.82334 -11.82334 -11.82334 -11.82335
 -11.82336 -11.82337 -11.82338 -11.82340
 -12.16266 -12.16266 -12.16266 -12.16267 -12.16267 -12.16267 -12.16267 -12.16268
 -12.16268 -12.16269 -12.16271 -12.16273
 -12.50899 -12.50899 -12.50899 -12.50899 -12.50900 -12.50900 -12.50900 -12.50901
 -12.50901 -12.50902 -12.50903 -12.50905
 -12.85933 -12.85933 -12.85933 -12.85933 -12.85933 -12.85933 -12.85933 -12.85934
 -12.85934 -12.85935 -12.85936 -12.85938
 -13.21204 -13.21204 -13.21205 -13.21205 -13.21205 -13.21205 -13.21205 -13.21205
 -13.21206 -13.21207 -13.21208 -13.21209
 --------------------/ IPRT= 1  / IGRD= 1  /RECOM   / Z1=28   / DATE= 11.01.08
  -9.56420  -9.56420  -9.56420  -9.56420  -9.56420  -9.56420  -9.56420  -9.56420
  -9.56420  -9.56420  -9.58316  -9.61719
  -9.69257  -9.69257  -9.69257  -9.69257  -9.69257  -9.69257  -9.69257  -9.69257
  -9.69257  -9.69257  -9.70150  -9.73241
  -9.82392  -9.82392  -9.82392  -9.82392  -9.82392  -9.82392  -9.82392  -9.82392
  -9.82392  -9.82392  -9.82392  -9.86234
  -9.95968  -9.95968  -9.95968  -9.95968  -9.95968  -9.95968  -9.95968  -9.95968
  -9.95968  -9.95968  -9.95968  -9.98590
 -10.10159 -10.10159 -10.10159 -10.10159 -10.10159 -10.10159 -10.10159 -10.10159
 -10.10159 -10.10159 -10.10159 -10.11712
 -10.25151 -10.25151 -10.25151 -10.25151 -10.25151 -10.25151 -10.25151 -10.25151
 -10.25151 -10.25151 -10.25151 -10.25824
 -10.41117 -10.41117 -10.41117 -10.41117 -10.41117 -10.41117 -10.41117 -10.41117
 -10.41117 -10.41117 -10.41117 -10.41710
 -10.55408 -10.55408 -10.55408 -10.55408 -10.55408 -10.55408 -10.55408 -10.55408
 -10.55408 -10.55408 -10.55408 -10.55409
 -10.38737 -10.38737 -10.38737 -10.38737 -10.38737 -10.38737 -10.38738 -10.38738
 -10.38739 -10.38740 -10.38742 -10.38745
 -10.08266 -10.08266 -10.08267 -10.08267 -10.08267 -10.08267 -10.08268 -10.08269
 -10.08270 -10.08272 -10.08274 -10.08277
 -10.00395 -10.00396 -10.00396 -10.00396 -10.00396 -10.00397 -10.00397 -10.00398
 -10.00399 -10.00401 -10.00403 -10.00406
 -10.11050 -10.11050 -10.11051 -10.11051 -10.11051 -10.11051 -10.11052 -10.11053
 -10.11054 -10.11055 -10.11058 -10.11061
 -10.32884 -10.32884 -10.32884 -10.32885 -10.32885 -10.32885 -10.32886 -10.32886
 -10.32887 -10.32889 -10.32891 -10.32894
 -10.61139 -10.61139 -10.61139 -10.61139 -10.61139 -10.61140 -10.61140 -10.61141
 -10.61142 -10.61143 -10.61145 -10.61147
 -10.93028 -10.93028 -10.93028 -10.93028 -10.93028 -10.93029 -10.93029 -10.93030
 -10.93030 -10.93032 -10.93033 -10.93036
 -11.26961 -11.26961 -11.26961 -11.26961 -11.26961 -11.26961 -11.26962 -11.26962
 -11.26963 -11.26964 -11.26966 -11.26968
 -11.62038 -11.62038 -11.62038 -11.62038 -11.62038 -11.62039 -11.62039 -11.62039
 -11.62040 -11.62041 -11.62043 -11.62045
 -11.97755 -11.97755 -11.97755 -11.97755 -11.97755 -11.97756 -11.97756 -11.97756
 -11.97757 -11.97758 -11.97759 -11.97761
 -12.33830 -12.33830 -12.33830 -12.33830 -12.33830 -12.33831 -12.33831 -12.33831
 -12.33832 -12.33833 -12.33834 -12.33836
 -12.70106 -12.70106 -12.70106 -12.70107 -12.70107 -12.70107 -12.70107 -12.70107
 -12.70108 -12.70109 -12.70110 -12.70111
 --------------------/ IPRT= 1  / IGRD= 1  /RECOM   / Z1=29   / DATE= 11.01.08
  -9.53142  -9.53142  -9.53142  -9.53142  -9.53142  -9.53142  -9.53142  -9.53142
  -9.53142  -9.53142  -9.54057  -9.57210
  -9.65948  -9.65948  -9.65948  -9.65948  -9.65948  -9.65948  -9.65948  -9.65948
  -9.65948  -9.65948  -9.66841  -9.69928
  -9.79036  -9.79036  -9.79036  -9.79036  -9.79036  -9.79036  -9.79036  -9.79036
  -9.79036  -9.79036  -9.79036  -9.81809
  -9.92543  -9.92543  -9.92543  -9.92543  -9.92543  -9.92543  -9.92543  -9.92543
  -9.92543  -9.92543  -9.92543  -9.94229
 -10.06639 -10.06639 -10.06639 -10.06639 -10.06639 -10.06639 -10.06639 -10.06639
 -10.06639 -10.06639 -10.06639 -10.08201
 -10.21508 -10.21508 -10.21508 -10.21508 -10.21508 -10.21508 -10.21508 -10.21508
 -10.21508 -10.21508 -10.21508 -10.22186
 -10.37330 -10.37330 -10.37330 -10.37330 -10.37330 -10.37330 -10.37330 -10.37330
 -10.37330 -10.37330 -10.37330 -10.37330
 -10.54271 -10.54271 -10.54271 -10.54271 -10.54271 -10.54271 -10.54271 -10.54271
 -10.54271 -10.54271 -10.54271 -10.54271
 -10.72467 -10.72467 -10.72467 -10.72467 -10.72467 -10.72467 -10.72467 -10.72467
 -10.72467 -10.72467 -10.72467 -10.72467
 -10.92023 -10.92023 -10.92023 -10.92023 -10.92023 -10.92023 -10.92023 -10.92023
 -10.92023 -10.92023 -10.92023 -10.92023
 -11.13011 -11.13011 -11.13011 -11.13011 -11.13011 -11.13011 -11.13011 -11.13011
 -11.13011 -11.13011 -11.13011 -11.13011
 -11.35459 -11.35459 -11.35459 -11.35459 -11.35459 -11.35459 -11.35459 -11.35459
 -11.35459 -11.35459 -11.35459 -11.35459
 -11.59356 -11.59356 -11.59356 -11.59356 -11.59356 -11.59356 -11.59356 -11.59356
 -11.59356 -11.59356 -11.59356 -11.59356
 -11.84651 -11.84651 -11.84651 -11.84651 -11.84651 -11.84651 -11.84651 -11.84651
 -11.84651 -11.84651 -11.84651 -11.84651
 -12.11256 -12.11256 -12.11256 -12.11256 -12.11256 -12.11256 -12.11256 -12.11256
 -12.11256 -12.11256 -12.11256 -12.11256
 -12.39058 -12.39058 -12.39058 -12.39058 -12.39058 -12.39058 -12.39058 -12.39058
 -12.39058 -12.39058 -12.39058 -12.39058
 -12.67930 -12.67930 -12.67930 -12.67930 -12.67930 -12.67930 -12.67930 -12.67930
 -12.67930 -12.67930 -12.67930 -12.67930
 -12.97739 -12.97739 -12.97739 -12.97739 -12.97739 -12.97739 -12.97739 -12.97739
 -12.97739 -12.97739 -12.97739 -12.97739
 -13.28358 -13.28358 -13.28358 -13.28358 -13.28358 -13.28358 -13.28358 -13.28358
 -13.28358 -13.28358 -13.28358 -13.28358
 -13.59668 -13.59668 -13.59668 -13.59668 -13.59668 -13.59668 -13.59668 -13.59668
 -13.59668 -13.59668 -13.59668 -13.59668
 --------------------/ IPRT= 1  / IGRD= 1  /RECOM   / Z1=30   / DATE= 11.01.08
  -9.49973  -9.49973  -9.49973  -9.49973  -9.49973  -9.49973  -9.49973  -9.49973
  -9.49973  -9.49973  -9.50886  -9.54031
  -9.62752  -9.62752  -9.62752  -9.62752  -9.62752  -9.62752  -9.62752  -9.62752
  -9.62752  -9.62752  -9.62752  -9.65623
  -9.75797  -9.75797  -9.75797  -9.75797  -9.75797  -9.75797  -9.75797  -9.75797
  -9.75797  -9.75797  -9.75797  -9.78571
  -9.89242  -9.89242  -9.89242  -9.89242  -9.89242  -9.89242  -9.89242  -9.89242
  -9.89242  -9.89242  -9.89242  -9.90932
 -10.03251 -10.03251 -10.03251 -10.03251 -10.03251 -10.03251 -10.03251 -10.03251
 -10.03251 -10.03251 -10.03251 -10.04006
 -10.18008 -10.18008 -10.18008 -10.18008 -10.18008 -10.18008 -10.18008 -10.18008
 -10.18008 -10.18008 -10.18008 -10.18008
 -10.33695 -10.33695 -10.33695 -10.33695 -10.33695 -10.33695 -10.33695 -10.33695
 -10.33695 -10.33695 -10.33695 -10.33695
 -10.50476 -10.50476 -10.50476 -10.50476 -10.50476 -10.50476 -10.50476 -10.50476
 -10.50476 -10.50476 -10.50476 -10.50476
 -10.68493 -10.68493 -10.68493 -10.68493 -10.68493 -10.68493 -10.68493 -10.68493
 -10.68493 -10.68493 -10.68493 -10.68493
 -10.87855 -10.87855 -10.87855 -10.87855 -10.87855 -10.87855 -10.87855 -10.87855
 -10.87855 -10.87855 -10.87855 -10.87855
 -11.08638 -11.08638 -11.08638 -11.08638 -11.08638 -11.08638 -11.08638 -11.08638
 -11.08638 -11.08638 -11.08638 -11.08638
 -11.30878 -11.30878 -11.30878 -11.30878 -11.30878 -11.30878 -11.30878 -11.30878
 -11.30878 -11.30878 -11.30878 -11.30878
 -11.54571 -11.54571 -11.54571 -11.54571 -11.54571 -11.54571 -11.54571 -11.54571
 -11.54571 -11.54571 -11.54571 -11.54571
 -11.79672 -11.79672 -11.79672 -11.79672 -11.79672 -11.79672 -11.79672 -11.79672
 -11.79672 -11.79672 -11.79672 -11.79672
 -12.06099 -12.06099 -12.06099 -12.06099 -12.06099 -12.06099 -12.06099 -12.06099
 -12.06099 -12.06099 -12.06099 -12.06099
 -12.33742 -12.33742 -12.33742 -12.33742 -12.33742 -12.33742 -12.33742 -12.33742
 -12.33742 -12.33742 -12.33742 -12.33742
 -12.62474 -12.62474 -12.62474 -12.62474 -12.62474 -12.62474 -12.62474 -12.62474
 -12.62474 -12.62474 -12.62474 -12.62474
 -12.92163 -12.92163 -12.92163 -12.92163 -12.92163 -12.92163 -12.92163 -12.92163
 -12.92163 -12.92163 -12.92163 -12.92163
 -13.22680 -13.22680 -13.22680 -13.22680 -13.22680 -13.22680 -13.22680 -13.22680
 -13.22680 -13.22680 -13.22680 -13.22680
 -13.53904 -13.53904 -13.53904 -13.53904 -13.53904 -13.53904 -13.53904 -13.53904
 -13.53904 -13.53904 -13.53904 -13.53904
 --------------------/ IPRT= 1  / IGRD= 1  /RECOM   / Z1=31   / DATE= 11.01.08
  -9.46905  -9.46905  -9.46905  -9.46905  -9.46905  -9.46905  -9.46905  -9.46905
  -9.46905  -9.46905  -9.46905  -9.50953
  -9.59659  -9.59659  -9.59659  -9.59659  -9.59659  -9.59659  -9.59659  -9.59659
  -9.59659  -9.59659  -9.59659  -9.62526
  -9.72664  -9.72664  -9.72664  -9.72664  -9.72664  -9.72664  -9.72664  -9.72664
  -9.72664  -9.72664  -9.72664  -9.74447
  -9.86051  -9.86051  -9.86051  -9.86051  -9.86051  -9.86051  -9.86051  -9.86051
  -9.86051  -9.86051  -9.86051  -9.86868
  -9.99979  -9.99979  -9.99979  -9.99979  -9.99979  -9.99979  -9.99979  -9.99979
  -9.99979  -9.99979  -9.99979 -10.00738
 -10.14163 -10.14163 -10.14163 -10.14163 -10.14163 -10.14163 -10.14163 -10.14163
 -10.14163 -10.14163 -10.14163 -10.14163
 -10.22565 -10.22565 -10.22565 -10.22565 -10.22565 -10.22565 -10.22565 -10.22565
 -10.22565 -10.22565 -10.22566 -10.22566
 -10.21175 -10.21175 -10.21175 -10.21175 -10.21175 -10.21175 -10.21175 -10.21176
 -10.21176 -10.21177 -10.21178 -10.21179
 -10.24559 -10.24559 -10.24559 -10.24559 -10.24559 -10.24559 -10.24560 -10.24560
 -10.24561 -10.24561 -10.24563 -10.24564
 -10.38373 -10.38373 -10.38373 -10.38373 -10.38373 -10.38373 -10.38374 -10.38374
 -10.38375 -10.38375 -10.38377 -10.38378
 -10.59942 -10.59942 -10.59942 -10.59943 -10.59943 -10.59943 -10.59943 -10.59944
 -10.59944 -10.59945 -10.59946 -10.59948
 -10.86082 -10.86082 -10.86082 -10.86082 -10.86082 -10.86082 -10.86083 -10.86083
 -10.86083 -10.86084 -10.86085 -10.86086
 -11.14691 -11.14691 -11.14691 -11.14691 -11.14691 -11.14692 -11.14692 -11.14692
 -11.14692 -11.14693 -11.14694 -11.14695
 -11.44613 -11.44613 -11.44613 -11.44614 -11.44614 -11.44614 -11.44614 -11.44614
 -11.44614 -11.44615 -11.44616 -11.44617
 -11.75289 -11.75289 -11.75289 -11.75289 -11.75289 -11.75289 -11.75289 -11.75289
 -11.75289 -11.75290 -11.75290 -11.75291
 -12.06480 -12.06480 -12.06480 -12.06480 -12.06480 -12.06480 -12.06480 -12.06480
 -12.06481 -12.06481 -12.06481 -12.06482
 -12.38099 -12.38099 -12.38100 -12.38100 -12.38100 -12.38100 -12.38100 -12.38100
 -12.38100 -12.38100 -12.38101 -12.38101
 -12.70115 -12.70115 -12.70115 -12.70115 -12.70115 -12.70115 -12.70115 -12.70115
 -12.70115 -12.70116 -12.70116 -12.70116
 -13.02506 -13.02506 -13.02506 -13.02506 -13.02506 -13.02506 -13.02506 -13.02506
 -13.02506 -13.02507 -13.02507 -13.02507
 -13.35251 -13.35251 -13.35251 -13.35251 -13.35251 -13.35251 -13.35251 -13.35251
 -13.35251 -13.35251 -13.35251 -13.35252
 --------------------/ IPRT= 1  / IGRD= 1  /RECOM   / Z1=32   / DATE= 11.01.08
  -9.43932  -9.43932  -9.43932  -9.43932  -9.43932  -9.43932  -9.43932  -9.43932
  -9.43932  -9.43932  -9.43932  -9.46851
  -9.56663  -9.56663  -9.56663  -9.56663  -9.56663  -9.56663  -9.56663  -9.56663
  -9.56663  -9.56663  -9.56663  -9.58504
  -9.69632  -9.69632  -9.69632  -9.69632  -9.69632  -9.69632  -9.69632  -9.69632
  -9.69632  -9.69632  -9.69632  -9.71415
  -9.82965  -9.82965  -9.82965  -9.82965  -9.82965  -9.82965  -9.82965  -9.82965
  -9.82965  -9.82965  -9.82965  -9.83784
  -9.96817  -9.96817  -9.96817  -9.96817  -9.96817  -9.96817  -9.96817  -9.96817
  -9.96817  -9.96817  -9.96817  -9.96817
 -10.10746 -10.10746 -10.10746 -10.10746 -10.10746 -10.10746 -10.10746 -10.10746
 -10.10746 -10.10746 -10.10746 -10.10746
 -10.16932 -10.16932 -10.16932 -10.16932 -10.16932 -10.16932 -10.16932 -10.16932
 -10.16932 -10.16933 -10.16933 -10.16934
 -10.11796 -10.11796 -10.11796 -10.11796 -10.11796 -10.11796 -10.11796 -10.11797
 -10.11797 -10.11798 -10.11799 -10.11800
 -10.13270 -10.13270 -10.13270 -10.13270 -10.13271 -10.13271 -10.13271 -10.13271
 -10.13272 -10.13273 -10.13274 -10.13276
 -10.26520 -10.26520 -10.26520 -10.26520 -10.26520 -10.26521 -10.26521 -10.26521
 -10.26522 -10.26523 -10.26524 -10.26526
 -10.48134 -10.48134 -10.48134 -10.48134 -10.48134 -10.48134 -10.48135 -10.48135
 -10.48136 -10.48136 -10.48137 -10.48139
 -10.74610 -10.74610 -10.74610 -10.74610 -10.74610 -10.74610 -10.74610 -10.74611
 -10.74611 -10.74612 -10.74613 -10.74614
 -11.03694 -11.03694 -11.03695 -11.03695 -11.03695 -11.03695 -11.03695 -11.03695
 -11.03696 -11.03696 -11.03697 -11.03698
 -11.34137 -11.34137 -11.34137 -11.34137 -11.34137 -11.34137 -11.34137 -11.34137
 -11.34138 -11.34138 -11.34139 -11.34140
 -11.65317 -11.65317 -11.65317 -11.65317 -11.65317 -11.65317 -11.65317 -11.65317
 -11.65317 -11.65318 -11.65318 -11.65319
 -11.96964 -11.96964 -11.96964 -11.96964 -11.96964 -11.96964 -11.96965 -11.96965
 -11.96965 -11.96965 -11.96966 -11.96966
 -12.28979 -12.28979 -12.28979 -12.28979 -12.28979 -12.28979 -12.28979 -12.28980
 -12.28980 -12.28980 -12.28980 -12.28981
 -12.61329 -12.61329 -12.61329 -12.61329 -12.61329 -12.61329 -12.61329 -12.61329
 -12.61329 -12.61330 -12.61330 -12.61330
 -12.94000 -12.94000 -12.94000 -12.94000 -12.94000 -12.94000 -12.94000 -12.94000
 -12.94000 -12.94000 -12.94001 -12.94001
 -13.26978 -13.26978 -13.26978 -13.26978 -13.26978 -13.26978 -13.26978 -13.26978
 -13.26978 -13.26979 -13.26979 -13.26979
 --------------------/ IPRT= 1  / IGRD= 1  /RECOM   / Z1=33   / DATE= 11.01.08
  -9.41047  -9.41047  -9.41047  -9.41047  -9.41047  -9.41047  -9.41047  -9.41047
  -9.41047  -9.41047  -9.41047  -9.43959
  -9.53757  -9.53757  -9.53757  -9.53757  -9.53757  -9.53757  -9.53757  -9.53757
  -9.53757  -9.53757  -9.53757  -9.55595
  -9.66693  -9.66693  -9.66693  -9.66693  -9.66693  -9.66693  -9.66693  -9.66693
  -9.66693  -9.66693  -9.66693  -9.67554
  -9.79976  -9.79976  -9.79976  -9.79976  -9.79976  -9.79976  -9.79976  -9.79976
  -9.79976  -9.79976  -9.79976  -9.79976
  -9.93757  -9.93757  -9.93757  -9.93757  -9.93757  -9.93757  -9.93757  -9.93757
  -9.93757  -9.93757  -9.93757  -9.93757
 -10.07386 -10.07386 -10.07386 -10.07386 -10.07386 -10.07386 -10.07386 -10.07386
 -10.07386 -10.07386 -10.07386 -10.07386
 -10.09457 -10.09457 -10.09457 -10.09457 -10.09457 -10.09457 -10.09457 -10.09457
 -10.09458 -10.09458 -10.09459 -10.09459
  -9.96676  -9.96676  -9.96676  -9.96676  -9.96676  -9.96676  -9.96676  -9.96677
  -9.96677  -9.96678  -9.96679  -9.96681
  -9.93935  -9.93935  -9.93935  -9.93935  -9.93935  -9.93936  -9.93936  -9.93936
  -9.93937  -9.93938  -9.93939  -9.93941
 -10.05582 -10.05582 -10.05582 -10.05582 -10.05583 -10.05583 -10.05583 -10.05584
 -10.05584 -10.05585 -10.05586 -10.05588
 -10.26900 -10.26900 -10.26900 -10.26900 -10.26901 -10.26901 -10.26901 -10.26901
 -10.26902 -10.26903 -10.26904 -10.26905
 -10.53796 -10.53796 -10.53796 -10.53796 -10.53796 -10.53796 -10.53797 -10.53797
 -10.53797 -10.53798 -10.53799 -10.53800
 -10.83708 -10.83708 -10.83708 -10.83709 -10.83709 -10.83709 -10.83709 -10.83709
 -10.83710 -10.83710 -10.83711 -10.83712
 -11.15188 -11.15188 -11.15188 -11.15188 -11.15188 -11.15188 -11.15188 -11.15188
 -11.15189 -11.15189 -11.15190 -11.15191
 -11.47472 -11.47472 -11.47472 -11.47472 -11.47472 -11.47472 -11.47472 -11.47473
 -11.47473 -11.47473 -11.47474 -11.47475
 -11.80197 -11.80197 -11.80197 -11.80197 -11.80197 -11.80197 -11.80197 -11.80197
 -11.80198 -11.80198 -11.80199 -11.80199
 -12.13207 -12.13207 -12.13207 -12.13207 -12.13207 -12.13207 -12.13208 -12.13208
 -12.13208 -12.13208 -12.13209 -12.13209
 -12.46447 -12.46447 -12.46447 -12.46447 -12.46447 -12.46447 -12.46447 -12.46447
 -12.46447 -12.46447 -12.46448 -12.46448
 -12.79898 -12.79898 -12.79898 -12.79898 -12.79898 -12.79898 -12.79898 -12.79898
 -12.79898 -12.79898 -12.79899 -12.79899
 -13.13554 -13.13554 -13.13554 -13.13554 -13.13554 -13.13554 -13.13554 -13.13555
 -13.13555 -13.13555 -13.13555 -13.13556
 --------------------/ IPRT= 1  / IGRD= 1  /RECOM   / Z1=34   / DATE= 11.01.08
  -9.38246  -9.38246  -9.38246  -9.38246  -9.38246  -9.38246  -9.38246  -9.38246
  -9.38246  -9.38246  -9.38246  -9.40116
  -9.50936  -9.50936  -9.50936  -9.50936  -9.50936  -9.50936  -9.50936  -9.50936
  -9.50936  -9.50936  -9.50936  -9.51823
  -9.63841  -9.63841  -9.63841  -9.63841  -9.63841  -9.63841  -9.63841  -9.63841
  -9.63841  -9.63841  -9.63841  -9.64702
  -9.77078  -9.77078  -9.77078  -9.77078  -9.77078  -9.77078  -9.77078  -9.77078
  -9.77078  -9.77078  -9.77078  -9.77078
  -9.90789  -9.90789  -9.90789  -9.90789  -9.90789  -9.90789  -9.90789  -9.90789
  -9.90789  -9.90789  -9.90789  -9.90789
 -10.03688 -10.03688 -10.03688 -10.03688 -10.03688 -10.03688 -10.03688 -10.03688
 -10.03688 -10.03688 -10.03688 -10.03688
 -10.00667 -10.00667 -10.00667 -10.00667 -10.00668 -10.00668 -10.00668 -10.00668
 -10.00668 -10.00669 -10.00669 -10.00670
  -9.84600  -9.84600  -9.84600  -9.84600  -9.84600  -9.84600  -9.84600  -9.84601
  -9.84601  -9.84602  -9.84603  -9.84605
  -9.82083  -9.82083  -9.82083  -9.82083  -9.82083  -9.82083  -9.82083  -9.82084
  -9.82084  -9.82085  -9.82086  -9.82088
  -9.94492  -9.94492  -9.94492  -9.94492  -9.94493  -9.94493  -9.94493  -9.94493
  -9.94494  -9.94495  -9.94496  -9.94497
 -10.16462 -10.16462 -10.16462 -10.16462 -10.16462 -10.16462 -10.16463 -10.16463
 -10.16463 -10.16464 -10.16465 -10.16467
 -10.43872 -10.43872 -10.43872 -10.43872 -10.43872 -10.43872 -10.43873 -10.43873
 -10.43873 -10.43874 -10.43875 -10.43876
 -10.74210 -10.74210 -10.74210 -10.74210 -10.74210 -10.74211 -10.74211 -10.74211
 -10.74211 -10.74212 -10.74213 -10.74214
 -11.06059 -11.06059 -11.06059 -11.06059 -11.06060 -11.06060 -11.06060 -11.06060
 -11.06060 -11.06061 -11.06062 -11.06063
 -11.38672 -11.38672 -11.38673 -11.38673 -11.38673 -11.38673 -11.38673 -11.38673
 -11.38673 -11.38674 -11.38674 -11.38675
 -11.71690 -11.71690 -11.71690 -11.71690 -11.71690 -11.71690 -11.71690 -11.71690
 -11.71690 -11.71691 -11.71691 -11.71692
 -12.04957 -12.04957 -12.04957 -12.04957 -12.04957 -12.04957 -12.04957 -12.04958
 -12.04958 -12.04958 -12.04959 -12.04959
 -12.38421 -12.38421 -12.38421 -12.38421 -12.38421 -12.38421 -12.38421 -12.38421
 -12.38421 -12.38422 -12.38422 -12.38423
 -12.72066 -12.72066 -12.72066 -12.72066 -12.72066 -12.72066 -12.72066 -12.72067
 -12.72067 -12.72067 -12.72067 -12.72068
 -13.05891 -13.05891 -13.05891 -13.05891 -13.05891 -13.05891 -13.05891 -13.05891
 -13.05891 -13.05891 -13.05892 -13.05892
 --------------------/ IPRT= 1  / IGRD= 1  /RECOM   / Z1=35   / DATE= 11.01.08
  -9.35523  -9.35523  -9.35523  -9.35523  -9.35523  -9.35523  -9.35523  -9.35523
  -9.35523  -9.35523  -9.35523  -9.37387
  -9.48195  -9.48195  -9.48195  -9.48195  -9.48195  -9.48195  -9.48195  -9.48195
  -9.48195  -9.48195  -9.48195  -9.49080
  -9.61072  -9.61072  -9.61072  -9.61072  -9.61072  -9.61072  -9.61072  -9.61072
  -9.61072  -9.61072  -9.61072  -9.61072
  -9.74265  -9.74265  -9.74265  -9.74265  -9.74265  -9.74265  -9.74265  -9.74265
  -9.74265  -9.74265  -9.74265  -9.74265
  -9.87922  -9.87922  -9.87922  -9.87922  -9.87922  -9.87922  -9.87922  -9.87922
  -9.87922  -9.87922  -9.87922  -9.87922
 -10.02213 -10.02213 -10.02213 -10.02213 -10.02213 -10.02213 -10.02213 -10.02213
 -10.02213 -10.02213 -10.02213 -10.02213
 -10.17320 -10.17320 -10.17320 -10.17320 -10.17320 -10.17320 -10.17320 -10.17320
 -10.17320 -10.17320 -10.17320 -10.17320
 -10.33415 -10.33415 -10.33415 -10.33415 -10.33415 -10.33415 -10.33415 -10.33415
 -10.33415 -10.33415 -10.33415 -10.33415
 -10.50651 -10.50651 -10.50651 -10.50651 -10.50651 -10.50651 -10.50651 -10.50651
 -10.50651 -10.50651 -10.50651 -10.50651
 -10.69153 -10.69153 -10.69153 -10.69153 -10.69153 -10.69153 -10.69153 -10.69153
 -10.69153 -10.69153 -10.69153 -10.69153
 -10.89021 -10.89021 -10.89021 -10.89021 -10.89021 -10.89021 -10.89021 -10.89021
 -10.89021 -10.89021 -10.89021 -10.89021
 -11.10320 -11.10320 -11.10320 -11.10320 -11.10320 -11.10320 -11.10320 -11.10320
 -11.10320 -11.10320 -11.10320 -11.10320
 -11.33079 -11.33079 -11.33079 -11.33079 -11.33079 -11.33079 -11.33079 -11.33079
 -11.33079 -11.33079 -11.33079 -11.33079
 -11.57284 -11.57284 -11.57284 -11.57284 -11.57284 -11.57284 -11.57284 -11.57284
 -11.57284 -11.57284 -11.57284 -11.57284
 -11.82879 -11.82879 -11.82879 -11.82879 -11.82879 -11.82879 -11.82879 -11.82879
 -11.82879 -11.82879 -11.82879 -11.82879
 -12.09774 -12.09774 -12.09774 -12.09774 -12.09774 -12.09774 -12.09774 -12.09774
 -12.09774 -12.09774 -12.09774 -12.09774
 -12.37847 -12.37847 -12.37847 -12.37847 -12.37847 -12.37847 -12.37847 -12.37847
 -12.37847 -12.37847 -12.37847 -12.37847
 -12.66967 -12.66967 -12.66967 -12.66967 -12.66967 -12.66967 -12.66967 -12.66967
 -12.66967 -12.66967 -12.66967 -12.66967
 -12.96998 -12.96998 -12.96998 -12.96998 -12.96998 -12.96998 -12.96998 -12.96998
 -12.96998 -12.96998 -12.96998 -12.96998
 -13.27812 -13.27812 -13.27812 -13.27812 -13.27812 -13.27812 -13.27812 -13.27812
 -13.27812 -13.27812 -13.27812 -13.27812
 --------------------/ IPRT= 1  / IGRD= 1  /RECOM   / Z1=36   / DATE= 11.01.08
  -9.32874  -9.32874  -9.32874  -9.32874  -9.32874  -9.32874  -9.32874  -9.32874
  -9.32874  -9.32874  -9.32874  -9.33773
  -9.45529  -9.45529  -9.45529  -9.45529  -9.45529  -9.45529  -9.45529  -9.45529
  -9.45529  -9.45529  -9.45529  -9.45529
  -9.58379  -9.58379  -9.58379  -9.58379  -9.58379  -9.58379  -9.58379  -9.58379
  -9.58379  -9.58379  -9.58379  -9.58379
  -9.71533  -9.71533  -9.71533  -9.71533  -9.71533  -9.71533  -9.71533  -9.71533
  -9.71533  -9.71533  -9.71533  -9.71533
  -9.85129  -9.85129  -9.85129  -9.85129  -9.85129  -9.85129  -9.85129  -9.85129
  -9.85129  -9.85129  -9.85129  -9.85129
  -9.97903  -9.97903  -9.97903  -9.97903  -9.97903  -9.97903  -9.97903  -9.97903
  -9.97903  -9.97903  -9.97903  -9.97903
  -9.83017  -9.83017  -9.83017  -9.83017  -9.83017  -9.83017  -9.83017  -9.83017
  -9.83018  -9.83018  -9.83019  -9.83020
  -9.45277  -9.45277  -9.45277  -9.45277  -9.45277  -9.45277  -9.45277  -9.45278
  -9.45278  -9.45279  -9.45280  -9.45282
  -9.30939  -9.30939  -9.30939  -9.30939  -9.30939  -9.30939  -9.30940  -9.30940
  -9.30941  -9.30941  -9.30942  -9.30944
  -9.37679  -9.37679  -9.37679  -9.37679  -9.37679  -9.37679  -9.37679  -9.37680
  -9.37680  -9.37681  -9.37682  -9.37683
  -9.57190  -9.57190  -9.57190  -9.57190  -9.57190  -9.57190  -9.57190  -9.57191
  -9.57191  -9.57192  -9.57193  -9.57194
  -9.83995  -9.83995  -9.83995  -9.83995  -9.83995  -9.83996  -9.83996  -9.83996
  -9.83996  -9.83997  -9.83998  -9.83999
 -10.14877 -10.14877 -10.14878 -10.14878 -10.14878 -10.14878 -10.14878 -10.14878
 -10.14879 -10.14879 -10.14880 -10.14881
 -10.47997 -10.47997 -10.47997 -10.47998 -10.47998 -10.47998 -10.47998 -10.47998
 -10.47999 -10.47999 -10.48000 -10.48001
 -10.82322 -10.82322 -10.82322 -10.82322 -10.82322 -10.82322 -10.82322 -10.82323
 -10.82323 -10.82323 -10.82324 -10.82325
 -11.17283 -11.17283 -11.17283 -11.17283 -11.17283 -11.17283 -11.17283 -11.17283
 -11.17283 -11.17284 -11.17284 -11.17285
 -11.52576 -11.52576 -11.52576 -11.52576 -11.52576 -11.52576 -11.52576 -11.52576
 -11.52577 -11.52577 -11.52577 -11.52578
 -11.88045 -11.88045 -11.88045 -11.88045 -11.88045 -11.88045 -11.88046 -11.88046
 -11.88046 -11.88046 -11.88047 -11.88047
 -12.23614 -12.23614 -12.23614 -12.23614 -12.23614 -12.23614 -12.23614 -12.23615
 -12.23615 -12.23615 -12.23615 -12.23616
 -12.59246 -12.59246 -12.59246 -12.59246 -12.59246 -12.59246 -12.59246 -12.59247
 -12.59247 -12.59247 -12.59247 -12.59248
 --------------------/ IPRT= 1  / IGRD= 1  /RECOM   / Z1=37   / DATE= 11.01.08
  -9.30294  -9.30294  -9.30294  -9.30294  -9.30294  -9.30294  -9.30294  -9.30294
  -9.30294  -9.30294  -9.30294  -9.31191
  -9.42934  -9.42934  -9.42934  -9.42934  -9.42934  -9.42934  -9.42934  -9.42934
  -9.42934  -9.42934  -9.42934  -9.42934
  -9.55760  -9.55760  -9.55760  -9.55760  -9.55760  -9.55760  -9.55760  -9.55760
  -9.55760  -9.55760  -9.55760  -9.55760
  -9.68875  -9.68875  -9.68875  -9.68875  -9.68875  -9.68875  -9.68875  -9.68875
  -9.68875  -9.68875  -9.68875  -9.68875
  -9.82420  -9.82420  -9.82420  -9.82420  -9.82420  -9.82420  -9.82420  -9.82420
  -9.82420  -9.82420  -9.82420  -9.82420
  -9.96560  -9.96560  -9.96560  -9.96560  -9.96560  -9.96560  -9.96560  -9.96560
  -9.96560  -9.96560  -9.96560  -9.96560
 -10.11475 -10.11475 -10.11475 -10.11475 -10.11475 -10.11475 -10.11475 -10.11475
 -10.11475 -10.11475 -10.11475 -10.11475
 -10.27230 -10.27230 -10.27230 -10.27230 -10.27230 -10.27230 -10.27230 -10.27230
 -10.27230 -10.27230 -10.27230 -10.27230
 -10.37878 -10.37878 -10.37878 -10.37878 -10.37878 -10.37878 -10.37878 -10.37878
 -10.37878 -10.37878 -10.37878 -10.37878
 -10.22537 -10.22537 -10.22537 -10.22537 -10.22538 -10.22538 -10.22538 -10.22538
 -10.22538 -10.22539 -10.22539 -10.22540
 -10.05291 -10.05291 -10.05291 -10.05291 -10.05291 -10.05291 -10.05291 -10.05291
 -10.05292 -10.05292 -10.05293 -10.05294
 -10.05746 -10.05746 -10.05746 -10.05746 -10.05746 -10.05747 -10.05747 -10.05747
 -10.05747 -10.05748 -10.05749 -10.05750
 -10.20581 -10.20581 -10.20581 -10.20581 -10.20581 -10.20581 -10.20581 -10.20581
 -10.20582 -10.20582 -10.20583 -10.20584
 -10.44430 -10.44430 -10.44430 -10.44431 -10.44431 -10.44431 -10.44431 -10.44431
 -10.44431 -10.44432 -10.44432 -10.44433
 -10.73569 -10.73569 -10.73569 -10.73569 -10.73570 -10.73570 -10.73570 -10.73570
 -10.73570 -10.73571 -10.73571 -10.73572
 -11.05723 -11.05723 -11.05723 -11.05724 -11.05724 -11.05724 -11.05724 -11.05724
 -11.05724 -11.05725 -11.05725 -11.05726
 -11.39569 -11.39569 -11.39569 -11.39569 -11.39569 -11.39569 -11.39569 -11.39569
 -11.39570 -11.39570 -11.39570 -11.39571
 -11.74355 -11.74355 -11.74356 -11.74356 -11.74356 -11.74356 -11.74356 -11.74356
 -11.74356 -11.74356 -11.74357 -11.74358
 -12.09666 -12.09666 -12.09666 -12.09666 -12.09666 -12.09666 -12.09666 -12.09666
 -12.09666 -12.09667 -12.09667 -12.09668
 -12.45271 -12.45271 -12.45271 -12.45271 -12.45271 -12.45271 -12.45271 -12.45271
 -12.45271 -12.45271 -12.45272 -12.45272
 --------------------/ IPRT= 1  / IGRD= 1  /RECOM   / Z1=38   / DATE= 11.01.08
  -9.27780  -9.27780  -9.27780  -9.27780  -9.27780  -9.27780  -9.27780  -9.27780
  -9.27780  -9.27780  -9.27780  -9.27780
  -9.40406  -9.40406  -9.40406  -9.40406  -9.40406  -9.40406  -9.40406  -9.40406
  -9.40406  -9.40406  -9.40406  -9.40406
  -9.53209  -9.53209  -9.53209  -9.53209  -9.53209  -9.53209  -9.53209  -9.53209
  -9.53209  -9.53209  -9.53209  -9.53209
  -9.66289  -9.66289  -9.66289  -9.66289  -9.66289  -9.66289  -9.66289  -9.66289
  -9.66289  -9.66289  -9.66289  -9.66289
  -9.79783  -9.79783  -9.79783  -9.79783  -9.79783  -9.79783  -9.79783  -9.79783
  -9.79783  -9.79783  -9.79783  -9.79783
  -9.93854  -9.93854  -9.93854  -9.93854  -9.93854  -9.93854  -9.93854  -9.93854
  -9.93854  -9.93854  -9.93854  -9.93854
 -10.08679 -10.08679 -10.08679 -10.08679 -10.08679 -10.08679 -10.08679 -10.08679
 -10.08679 -10.08679 -10.08679 -10.08679
 -10.24434 -10.24434 -10.24434 -10.24434 -10.24434 -10.24434 -10.24434 -10.24434
 -10.24434 -10.24434 -10.24434 -10.24434
 -10.41276 -10.41276 -10.41276 -10.41276 -10.41276 -10.41276 -10.41276 -10.41276
 -10.41276 -10.41276 -10.41276 -10.41276
 -10.59140 -10.59140 -10.59140 -10.59140 -10.59140 -10.59140 -10.59140 -10.59140
 -10.59140 -10.59140 -10.59140 -10.59140
 -10.71856 -10.71856 -10.71856 -10.71856 -10.71856 -10.71856 -10.71856 -10.71857
 -10.71857 -10.71857 -10.71857 -10.71857
 -10.65660 -10.65660 -10.65661 -10.65661 -10.65661 -10.65661 -10.65661 -10.65661
 -10.65661 -10.65661 -10.65662 -10.65662
 -10.59984 -10.59984 -10.59984 -10.59984 -10.59984 -10.59984 -10.59984 -10.59984
 -10.59985 -10.59985 -10.59986 -10.59986
 -10.68194 -10.68194 -10.68194 -10.68194 -10.68195 -10.68195 -10.68195 -10.68195
 -10.68195 -10.68196 -10.68196 -10.68197
 -10.87650 -10.87650 -10.87650 -10.87650 -10.87650 -10.87650 -10.87650 -10.87650
 -10.87651 -10.87651 -10.87651 -10.87652
 -11.14120 -11.14120 -11.14120 -11.14120 -11.14120 -11.14120 -11.14120 -11.14120
 -11.14120 -11.14121 -11.14121 -11.14122
 -11.44675 -11.44675 -11.44676 -11.44676 -11.44676 -11.44676 -11.44676 -11.44676
 -11.44676 -11.44676 -11.44677 -11.44677
 -11.77551 -11.77551 -11.77551 -11.77551 -11.77551 -11.77551 -11.77551 -11.77551
 -11.77551 -11.77552 -11.77552 -11.77553
 -12.11730 -12.11730 -12.11730 -12.11730 -12.11730 -12.11730 -12.11730 -12.11730
 -12.11730 -12.11730 -12.11731 -12.11731
 -12.46641 -12.46641 -12.46641 -12.46641 -12.46641 -12.46641 -12.46641 -12.46641
 -12.46641 -12.46641 -12.46642 -12.46642
 --------------------/ IPRT= 1  / IGRD= 1  /RECOM   / Z1=39   / DATE= 11.01.08
  -9.25329  -9.25329  -9.25329  -9.25329  -9.25329  -9.25329  -9.25329  -9.25329
  -9.25329  -9.25329  -9.25329  -9.25329
  -9.37941  -9.37941  -9.37941  -9.37941  -9.37941  -9.37941  -9.37941  -9.37941
  -9.37941  -9.37941  -9.37941  -9.37941
  -9.50722  -9.50722  -9.50722  -9.50722  -9.50722  -9.50722  -9.50722  -9.50722
  -9.50722  -9.50722  -9.50722  -9.50722
  -9.63769  -9.63769  -9.63769  -9.63769  -9.63769  -9.63769  -9.63769  -9.63769
  -9.63769  -9.63769  -9.63769  -9.63769
  -9.77214  -9.77214  -9.77214  -9.77214  -9.77214  -9.77214  -9.77214  -9.77214
  -9.77214  -9.77214  -9.77214  -9.77214
  -9.91217  -9.91217  -9.91217  -9.91217  -9.91217  -9.91217  -9.91217  -9.91217
  -9.91217  -9.91217  -9.91217  -9.91217
 -10.05954 -10.05954 -10.05954 -10.05954 -10.05954 -10.05954 -10.05954 -10.05954
 -10.05954 -10.05954 -10.05954 -10.05954
 -10.21588 -10.21588 -10.21588 -10.21588 -10.21588 -10.21588 -10.21588 -10.21588
 -10.21588 -10.21588 -10.21588 -10.21588
 -10.37280 -10.37280 -10.37280 -10.37280 -10.37280 -10.37280 -10.37280 -10.37280
 -10.37280 -10.37280 -10.37280 -10.37280
 -10.43366 -10.43366 -10.43366 -10.43366 -10.43366 -10.43366 -10.43366 -10.43367
 -10.43367 -10.43367 -10.43367 -10.43367
 -10.20510 -10.20510 -10.20510 -10.20510 -10.20510 -10.20510 -10.20511 -10.20511
 -10.20511 -10.20511 -10.20512 -10.20513
  -9.94330  -9.94330  -9.94330  -9.94330  -9.94330  -9.94330  -9.94330  -9.94331
  -9.94331  -9.94331  -9.94332  -9.94333
  -9.89089  -9.89089  -9.89089  -9.89089  -9.89089  -9.89089  -9.89089  -9.89089
  -9.89090  -9.89090  -9.89091  -9.89092
 -10.00986 -10.00986 -10.00986 -10.00986 -10.00986 -10.00986 -10.00986 -10.00986
 -10.00987 -10.00987 -10.00988 -10.00988
 -10.23468 -10.23468 -10.23468 -10.23469 -10.23469 -10.23469 -10.23469 -10.23469
 -10.23469 -10.23470 -10.23470 -10.23471
 -10.52109 -10.52109 -10.52109 -10.52109 -10.52109 -10.52109 -10.52109 -10.52109
 -10.52109 -10.52110 -10.52110 -10.52111
 -10.84262 -10.84262 -10.84262 -10.84262 -10.84262 -10.84262 -10.84262 -10.84262
 -10.84262 -10.84263 -10.84263 -10.84264
 -11.18401 -11.18401 -11.18401 -11.18401 -11.18401 -11.18401 -11.18401 -11.18402
 -11.18402 -11.18402 -11.18402 -11.18403
 -11.53659 -11.53659 -11.53659 -11.53659 -11.53659 -11.53659 -11.53659 -11.53659
 -11.53659 -11.53660 -11.53660 -11.53661
 -11.89545 -11.89545 -11.89545 -11.89545 -11.89545 -11.89545 -11.89545 -11.89545
 -11.89545 -11.89545 -11.89546 -11.89546
 --------------------/ IPRT= 1  / IGRD= 1  /RECOM   / Z1=40   / DATE= 11.01.08
  -9.22937  -9.22937  -9.22937  -9.22937  -9.22937  -9.22937  -9.22937  -9.22937
  -9.22937  -9.22937  -9.22937  -9.22937
  -9.35537  -9.35537  -9.35537  -9.35537  -9.35537  -9.35537  -9.35537  -9.35537
  -9.35537  -9.35537  -9.35537  -9.35537
  -9.48298  -9.48298  -9.48298  -9.48298  -9.48298  -9.48298  -9.48298  -9.48298
  -9.48298  -9.48298  -9.48298  -9.48298
  -9.61314  -9.61314  -9.61314  -9.61314  -9.61314  -9.61314  -9.61314  -9.61314
  -9.61314  -9.61314  -9.61314  -9.61314
  -9.74714  -9.74714  -9.74714  -9.74714  -9.74714  -9.74714  -9.74714  -9.74714
  -9.74714  -9.74714  -9.74714  -9.74714
  -9.88654  -9.88654  -9.88654  -9.88654  -9.88654  -9.88654  -9.88654  -9.88654
  -9.88654  -9.88654  -9.88654  -9.88654
 -10.03310 -10.03310 -10.03310 -10.03310 -10.03310 -10.03310 -10.03310 -10.03310
 -10.03310 -10.03310 -10.03310 -10.03310
 -10.18801 -10.18801 -10.18801 -10.18801 -10.18801 -10.18801 -10.18801 -10.18801
 -10.18801 -10.18801 -10.18801 -10.18801
 -10.31516 -10.31516 -10.31516 -10.31516 -10.31516 -10.31516 -10.31516 -10.31516
 -10.31516 -10.31516 -10.31516 -10.31516
 -10.23173 -10.23173 -10.23173 -10.23173 -10.23173 -10.23173 -10.23174 -10.23174
 -10.23174 -10.23174 -10.23174 -10.23175
  -9.98148  -9.98148  -9.98148  -9.98148  -9.98148  -9.98149  -9.98149  -9.98149
  -9.98149  -9.98150  -9.98150  -9.98151
  -9.79341  -9.79341  -9.79341  -9.79341  -9.79341  -9.79341  -9.79341  -9.79342
  -9.79342  -9.79342  -9.79343  -9.79344
  -9.78094  -9.78094  -9.78094  -9.78095  -9.78095  -9.78095  -9.78095  -9.78095
  -9.78095  -9.78096  -9.78096  -9.78097
  -9.91782  -9.91782  -9.91782  -9.91782  -9.91782  -9.91783  -9.91783  -9.91783
  -9.91783  -9.91783  -9.91784  -9.91785
 -10.15124 -10.15124 -10.15124 -10.15124 -10.15124 -10.15124 -10.15124 -10.15124
 -10.15124 -10.15125 -10.15125 -10.15126
 -10.44208 -10.44208 -10.44208 -10.44208 -10.44208 -10.44208 -10.44208 -10.44209
 -10.44209 -10.44209 -10.44210 -10.44210
 -10.76606 -10.76606 -10.76606 -10.76606 -10.76606 -10.76606 -10.76606 -10.76606
 -10.76606 -10.76607 -10.76607 -10.76608
 -11.10888 -11.10888 -11.10888 -11.10888 -11.10888 -11.10888 -11.10888 -11.10888
 -11.10889 -11.10889 -11.10889 -11.10890
 -11.46234 -11.46234 -11.46234 -11.46235 -11.46235 -11.46235 -11.46235 -11.46235
 -11.46235 -11.46235 -11.46236 -11.46236
 -11.82180 -11.82180 -11.82180 -11.82180 -11.82180 -11.82180 -11.82180 -11.82180
 -11.82180 -11.82180 -11.82181 -11.82181
 --------------------/ IPRT= 1  / IGRD= 1  /RECOM   / Z1=41   / DATE= 11.01.08
  -9.20601  -9.20601  -9.20601  -9.20601  -9.20601  -9.20601  -9.20601  -9.20601
  -9.20601  -9.20601  -9.20601  -9.20601
  -9.33190  -9.33190  -9.33190  -9.33190  -9.33190  -9.33190  -9.33190  -9.33190
  -9.33190  -9.33190  -9.33190  -9.33190
  -9.45932  -9.45932  -9.45932  -9.45932  -9.45932  -9.45932  -9.45932  -9.45932
  -9.45932  -9.45932  -9.45932  -9.45932
  -9.58920  -9.58920  -9.58920  -9.58920  -9.58920  -9.58920  -9.58920  -9.58920
  -9.58920  -9.58920  -9.58920  -9.58920
  -9.72276  -9.72276  -9.72276  -9.72276  -9.72276  -9.72276  -9.72276  -9.72276
  -9.72276  -9.72276  -9.72276  -9.72276
  -9.86157  -9.86157  -9.86157  -9.86157  -9.86157  -9.86157  -9.86157  -9.86157
  -9.86157  -9.86157  -9.86157  -9.86157
 -10.00736 -10.00736 -10.00736 -10.00736 -10.00736 -10.00736 -10.00736 -10.00736
 -10.00736 -10.00736 -10.00736 -10.00736
 -10.16150 -10.16150 -10.16150 -10.16150 -10.16150 -10.16150 -10.16150 -10.16150
 -10.16150 -10.16150 -10.16150 -10.16150
 -10.29690 -10.29690 -10.29690 -10.29690 -10.29690 -10.29690 -10.29690 -10.29690
 -10.29690 -10.29690 -10.29690 -10.29690
 -10.26597 -10.26597 -10.26597 -10.26597 -10.26597 -10.26597 -10.26597 -10.26597
 -10.26597 -10.26597 -10.26598 -10.26598
 -10.16656 -10.16656 -10.16656 -10.16656 -10.16656 -10.16656 -10.16656 -10.16656
 -10.16657 -10.16657 -10.16657 -10.16658
 -10.19277 -10.19277 -10.19277 -10.19277 -10.19277 -10.19277 -10.19277 -10.19277
 -10.19278 -10.19278 -10.19278 -10.19279
 -10.34467 -10.34467 -10.34467 -10.34467 -10.34467 -10.34467 -10.34467 -10.34468
 -10.34468 -10.34468 -10.34469 -10.34469
 -10.57991 -10.57991 -10.57991 -10.57991 -10.57992 -10.57992 -10.57992 -10.57992
 -10.57992 -10.57992 -10.57993 -10.57993
 -10.86494 -10.86495 -10.86495 -10.86495 -10.86495 -10.86495 -10.86495 -10.86495
 -10.86495 -10.86495 -10.86496 -10.86496
 -11.17837 -11.17837 -11.17838 -11.17838 -11.17838 -11.17838 -11.17838 -11.17838
 -11.17838 -11.17838 -11.17839 -11.17839
 -11.50762 -11.50762 -11.50762 -11.50762 -11.50762 -11.50762 -11.50762 -11.50762
 -11.50762 -11.50762 -11.50763 -11.50763
 -11.84562 -11.84562 -11.84562 -11.84562 -11.84562 -11.84563 -11.84563 -11.84563
 -11.84563 -11.84563 -11.84563 -11.84564
 -12.18859 -12.18859 -12.18859 -12.18859 -12.18859 -12.18859 -12.18860 -12.18860
 -12.18860 -12.18860 -12.18860 -12.18860
 -12.53453 -12.53453 -12.53453 -12.53453 -12.53453 -12.53453 -12.53453 -12.53453
 -12.53453 -12.53454 -12.53454 -12.53454
 --------------------/ IPRT= 1  / IGRD= 1  /RECOM   / Z1=42   / DATE= 11.01.08
  -9.18319  -9.18319  -9.18319  -9.18319  -9.18319  -9.18319  -9.18319  -9.18319
  -9.18319  -9.18319  -9.18319  -9.18319
  -9.30897  -9.30897  -9.30897  -9.30897  -9.30897  -9.30897  -9.30897  -9.30897
  -9.30897  -9.30897  -9.30897  -9.30897
  -9.43622  -9.43622  -9.43622  -9.43622  -9.43622  -9.43622  -9.43622  -9.43622
  -9.43622  -9.43622  -9.43622  -9.43622
  -9.56582  -9.56582  -9.56582  -9.56582  -9.56582  -9.56582  -9.56582  -9.56582
  -9.56582  -9.56582  -9.56582  -9.56582
  -9.69899  -9.69899  -9.69899  -9.69899  -9.69899  -9.69899  -9.69899  -9.69899
  -9.69899  -9.69899  -9.69899  -9.69899
  -9.83723  -9.83723  -9.83723  -9.83723  -9.83723  -9.83723  -9.83723  -9.83723
  -9.83723  -9.83723  -9.83723  -9.83723
  -9.98229  -9.98229  -9.98229  -9.98229  -9.98229  -9.98229  -9.98229  -9.98229
  -9.98229  -9.98229  -9.98229  -9.98229
 -10.13512 -10.13512 -10.13512 -10.13512 -10.13512 -10.13512 -10.13512 -10.13512
 -10.13512 -10.13512 -10.13512 -10.13512
 -10.25813 -10.25813 -10.25813 -10.25813 -10.25813 -10.25813 -10.25813 -10.25813
 -10.25813 -10.25813 -10.25813 -10.25813
 -10.17823 -10.17823 -10.17823 -10.17823 -10.17823 -10.17823 -10.17823 -10.17823
 -10.17824 -10.17824 -10.17824 -10.17825
  -9.92449  -9.92449  -9.92449  -9.92449  -9.92449  -9.92449  -9.92449  -9.92449
  -9.92449  -9.92450  -9.92450  -9.92451
  -9.73113  -9.73113  -9.73113  -9.73113  -9.73113  -9.73114  -9.73114  -9.73114
  -9.73114  -9.73114  -9.73115  -9.73116
  -9.71802  -9.71802  -9.71802  -9.71802  -9.71802  -9.71802  -9.71802  -9.71803
  -9.71803  -9.71803  -9.71804  -9.71804
  -9.85551  -9.85551  -9.85551  -9.85551  -9.85551  -9.85551  -9.85551  -9.85552
  -9.85552  -9.85552  -9.85553  -9.85553
 -10.08950 -10.08950 -10.08950 -10.08950 -10.08950 -10.08951 -10.08951 -10.08951
 -10.08951 -10.08951 -10.08952 -10.08952
 -10.38069 -10.38069 -10.38069 -10.38069 -10.38069 -10.38069 -10.38069 -10.38069
 -10.38069 -10.38069 -10.38070 -10.38070
 -10.70479 -10.70479 -10.70479 -10.70479 -10.70479 -10.70479 -10.70479 -10.70479
 -10.70480 -10.70480 -10.70480 -10.70481
 -11.04760 -11.04760 -11.04760 -11.04760 -11.04760 -11.04760 -11.04760 -11.04760
 -11.04760 -11.04760 -11.04761 -11.04761
 -11.40095 -11.40095 -11.40095 -11.40095 -11.40095 -11.40095 -11.40095 -11.40096
 -11.40096 -11.40096 -11.40096 -11.40097
 -11.76023 -11.76023 -11.76023 -11.76023 -11.76024 -11.76024 -11.76024 -11.76024
 -11.76024 -11.76024 -11.76024 -11.76025
 --------------------/ IPRT= 1  / IGRD= 1  /RECOM   / Z1=43   / DATE= 11.01.08
  -9.16087  -9.16087  -9.16087  -9.16087  -9.16087  -9.16087  -9.16087  -9.16087
  -9.16087  -9.16087  -9.16087  -9.16087
  -9.28656  -9.28656  -9.28656  -9.28656  -9.28656  -9.28656  -9.28656  -9.28656
  -9.28656  -9.28656  -9.28656  -9.28656
  -9.41364  -9.41364  -9.41364  -9.41364  -9.41364  -9.41364  -9.41364  -9.41364
  -9.41364  -9.41364  -9.41364  -9.41364
  -9.54299  -9.54299  -9.54299  -9.54299  -9.54299  -9.54299  -9.54299  -9.54299
  -9.54299  -9.54299  -9.54299  -9.54299
  -9.67577  -9.67577  -9.67577  -9.67577  -9.67577  -9.67577  -9.67577  -9.67577
  -9.67577  -9.67577  -9.67577  -9.67577
  -9.81348  -9.81348  -9.81348  -9.81348  -9.81348  -9.81348  -9.81348  -9.81348
  -9.81348  -9.81348  -9.81348  -9.81348
  -9.95782  -9.95782  -9.95782  -9.95782  -9.95782  -9.95782  -9.95782  -9.95782
  -9.95782  -9.95782  -9.95782  -9.95782
 -10.11023 -10.11023 -10.11023 -10.11023 -10.11023 -10.11023 -10.11023 -10.11023
 -10.11023 -10.11023 -10.11023 -10.11023
 -10.25763 -10.25763 -10.25763 -10.25763 -10.25763 -10.25763 -10.25763 -10.25763
 -10.25763 -10.25763 -10.25763 -10.25763
 -10.29918 -10.29918 -10.29918 -10.29918 -10.29918 -10.29918 -10.29918 -10.29918
 -10.29918 -10.29918 -10.29918 -10.29918
 -10.06619 -10.06619 -10.06619 -10.06619 -10.06619 -10.06619 -10.06619 -10.06619
 -10.06620 -10.06620 -10.06620 -10.06621
  -9.81548  -9.81548  -9.81548  -9.81548  -9.81548  -9.81548  -9.81548  -9.81548
  -9.81549  -9.81549  -9.81549  -9.81550
  -9.77166  -9.77166  -9.77166  -9.77166  -9.77166  -9.77166  -9.77166  -9.77166
  -9.77167  -9.77167  -9.77167  -9.77168
  -9.89554  -9.89554  -9.89554  -9.89554  -9.89554  -9.89554  -9.89555  -9.89555
  -9.89555  -9.89555  -9.89556  -9.89556
 -10.12298 -10.12298 -10.12298 -10.12298 -10.12298 -10.12298 -10.12298 -10.12299
 -10.12299 -10.12299 -10.12299 -10.12300
 -10.41064 -10.41064 -10.41064 -10.41064 -10.41064 -10.41064 -10.41065 -10.41065
 -10.41065 -10.41065 -10.41065 -10.41066
 -10.73263 -10.73263 -10.73263 -10.73263 -10.73263 -10.73263 -10.73263 -10.73263
 -10.73263 -10.73264 -10.73264 -10.73264
 -11.07399 -11.07399 -11.07399 -11.07399 -11.07400 -11.07400 -11.07400 -11.07400
 -11.07400 -11.07400 -11.07400 -11.07401
 -11.42625 -11.42625 -11.42625 -11.42625 -11.42625 -11.42625 -11.42625 -11.42625
 -11.42625 -11.42625 -11.42625 -11.42626
 -11.78460 -11.78460 -11.78460 -11.78460 -11.78460 -11.78460 -11.78460 -11.78460
 -11.78460 -11.78460 -11.78460 -11.78461
 --------------------/ IPRT= 1  / IGRD= 1  /RECOM   / Z1=44   / DATE= 11.01.08
  -9.13905  -9.13905  -9.13905  -9.13905  -9.13905  -9.13905  -9.13905  -9.13905
  -9.13905  -9.13905  -9.13905  -9.13905
  -9.26464  -9.26464  -9.26464  -9.26464  -9.26464  -9.26464  -9.26464  -9.26464
  -9.26464  -9.26464  -9.26464  -9.26464
  -9.39157  -9.39157  -9.39157  -9.39157  -9.39157  -9.39157  -9.39157  -9.39157
  -9.39157  -9.39157  -9.39157  -9.39157
  -9.52068  -9.52068  -9.52068  -9.52068  -9.52068  -9.52068  -9.52068  -9.52068
  -9.52068  -9.52068  -9.52068  -9.52068
  -9.65309  -9.65309  -9.65309  -9.65309  -9.65309  -9.65309  -9.65309  -9.65309
  -9.65309  -9.65309  -9.65309  -9.65309
  -9.79030  -9.79030  -9.79030  -9.79030  -9.79030  -9.79030  -9.79030  -9.79030
  -9.79030  -9.79030  -9.79030  -9.79030
  -9.93397  -9.93397  -9.93397  -9.93397  -9.93397  -9.93397  -9.93397  -9.93397
  -9.93397  -9.93397  -9.93397  -9.93397
 -10.08584 -10.08584 -10.08584 -10.08584 -10.08584 -10.08584 -10.08584 -10.08584
 -10.08584 -10.08584 -10.08584 -10.08584
 -10.24755 -10.24755 -10.24755 -10.24755 -10.24755 -10.24755 -10.24755 -10.24755
 -10.24755 -10.24755 -10.24755 -10.24755
 -10.41794 -10.41794 -10.41794 -10.41794 -10.41794 -10.41794 -10.41794 -10.41794
 -10.41794 -10.41794 -10.41794 -10.41794
 -10.52692 -10.52692 -10.52692 -10.52692 -10.52692 -10.52692 -10.52692 -10.52692
 -10.52692 -10.52692 -10.52693 -10.52693
 -10.44456 -10.44456 -10.44456 -10.44456 -10.44456 -10.44456 -10.44456 -10.44456
 -10.44457 -10.44457 -10.44457 -10.44457
 -10.38419 -10.38419 -10.38420 -10.38420 -10.38420 -10.38420 -10.38420 -10.38420
 -10.38420 -10.38420 -10.38421 -10.38421
 -10.46714 -10.46714 -10.46714 -10.46714 -10.46714 -10.46714 -10.46714 -10.46714
 -10.46714 -10.46714 -10.46715 -10.46715
 -10.66226 -10.66226 -10.66226 -10.66226 -10.66226 -10.66226 -10.66227 -10.66227
 -10.66227 -10.66227 -10.66227 -10.66228
 -10.92675 -10.92675 -10.92675 -10.92675 -10.92675 -10.92675 -10.92675 -10.92675
 -10.92675 -10.92676 -10.92676 -10.92676
 -11.23142 -11.23142 -11.23143 -11.23143 -11.23143 -11.23143 -11.23143 -11.23143
 -11.23143 -11.23143 -11.23143 -11.23144
 -11.55880 -11.55880 -11.55880 -11.55880 -11.55880 -11.55880 -11.55880 -11.55880
 -11.55880 -11.55881 -11.55881 -11.55881
 -11.89887 -11.89887 -11.89887 -11.89887 -11.89887 -11.89887 -11.89887 -11.89887
 -11.89887 -11.89887 -11.89888 -11.89888
 -12.24605 -12.24605 -12.24605 -12.24605 -12.24605 -12.24605 -12.24605 -12.24605
 -12.24605 -12.24605 -12.24605 -12.24606
 --------------------/ IPRT= 1  / IGRD= 1  /RECOM   / Z1=45   / DATE= 11.01.08
  -9.11769  -9.11769  -9.11769  -9.11769  -9.11769  -9.11769  -9.11769  -9.11769
  -9.11769  -9.11769  -9.11769  -9.11769
  -9.24318  -9.24318  -9.24318  -9.24318  -9.24318  -9.24318  -9.24318  -9.24318
  -9.24318  -9.24318  -9.24318  -9.24318
  -9.36998  -9.36998  -9.36998  -9.36998  -9.36998  -9.36998  -9.36998  -9.36998
  -9.36998  -9.36998  -9.36998  -9.36998
  -9.49885  -9.49885  -9.49885  -9.49885  -9.49885  -9.49885  -9.49885  -9.49885
  -9.49885  -9.49885  -9.49885  -9.49885
  -9.63092  -9.63092  -9.63092  -9.63092  -9.63092  -9.63092  -9.63092  -9.63092
  -9.63092  -9.63092  -9.63092  -9.63092
  -9.76764  -9.76764  -9.76764  -9.76764  -9.76764  -9.76764  -9.76764  -9.76764
  -9.76764  -9.76764  -9.76764  -9.76764
  -9.91065  -9.91065  -9.91065  -9.91065  -9.91065  -9.91065  -9.91065  -9.91065
  -9.91065  -9.91065  -9.91065  -9.91065
 -10.06169 -10.06169 -10.06169 -10.06169 -10.06169 -10.06169 -10.06169 -10.06169
 -10.06169 -10.06169 -10.06169 -10.06169
 -10.22211 -10.22211 -10.22211 -10.22211 -10.22211 -10.22211 -10.22211 -10.22211
 -10.22211 -10.22211 -10.22211 -10.22211
 -10.34880 -10.34880 -10.34880 -10.34880 -10.34880 -10.34880 -10.34880 -10.34880
 -10.34880 -10.34880 -10.34880 -10.34881
 -10.12017 -10.12017 -10.12017 -10.12018 -10.12018 -10.12018 -10.12018 -10.12018
 -10.12018 -10.12018 -10.12018 -10.12019
  -9.81581  -9.81581  -9.81581  -9.81581  -9.81581  -9.81581  -9.81581  -9.81582
  -9.81582  -9.81582  -9.81582  -9.81583
  -9.75047  -9.75047  -9.75047  -9.75047  -9.75047  -9.75047  -9.75047  -9.75048
  -9.75048  -9.75048  -9.75048  -9.75049
  -9.86611  -9.86611  -9.86611  -9.86611  -9.86611  -9.86611  -9.86612  -9.86612
  -9.86612  -9.86612  -9.86612  -9.86613
 -10.08985 -10.08985 -10.08985 -10.08985 -10.08986 -10.08986 -10.08986 -10.08986
 -10.08986 -10.08986 -10.08986 -10.08987
 -10.37556 -10.37556 -10.37556 -10.37556 -10.37556 -10.37556 -10.37556 -10.37556
 -10.37557 -10.37557 -10.37557 -10.37557
 -10.69633 -10.69633 -10.69633 -10.69633 -10.69633 -10.69633 -10.69633 -10.69633
 -10.69633 -10.69633 -10.69634 -10.69634
 -11.03680 -11.03680 -11.03680 -11.03680 -11.03680 -11.03681 -11.03681 -11.03681
 -11.03681 -11.03681 -11.03681 -11.03682
 -11.38831 -11.38831 -11.38831 -11.38831 -11.38831 -11.38831 -11.38831 -11.38831
 -11.38831 -11.38832 -11.38832 -11.38832
 -11.74598 -11.74598 -11.74598 -11.74598 -11.74598 -11.74598 -11.74598 -11.74598
 -11.74599 -11.74599 -11.74599 -11.74599
 --------------------/ IPRT= 1  / IGRD= 1  /RECOM   / Z1=46   / DATE= 11.01.08
  -9.09677  -9.09677  -9.09677  -9.09677  -9.09677  -9.09677  -9.09677  -9.09677
  -9.09677  -9.09677  -9.09677  -9.09677
  -9.22218  -9.22218  -9.22218  -9.22218  -9.22218  -9.22218  -9.22218  -9.22218
  -9.22218  -9.22218  -9.22218  -9.22218
  -9.34884  -9.34884  -9.34884  -9.34884  -9.34884  -9.34884  -9.34884  -9.34884
  -9.34884  -9.34884  -9.34884  -9.34884
  -9.47750  -9.47750  -9.47750  -9.47750  -9.47750  -9.47750  -9.47750  -9.47750
  -9.47750  -9.47750  -9.47750  -9.47750
  -9.60925  -9.60925  -9.60925  -9.60925  -9.60925  -9.60925  -9.60925  -9.60925
  -9.60925  -9.60925  -9.60925  -9.60925
  -9.74551  -9.74551  -9.74551  -9.74551  -9.74551  -9.74551  -9.74551  -9.74551
  -9.74551  -9.74551  -9.74551  -9.74551
  -9.88791  -9.88791  -9.88791  -9.88791  -9.88791  -9.88791  -9.88791  -9.88791
  -9.88791  -9.88791  -9.88791  -9.88791
 -10.03818 -10.03818 -10.03818 -10.03818 -10.03818 -10.03818 -10.03818 -10.03818
 -10.03818 -10.03818 -10.03818 -10.03818
 -10.19768 -10.19768 -10.19768 -10.19768 -10.19768 -10.19768 -10.19768 -10.19768
 -10.19768 -10.19768 -10.19768 -10.19768
 -10.32062 -10.32062 -10.32062 -10.32062 -10.32062 -10.32062 -10.32062 -10.32062
 -10.32062 -10.32062 -10.32062 -10.32062
 -10.06345 -10.06345 -10.06345 -10.06345 -10.06345 -10.06345 -10.06345 -10.06345
 -10.06345 -10.06345 -10.06346 -10.06346
  -9.73182  -9.73182  -9.73182  -9.73182  -9.73182  -9.73182  -9.73183  -9.73183
  -9.73183  -9.73183  -9.73183  -9.73184
  -9.64861  -9.64861  -9.64861  -9.64861  -9.64861  -9.64861  -9.64862  -9.64862
  -9.64862  -9.64862  -9.64862  -9.64863
  -9.75225  -9.75225  -9.75225  -9.75225  -9.75225  -9.75225  -9.75225  -9.75225
  -9.75225  -9.75225  -9.75226  -9.75226
  -9.96844  -9.96844  -9.96844  -9.96844  -9.96844  -9.96844  -9.96844  -9.96844
  -9.96845  -9.96845  -9.96845  -9.96845
 -10.24980 -10.24980 -10.24980 -10.24980 -10.24980 -10.24980 -10.24980 -10.24980
 -10.24980 -10.24981 -10.24981 -10.24981
 -10.56833 -10.56833 -10.56833 -10.56833 -10.56833 -10.56833 -10.56834 -10.56834
 -10.56834 -10.56834 -10.56834 -10.56834
 -10.90789 -10.90789 -10.90789 -10.90789 -10.90789 -10.90790 -10.90790 -10.90790
 -10.90790 -10.90790 -10.90790 -10.90790
 -11.25929 -11.25929 -11.25929 -11.25929 -11.25929 -11.25929 -11.25929 -11.25929
 -11.25929 -11.25929 -11.25929 -11.25929
 -11.61731 -11.61731 -11.61731 -11.61731 -11.61731 -11.61731 -11.61731 -11.61731
 -11.61731 -11.61732 -11.61732 -11.61732
 --------------------/ IPRT= 1  / IGRD= 1  /RECOM   / Z1=47   / DATE= 11.01.08
  -9.08258  -9.08258  -9.08258  -9.08258  -9.08258  -9.08258  -9.08258  -9.08258
  -9.08258  -9.08258  -9.08258  -9.08258
  -9.20782  -9.20782  -9.20782  -9.20782  -9.20782  -9.20782  -9.20782  -9.20782
  -9.20782  -9.20782  -9.20782  -9.20782
  -9.33419  -9.33419  -9.33419  -9.33419  -9.33419  -9.33419  -9.33419  -9.33419
  -9.33419  -9.33419  -9.33419  -9.33419
  -9.46240  -9.46240  -9.46240  -9.46240  -9.46240  -9.46240  -9.46240  -9.46240
  -9.46240  -9.46240  -9.46240  -9.46240
  -9.59348  -9.59348  -9.59348  -9.59348  -9.59348  -9.59348  -9.59348  -9.59348
  -9.59348  -9.59348  -9.59348  -9.59348
  -9.72880  -9.72880  -9.72880  -9.72880  -9.72880  -9.72880  -9.72880  -9.72880
  -9.72880  -9.72880  -9.72880  -9.72880
  -9.87000  -9.87000  -9.87000  -9.87000  -9.87000  -9.87000  -9.87000  -9.87000
  -9.87000  -9.87000  -9.87000  -9.87000
 -10.01886 -10.01886 -10.01886 -10.01886 -10.01886 -10.01886 -10.01886 -10.01886
 -10.01886 -10.01886 -10.01886 -10.01886
 -10.17700 -10.17700 -10.17700 -10.17700 -10.17700 -10.17700 -10.17700 -10.17700
 -10.17700 -10.17700 -10.17700 -10.17700
 -10.31266 -10.31266 -10.31266 -10.31266 -10.31266 -10.31266 -10.31266 -10.31266
 -10.31266 -10.31266 -10.31266 -10.31266
 -10.10737 -10.10737 -10.10737 -10.10737 -10.10737 -10.10737 -10.10737 -10.10737
 -10.10737 -10.10737 -10.10738 -10.10738
  -9.78213  -9.78213  -9.78213  -9.78213  -9.78213  -9.78213  -9.78213  -9.78213
  -9.78213  -9.78214  -9.78214  -9.78214
  -9.69673  -9.69673  -9.69673  -9.69673  -9.69673  -9.69673  -9.69674  -9.69674
  -9.69674  -9.69674  -9.69674  -9.69675
  -9.80009  -9.80009  -9.80009  -9.80009  -9.80009  -9.80009  -9.80009  -9.80009
  -9.80010  -9.80010  -9.80010  -9.80011
 -10.01678 -10.01678 -10.01678 -10.01678 -10.01678 -10.01678 -10.01678 -10.01678
 -10.01678 -10.01679 -10.01679 -10.01679
 -10.29857 -10.29857 -10.29857 -10.29857 -10.29857 -10.29857 -10.29857 -10.29857
 -10.29857 -10.29857 -10.29857 -10.29858
 -10.61725 -10.61725 -10.61725 -10.61725 -10.61725 -10.61725 -10.61725 -10.61725
 -10.61725 -10.61725 -10.61725 -10.61726
 -10.95670 -10.95670 -10.95670 -10.95670 -10.95670 -10.95670 -10.95670 -10.95670
 -10.95670 -10.95670 -10.95670 -10.95670
 -11.30780 -11.30780 -11.30780 -11.30780 -11.30780 -11.30780 -11.30780 -11.30780
 -11.30780 -11.30780 -11.30780 -11.30780
 -11.66542 -11.66542 -11.66542 -11.66542 -11.66542 -11.66542 -11.66542 -11.66542
 -11.66542 -11.66542 -11.66542 -11.66543
 --------------------/ IPRT= 1  / IGRD= 1  /RECOM   / Z1=48   / DATE= 11.01.08
  -9.06010  -9.06010  -9.06010  -9.06010  -9.06010  -9.06010  -9.06010  -9.06010
  -9.06010  -9.06010  -9.06010  -9.06010
  -9.18527  -9.18527  -9.18527  -9.18527  -9.18527  -9.18527  -9.18527  -9.18527
  -9.18527  -9.18527  -9.18527  -9.18527
  -9.31152  -9.31152  -9.31152  -9.31152  -9.31152  -9.31152  -9.31152  -9.31152
  -9.31152  -9.31152  -9.31152  -9.31152
  -9.43952  -9.43952  -9.43952  -9.43952  -9.43952  -9.43952  -9.43952  -9.43952
  -9.43952  -9.43952  -9.43952  -9.43952
  -9.57028  -9.57028  -9.57028  -9.57028  -9.57028  -9.57028  -9.57028  -9.57028
  -9.57028  -9.57028  -9.57028  -9.57028
  -9.70512  -9.70512  -9.70512  -9.70512  -9.70512  -9.70512  -9.70512  -9.70512
  -9.70512  -9.70512  -9.70512  -9.70512
  -9.84567  -9.84567  -9.84567  -9.84567  -9.84567  -9.84567  -9.84567  -9.84567
  -9.84567  -9.84567  -9.84567  -9.84567
  -9.99367  -9.99367  -9.99367  -9.99367  -9.99367  -9.99367  -9.99367  -9.99367
  -9.99367  -9.99367  -9.99367  -9.99367
 -10.15076 -10.15076 -10.15076 -10.15076 -10.15076 -10.15076 -10.15076 -10.15076
 -10.15076 -10.15076 -10.15076 -10.15076
 -10.29354 -10.29354 -10.29354 -10.29354 -10.29354 -10.29354 -10.29354 -10.29354
 -10.29354 -10.29354 -10.29354 -10.29354
 -10.15540 -10.15540 -10.15540 -10.15540 -10.15540 -10.15540 -10.15540 -10.15540
 -10.15540 -10.15540 -10.15540 -10.15540
  -9.87196  -9.87196  -9.87196  -9.87196  -9.87196  -9.87196  -9.87196  -9.87196
  -9.87197  -9.87197  -9.87197  -9.87197
  -9.79980  -9.79980  -9.79980  -9.79980  -9.79980  -9.79980  -9.79980  -9.79980
  -9.79980  -9.79981  -9.79981  -9.79981
  -9.90862  -9.90862  -9.90862  -9.90862  -9.90862  -9.90862  -9.90862  -9.90862
  -9.90863  -9.90863  -9.90863  -9.90863
 -10.12761 -10.12761 -10.12761 -10.12761 -10.12761 -10.12761 -10.12761 -10.12762
 -10.12762 -10.12762 -10.12762 -10.12762
 -10.40998 -10.40998 -10.40998 -10.40998 -10.40998 -10.40998 -10.40998 -10.40998
 -10.40998 -10.40998 -10.40998 -10.40999
 -10.72817 -10.72817 -10.72817 -10.72817 -10.72817 -10.72817 -10.72817 -10.72817
 -10.72818 -10.72818 -10.72818 -10.72818
 -11.06646 -11.06646 -11.06646 -11.06647 -11.06647 -11.06647 -11.06647 -11.06647
 -11.06647 -11.06647 -11.06647 -11.06647
 -11.41597 -11.41597 -11.41597 -11.41597 -11.41597 -11.41597 -11.41598 -11.41598
 -11.41598 -11.41598 -11.41598 -11.41598
 -11.77173 -11.77173 -11.77173 -11.77173 -11.77173 -11.77173 -11.77173 -11.77174
 -11.77174 -11.77174 -11.77174 -11.77174
 --------------------/ IPRT= 1  / IGRD= 1  /RECOM   / Z1=49   / DATE= 11.01.08
  -9.03805  -9.03805  -9.03805  -9.03805  -9.03805  -9.03805  -9.03805  -9.03805
  -9.03805  -9.03805  -9.03805  -9.03805
  -9.16315  -9.16315  -9.16315  -9.16315  -9.16315  -9.16315  -9.16315  -9.16315
  -9.16315  -9.16315  -9.16315  -9.16315
  -9.28927  -9.28927  -9.28927  -9.28927  -9.28927  -9.28927  -9.28927  -9.28927
  -9.28927  -9.28927  -9.28927  -9.28927
  -9.41708  -9.41708  -9.41708  -9.41708  -9.41708  -9.41708  -9.41708  -9.41708
  -9.41708  -9.41708  -9.41708  -9.41708
  -9.54754  -9.54754  -9.54754  -9.54754  -9.54754  -9.54754  -9.54754  -9.54754
  -9.54754  -9.54754  -9.54754  -9.54754
  -9.68193  -9.68193  -9.68193  -9.68193  -9.68193  -9.68193  -9.68193  -9.68193
  -9.68193  -9.68193  -9.68193  -9.68193
  -9.81880  -9.81880  -9.81880  -9.81880  -9.81880  -9.81880  -9.81880  -9.81880
  -9.81880  -9.81880  -9.81880  -9.81880
  -9.90512  -9.90512  -9.90512  -9.90512  -9.90513  -9.90513  -9.90513  -9.90513
  -9.90513  -9.90513  -9.90513  -9.90513
  -9.88193  -9.88193  -9.88193  -9.88193  -9.88193  -9.88193  -9.88193  -9.88194
  -9.88194  -9.88194  -9.88194  -9.88194
  -9.88507  -9.88507  -9.88507  -9.88507  -9.88507  -9.88507  -9.88507  -9.88507
  -9.88507  -9.88507  -9.88507  -9.88508
  -9.87372  -9.87372  -9.87372  -9.87372  -9.87372  -9.87372  -9.87372  -9.87372
  -9.87373  -9.87373  -9.87373  -9.87373
  -9.76563  -9.76564  -9.76564  -9.76564  -9.76564  -9.76564  -9.76564  -9.76564
  -9.76564  -9.76564  -9.76564  -9.76565
  -9.75298  -9.75298  -9.75298  -9.75298  -9.75298  -9.75298  -9.75298  -9.75298
  -9.75298  -9.75298  -9.75298  -9.75299
  -9.88103  -9.88103  -9.88103  -9.88103  -9.88103  -9.88103  -9.88104  -9.88104
  -9.88104  -9.88104  -9.88104  -9.88104
 -10.10733 -10.10733 -10.10733 -10.10733 -10.10733 -10.10733 -10.10733 -10.10733
 -10.10733 -10.10733 -10.10734 -10.10734
 -10.39275 -10.39275 -10.39275 -10.39275 -10.39275 -10.39275 -10.39275 -10.39275
 -10.39275 -10.39275 -10.39275 -10.39276
 -10.71219 -10.71219 -10.71219 -10.71219 -10.71219 -10.71219 -10.71219 -10.71219
 -10.71219 -10.71219 -10.71220 -10.71220
 -11.05085 -11.05085 -11.05085 -11.05085 -11.05085 -11.05085 -11.05085 -11.05085
 -11.05085 -11.05085 -11.05086 -11.05086
 -11.40026 -11.40026 -11.40026 -11.40026 -11.40026 -11.40026 -11.40026 -11.40026
 -11.40026 -11.40026 -11.40026 -11.40027
 -11.75566 -11.75566 -11.75566 -11.75566 -11.75566 -11.75566 -11.75566 -11.75566
 -11.75566 -11.75566 -11.75566 -11.75566
 --------------------/ IPRT= 1  / IGRD= 1  /RECOM   / Z1=50   / DATE= 11.01.08
  -9.01641  -9.01641  -9.01641  -9.01641  -9.01641  -9.01641  -9.01641  -9.01641
  -9.01641  -9.01641  -9.01641  -9.01641
  -9.14144  -9.14144  -9.14144  -9.14144  -9.14144  -9.14144  -9.14144  -9.14144
  -9.14144  -9.14144  -9.14144  -9.14144
  -9.26745  -9.26745  -9.26745  -9.26745  -9.26745  -9.26745  -9.26745  -9.26745
  -9.26745  -9.26745  -9.26745  -9.26745
  -9.39508  -9.39508  -9.39508  -9.39508  -9.39508  -9.39508  -9.39508  -9.39508
  -9.39508  -9.39508  -9.39508  -9.39508
  -9.52525  -9.52525  -9.52525  -9.52525  -9.52525  -9.52525  -9.52525  -9.52525
  -9.52525  -9.52525  -9.52525  -9.52525
  -9.65921  -9.65921  -9.65921  -9.65921  -9.65921  -9.65921  -9.65921  -9.65921
  -9.65921  -9.65921  -9.65921  -9.65921
  -9.79370  -9.79370  -9.79370  -9.79370  -9.79370  -9.79370  -9.79370  -9.79370
  -9.79370  -9.79370  -9.79370  -9.79370
  -9.85654  -9.85654  -9.85654  -9.85654  -9.85654  -9.85654  -9.85654  -9.85654
  -9.85654  -9.85655  -9.85655  -9.85655
  -9.79815  -9.79815  -9.79815  -9.79815  -9.79815  -9.79815  -9.79815  -9.79816
  -9.79816  -9.79816  -9.79816  -9.79816
  -9.79353  -9.79353  -9.79353  -9.79353  -9.79353  -9.79353  -9.79353  -9.79353
  -9.79353  -9.79353  -9.79353  -9.79354
  -9.82537  -9.82537  -9.82537  -9.82537  -9.82537  -9.82537  -9.82537  -9.82537
  -9.82537  -9.82537  -9.82537  -9.82538
  -9.77888  -9.77888  -9.77888  -9.77888  -9.77888  -9.77888  -9.77889  -9.77889
  -9.77889  -9.77889  -9.77889  -9.77889
  -9.78985  -9.78985  -9.78985  -9.78985  -9.78985  -9.78985  -9.78985  -9.78985
  -9.78986  -9.78986  -9.78986  -9.78986
  -9.92404  -9.92404  -9.92404  -9.92404  -9.92404  -9.92404  -9.92404  -9.92404
  -9.92404  -9.92404  -9.92404  -9.92405
 -10.15149 -10.15149 -10.15149 -10.15149 -10.15149 -10.15149 -10.15149 -10.15149
 -10.15149 -10.15150 -10.15150 -10.15150
 -10.43652 -10.43652 -10.43652 -10.43652 -10.43652 -10.43652 -10.43652 -10.43652
 -10.43652 -10.43652 -10.43652 -10.43653
 -10.75495 -10.75495 -10.75495 -10.75495 -10.75495 -10.75495 -10.75495 -10.75495
 -10.75495 -10.75495 -10.75495 -10.75496
 -11.09227 -11.09227 -11.09227 -11.09227 -11.09227 -11.09227 -11.09227 -11.09227
 -11.09227 -11.09227 -11.09227 -11.09228
 -11.44014 -11.44014 -11.44014 -11.44014 -11.44014 -11.44014 -11.44014 -11.44014
 -11.44014 -11.44014 -11.44015 -11.44015
 -11.79388 -11.79388 -11.79388 -11.79388 -11.79388 -11.79388 -11.79388 -11.79388
 -11.79388 -11.79388 -11.79388 -11.79389
 --------------------/ IPRT= 1  / IGRD= 1  /RECOM   / Z1=51   / DATE= 11.01.08
  -8.99120  -8.99120  -8.99120  -8.99120  -8.99120  -8.99120  -8.99120  -8.99120
  -8.99120  -8.99120  -8.99120  -8.99120
  -9.11616  -9.11616  -9.11616  -9.11616  -9.11616  -9.11616  -9.11616  -9.11616
  -9.11616  -9.11616  -9.11616  -9.11616
  -9.24205  -9.24205  -9.24205  -9.24205  -9.24205  -9.24205  -9.24205  -9.24205
  -9.24205  -9.24205  -9.24205  -9.24205
  -9.36947  -9.36947  -9.36947  -9.36947  -9.36947  -9.36947  -9.36947  -9.36947
  -9.36947  -9.36947  -9.36947  -9.36947
  -9.49932  -9.49932  -9.49932  -9.49932  -9.49932  -9.49932  -9.49932  -9.49932
  -9.49932  -9.49932  -9.49932  -9.49932
  -9.63278  -9.63278  -9.63278  -9.63278  -9.63278  -9.63278  -9.63278  -9.63278
  -9.63278  -9.63278  -9.63278  -9.63278
  -9.76430  -9.76430  -9.76430  -9.76430  -9.76430  -9.76430  -9.76430  -9.76430
  -9.76430  -9.76430  -9.76430  -9.76430
  -9.80325  -9.80325  -9.80325  -9.80325  -9.80325  -9.80325  -9.80325  -9.80325
  -9.80325  -9.80325  -9.80325  -9.80325
  -9.71873  -9.71873  -9.71873  -9.71873  -9.71873  -9.71873  -9.71873  -9.71873
  -9.71873  -9.71874  -9.71874  -9.71874
  -9.71121  -9.71121  -9.71121  -9.71121  -9.71121  -9.71121  -9.71121  -9.71121
  -9.71121  -9.71122  -9.71122  -9.71122
  -9.77090  -9.77090  -9.77090  -9.77090  -9.77090  -9.77090  -9.77090  -9.77090
  -9.77090  -9.77090  -9.77091  -9.77091
  -9.77561  -9.77561  -9.77561  -9.77561  -9.77561  -9.77561  -9.77561  -9.77561
  -9.77561  -9.77561  -9.77561  -9.77562
  -9.81311  -9.81311  -9.81311  -9.81311  -9.81311  -9.81311  -9.81311  -9.81311
  -9.81311  -9.81311  -9.81312  -9.81312
  -9.95624  -9.95624  -9.95624  -9.95624  -9.95624  -9.95624  -9.95624  -9.95624
  -9.95625  -9.95625  -9.95625  -9.95625
 -10.18630 -10.18630 -10.18630 -10.18630 -10.18631 -10.18631 -10.18631 -10.18631
 -10.18631 -10.18631 -10.18631 -10.18631
 -10.47153 -10.47153 -10.47153 -10.47153 -10.47154 -10.47154 -10.47154 -10.47154
 -10.47154 -10.47154 -10.47154 -10.47154
 -10.78905 -10.78905 -10.78905 -10.78905 -10.78905 -10.78905 -10.78905 -10.78905
 -10.78906 -10.78906 -10.78906 -10.78906
 -11.12484 -11.12484 -11.12484 -11.12484 -11.12484 -11.12484 -11.12484 -11.12484
 -11.12484 -11.12485 -11.12485 -11.12485
 -11.47081 -11.47081 -11.47081 -11.47081 -11.47081 -11.47081 -11.47081 -11.47081
 -11.47081 -11.47081 -11.47081 -11.47081
 -11.82242 -11.82242 -11.82242 -11.82242 -11.82242 -11.82242 -11.82242 -11.82242
 -11.82242 -11.82242 -11.82242 -11.82242
 --------------------/ IPRT= 1  / IGRD= 1  /RECOM   / Z1=52   / DATE= 11.01.08
  -8.97427  -8.97427  -8.97427  -8.97427  -8.97427  -8.97427  -8.97427  -8.97427
  -8.97427  -8.97427  -8.97427  -8.97427
  -9.09918  -9.09918  -9.09918  -9.09918  -9.09918  -9.09918  -9.09918  -9.09918
  -9.09918  -9.09918  -9.09918  -9.09918
  -9.22499  -9.22499  -9.22499  -9.22499  -9.22499  -9.22499  -9.22499  -9.22499
  -9.22499  -9.22499  -9.22499  -9.22499
  -9.35228  -9.35228  -9.35228  -9.35228  -9.35228  -9.35228  -9.35228  -9.35228
  -9.35228  -9.35228  -9.35228  -9.35228
  -9.48193  -9.48193  -9.48193  -9.48193  -9.48193  -9.48193  -9.48193  -9.48193
  -9.48193  -9.48193  -9.48193  -9.48193
  -9.61508  -9.61508  -9.61508  -9.61508  -9.61508  -9.61508  -9.61508  -9.61508
  -9.61508  -9.61508  -9.61508  -9.61508
  -9.74315  -9.74315  -9.74315  -9.74315  -9.74315  -9.74315  -9.74315  -9.74315
  -9.74315  -9.74315  -9.74315  -9.74315
  -9.75551  -9.75551  -9.75551  -9.75551  -9.75551  -9.75551  -9.75551  -9.75551
  -9.75551  -9.75551  -9.75551  -9.75552
  -9.64699  -9.64699  -9.64699  -9.64699  -9.64699  -9.64699  -9.64700  -9.64700
  -9.64700  -9.64700  -9.64700  -9.64700
  -9.63752  -9.63752  -9.63752  -9.63752  -9.63752  -9.63752  -9.63752  -9.63752
  -9.63752  -9.63752  -9.63752  -9.63753
  -9.71683  -9.71683  -9.71683  -9.71683  -9.71683  -9.71683  -9.71683  -9.71683
  -9.71683  -9.71684  -9.71684  -9.71684
  -9.76494  -9.76494  -9.76494  -9.76494  -9.76494  -9.76494  -9.76494  -9.76494
  -9.76495  -9.76495  -9.76495  -9.76495
  -9.83087  -9.83087  -9.83087  -9.83087  -9.83087  -9.83087  -9.83087  -9.83087
  -9.83087  -9.83088  -9.83088  -9.83088
  -9.98550  -9.98550  -9.98550  -9.98550  -9.98551  -9.98551  -9.98551  -9.98551
  -9.98551  -9.98551  -9.98551  -9.98551
 -10.21976 -10.21976 -10.21976 -10.21976 -10.21976 -10.21976 -10.21976 -10.21976
 -10.21976 -10.21976 -10.21977 -10.21977
 -10.50618 -10.50618 -10.50618 -10.50618 -10.50618 -10.50618 -10.50618 -10.50618
 -10.50618 -10.50618 -10.50619 -10.50619
 -10.82349 -10.82349 -10.82349 -10.82349 -10.82349 -10.82349 -10.82349 -10.82349
 -10.82349 -10.82349 -10.82349 -10.82350
 -11.15833 -11.15833 -11.15833 -11.15833 -11.15833 -11.15833 -11.15834 -11.15834
 -11.15834 -11.15834 -11.15834 -11.15834
 -11.50295 -11.50295 -11.50295 -11.50295 -11.50295 -11.50295 -11.50295 -11.50295
 -11.50295 -11.50295 -11.50295 -11.50295
 -11.85298 -11.85298 -11.85298 -11.85298 -11.85298 -11.85298 -11.85298 -11.85298
 -11.85299 -11.85299 -11.85299 -11.85299
 --------------------/ IPRT= 1  / IGRD= 1  /RECOM   / Z1=53   / DATE= 11.01.08
  -8.94987  -8.94987  -8.94987  -8.94987  -8.94987  -8.94987  -8.94987  -8.94987
  -8.94987  -8.94987  -8.94987  -8.94987
  -9.07472  -9.07472  -9.07472  -9.07472  -9.07472  -9.07472  -9.07472  -9.07472
  -9.07472  -9.07472  -9.07472  -9.07472
  -9.20042  -9.20042  -9.20042  -9.20042  -9.20042  -9.20042  -9.20042  -9.20042
  -9.20042  -9.20042  -9.20042  -9.20042
  -9.32753  -9.32753  -9.32753  -9.32753  -9.32753  -9.32753  -9.32753  -9.32753
  -9.32753  -9.32753  -9.32753  -9.32753
  -9.45689  -9.45689  -9.45689  -9.45689  -9.45689  -9.45689  -9.45689  -9.45689
  -9.45689  -9.45689  -9.45689  -9.45689
  -9.58963  -9.58963  -9.58963  -9.58963  -9.58963  -9.58963  -9.58963  -9.58963
  -9.58963  -9.58963  -9.58963  -9.58963
  -9.72154  -9.72154  -9.72154  -9.72154  -9.72154  -9.72154  -9.72154  -9.72154
  -9.72154  -9.72154  -9.72154  -9.72154
  -9.75556  -9.75556  -9.75556  -9.75556  -9.75556  -9.75556  -9.75556  -9.75556
  -9.75556  -9.75556  -9.75556  -9.75556
  -9.63180  -9.63180  -9.63180  -9.63180  -9.63180  -9.63180  -9.63180  -9.63180
  -9.63180  -9.63180  -9.63180  -9.63181
  -9.59052  -9.59052  -9.59052  -9.59052  -9.59052  -9.59052  -9.59052  -9.59052
  -9.59052  -9.59052  -9.59052  -9.59053
  -9.66614  -9.66614  -9.66614  -9.66614  -9.66614  -9.66614  -9.66614  -9.66614
  -9.66614  -9.66615  -9.66615  -9.66615
  -9.75717  -9.75717  -9.75717  -9.75717  -9.75717  -9.75717  -9.75717  -9.75717
  -9.75717  -9.75717  -9.75717  -9.75718
  -9.86480  -9.86480  -9.86480  -9.86480  -9.86480  -9.86480  -9.86480  -9.86480
  -9.86480  -9.86480  -9.86481  -9.86481
 -10.04010 -10.04010 -10.04010 -10.04010 -10.04010 -10.04010 -10.04010 -10.04010
 -10.04010 -10.04010 -10.04010 -10.04011
 -10.28265 -10.28265 -10.28265 -10.28265 -10.28265 -10.28265 -10.28265 -10.28265
 -10.28266 -10.28266 -10.28266 -10.28266
 -10.57143 -10.57143 -10.57143 -10.57143 -10.57143 -10.57143 -10.57143 -10.57144
 -10.57144 -10.57144 -10.57144 -10.57144
 -10.88807 -10.88807 -10.88807 -10.88807 -10.88807 -10.88807 -10.88807 -10.88807
 -10.88807 -10.88807 -10.88807 -10.88808
 -11.22057 -11.22057 -11.22057 -11.22057 -11.22057 -11.22057 -11.22057 -11.22057
 -11.22057 -11.22057 -11.22057 -11.22057
 -11.56189 -11.56189 -11.56189 -11.56189 -11.56189 -11.56189 -11.56189 -11.56189
 -11.56189 -11.56189 -11.56189 -11.56189
 -11.90813 -11.90813 -11.90813 -11.90813 -11.90813 -11.90813 -11.90813 -11.90813
 -11.90813 -11.90813 -11.90813 -11.90814
 --------------------/ IPRT= 1  / IGRD= 1  /RECOM   / Z1=54   / DATE= 11.01.08
  -8.93358  -8.93358  -8.93358  -8.93358  -8.93358  -8.93358  -8.93358  -8.93358
  -8.93358  -8.93358  -8.93358  -8.93358
  -9.05838  -9.05838  -9.05838  -9.05838  -9.05838  -9.05838  -9.05838  -9.05838
  -9.05838  -9.05838  -9.05838  -9.05838
  -9.18401  -9.18401  -9.18401  -9.18401  -9.18401  -9.18401  -9.18401  -9.18401
  -9.18401  -9.18401  -9.18401  -9.18401
  -9.31101  -9.31101  -9.31101  -9.31101  -9.31101  -9.31101  -9.31101  -9.31101
  -9.31101  -9.31101  -9.31101  -9.31101
  -9.44019  -9.44019  -9.44019  -9.44019  -9.44019  -9.44019  -9.44019  -9.44019
  -9.44019  -9.44019  -9.44019  -9.44019
  -9.57267  -9.57267  -9.57267  -9.57267  -9.57267  -9.57267  -9.57267  -9.57267
  -9.57267  -9.57267  -9.57267  -9.57267
  -9.70552  -9.70552  -9.70552  -9.70552  -9.70552  -9.70552  -9.70552  -9.70552
  -9.70552  -9.70552  -9.70552  -9.70552
  -9.74501  -9.74501  -9.74501  -9.74501  -9.74501  -9.74501  -9.74501  -9.74501
  -9.74502  -9.74502  -9.74502  -9.74502
  -9.60486  -9.60486  -9.60486  -9.60486  -9.60486  -9.60486  -9.60486  -9.60486
  -9.60486  -9.60486  -9.60486  -9.60487
  -9.54129  -9.54129  -9.54129  -9.54129  -9.54130  -9.54130  -9.54130  -9.54130
  -9.54130  -9.54130  -9.54130  -9.54130
  -9.60029  -9.60029  -9.60029  -9.60029  -9.60030  -9.60030  -9.60030  -9.60030
  -9.60030  -9.60030  -9.60030  -9.60030
  -9.66085  -9.66085  -9.66085  -9.66085  -9.66085  -9.66085  -9.66085  -9.66085
  -9.66085  -9.66086  -9.66086  -9.66086
  -9.72908  -9.72908  -9.72908  -9.72909  -9.72909  -9.72909  -9.72909  -9.72909
  -9.72909  -9.72909  -9.72909  -9.72909
  -9.87655  -9.87655  -9.87655  -9.87655  -9.87655  -9.87655  -9.87655  -9.87655
  -9.87655  -9.87655  -9.87656  -9.87656
 -10.10394 -10.10394 -10.10394 -10.10394 -10.10394 -10.10394 -10.10394 -10.10394
 -10.10394 -10.10394 -10.10394 -10.10394
 -10.38596 -10.38596 -10.38596 -10.38596 -10.38596 -10.38596 -10.38596 -10.38596
 -10.38596 -10.38596 -10.38596 -10.38596
 -10.70094 -10.70094 -10.70094 -10.70094 -10.70094 -10.70094 -10.70094 -10.70094
 -10.70094 -10.70094 -10.70094 -10.70095
 -11.03481 -11.03481 -11.03481 -11.03481 -11.03481 -11.03481 -11.03481 -11.03481
 -11.03481 -11.03481 -11.03481 -11.03481
 -11.37924 -11.37924 -11.37924 -11.37924 -11.37924 -11.37924 -11.37924 -11.37924
 -11.37924 -11.37924 -11.37924 -11.37924
 -11.72952 -11.72952 -11.72952 -11.72952 -11.72952 -11.72952 -11.72952 -11.72952
 -11.72952 -11.72952 -11.72952 -11.72952
 --------------------/ IPRT= 1  / IGRD= 1  /RECOM   / Z1=55   / DATE= 11.01.08
  -8.91375  -8.91375  -8.91375  -8.91375  -8.91375  -8.91375  -8.91375  -8.91375
  -8.91375  -8.91375  -8.91375  -8.91375
  -9.03850  -9.03850  -9.03850  -9.03850  -9.03850  -9.03850  -9.03850  -9.03850
  -9.03850  -9.03850  -9.03850  -9.03850
  -9.16404  -9.16404  -9.16404  -9.16404  -9.16404  -9.16404  -9.16404  -9.16404
  -9.16404  -9.16404  -9.16404  -9.16404
  -9.29090  -9.29090  -9.29090  -9.29090  -9.29090  -9.29090  -9.29090  -9.29090
  -9.29090  -9.29090  -9.29090  -9.29090
  -9.41987  -9.41987  -9.41987  -9.41987  -9.41987  -9.41987  -9.41987  -9.41987
  -9.41987  -9.41987  -9.41987  -9.41987
  -9.55204  -9.55204  -9.55204  -9.55204  -9.55204  -9.55204  -9.55204  -9.55204
  -9.55204  -9.55204  -9.55204  -9.55204
  -9.68881  -9.68881  -9.68881  -9.68881  -9.68881  -9.68881  -9.68881  -9.68881
  -9.68881  -9.68881  -9.68881  -9.68881
  -9.83178  -9.83178  -9.83178  -9.83178  -9.83178  -9.83178  -9.83178  -9.83178
  -9.83178  -9.83178  -9.83178  -9.83178
  -9.98255  -9.98255  -9.98255  -9.98255  -9.98255  -9.98255  -9.98255  -9.98255
  -9.98255  -9.98255  -9.98255  -9.98255
 -10.13915 -10.13915 -10.13915 -10.13915 -10.13915 -10.13915 -10.13915 -10.13915
 -10.13915 -10.13915 -10.13915 -10.13915
 -10.20647 -10.20647 -10.20647 -10.20647 -10.20647 -10.20647 -10.20647 -10.20647
 -10.20647 -10.20647 -10.20647 -10.20647
 -10.04734 -10.04734 -10.04734 -10.04734 -10.04734 -10.04734 -10.04734 -10.04734
 -10.04734 -10.04734 -10.04734 -10.04734
  -9.94650  -9.94650  -9.94650  -9.94650  -9.94650  -9.94650  -9.94650  -9.94650
  -9.94650  -9.94650  -9.94650  -9.94650
 -10.01209 -10.01209 -10.01209 -10.01209 -10.01209 -10.01209 -10.01209 -10.01209
 -10.01210 -10.01210 -10.01210 -10.01210
 -10.19878 -10.19878 -10.19878 -10.19878 -10.19878 -10.19878 -10.19878 -10.19878
 -10.19878 -10.19878 -10.19878 -10.19878
 -10.45880 -10.45880 -10.45880 -10.45880 -10.45880 -10.45880 -10.45880 -10.45880
 -10.45880 -10.45880 -10.45880 -10.45880
 -10.76092 -10.76092 -10.76092 -10.76092 -10.76092 -10.76092 -10.76092 -10.76092
 -10.76092 -10.76093 -10.76093 -10.76093
 -11.08662 -11.08662 -11.08662 -11.08662 -11.08662 -11.08662 -11.08662 -11.08662
 -11.08662 -11.08662 -11.08662 -11.08662
 -11.42534 -11.42534 -11.42534 -11.42534 -11.42534 -11.42534 -11.42534 -11.42534
 -11.42534 -11.42534 -11.42534 -11.42535
 -11.77125 -11.77125 -11.77125 -11.77125 -11.77125 -11.77125 -11.77125 -11.77125
 -11.77125 -11.77125 -11.77125 -11.77126
 --------------------/ IPRT= 1  / IGRD= 1  /RECOM   / Z1=56   / DATE= 11.01.08
  -8.89046  -8.89046  -8.89046  -8.89046  -8.89046  -8.89046  -8.89046  -8.89046
  -8.89046  -8.89046  -8.89046  -8.89046
  -9.01516  -9.01516  -9.01516  -9.01516  -9.01516  -9.01516  -9.01516  -9.01516
  -9.01516  -9.01516  -9.01516  -9.01516
  -9.14061  -9.14061  -9.14061  -9.14061  -9.14061  -9.14061  -9.14061  -9.14061
  -9.14061  -9.14061  -9.14061  -9.14061
  -9.26732  -9.26732  -9.26732  -9.26732  -9.26732  -9.26732  -9.26732  -9.26732
  -9.26732  -9.26732  -9.26732  -9.26732
  -9.39604  -9.39604  -9.39604  -9.39604  -9.39604  -9.39604  -9.39604  -9.39604
  -9.39604  -9.39604  -9.39604  -9.39604
  -9.52783  -9.52783  -9.52783  -9.52783  -9.52783  -9.52783  -9.52783  -9.52783
  -9.52783  -9.52783  -9.52783  -9.52783
  -9.66405  -9.66405  -9.66405  -9.66405  -9.66405  -9.66405  -9.66405  -9.66405
  -9.66405  -9.66405  -9.66405  -9.66405
  -9.80626  -9.80626  -9.80626  -9.80626  -9.80626  -9.80626  -9.80626  -9.80626
  -9.80626  -9.80626  -9.80626  -9.80626
  -9.95604  -9.95604  -9.95604  -9.95604  -9.95604  -9.95604  -9.95604  -9.95604
  -9.95604  -9.95604  -9.95604  -9.95604
 -10.11253 -10.11253 -10.11253 -10.11253 -10.11253 -10.11253 -10.11253 -10.11253
 -10.11253 -10.11253 -10.11253 -10.11253
 -10.20791 -10.20791 -10.20791 -10.20791 -10.20791 -10.20791 -10.20791 -10.20791
 -10.20791 -10.20791 -10.20791 -10.20791
 -10.11883 -10.11883 -10.11883 -10.11883 -10.11883 -10.11883 -10.11883 -10.11883
 -10.11883 -10.11883 -10.11883 -10.11884
 -10.06010 -10.06010 -10.06010 -10.06010 -10.06010 -10.06010 -10.06010 -10.06011
 -10.06011 -10.06011 -10.06011 -10.06011
 -10.14588 -10.14588 -10.14588 -10.14588 -10.14588 -10.14588 -10.14588 -10.14588
 -10.14588 -10.14588 -10.14588 -10.14588
 -10.34172 -10.34172 -10.34172 -10.34172 -10.34172 -10.34172 -10.34172 -10.34172
 -10.34172 -10.34172 -10.34173 -10.34173
 -10.60424 -10.60424 -10.60424 -10.60424 -10.60424 -10.60424 -10.60424 -10.60424
 -10.60424 -10.60424 -10.60424 -10.60424
 -10.90454 -10.90454 -10.90454 -10.90454 -10.90454 -10.90454 -10.90454 -10.90454
 -10.90454 -10.90454 -10.90454 -10.90454
 -11.22567 -11.22567 -11.22567 -11.22567 -11.22567 -11.22567 -11.22567 -11.22567
 -11.22567 -11.22567 -11.22567 -11.22568
 -11.55819 -11.55819 -11.55819 -11.55819 -11.55819 -11.55819 -11.55819 -11.55819
 -11.55819 -11.55819 -11.55819 -11.55819
 -11.89703 -11.89703 -11.89703 -11.89703 -11.89703 -11.89703 -11.89703 -11.89703
 -11.89703 -11.89703 -11.89703 -11.89703
 --------------------/ IPRT= 1  / IGRD= 1  /RECOM   / Z1=57   / DATE= 11.01.08
  -8.87130  -8.87130  -8.87130  -8.87130  -8.87130  -8.87130  -8.87130  -8.87130
  -8.87130  -8.87130  -8.87130  -8.87130
  -8.99595  -8.99595  -8.99595  -8.99595  -8.99595  -8.99595  -8.99595  -8.99595
  -8.99595  -8.99595  -8.99595  -8.99595
  -9.12133  -9.12133  -9.12133  -9.12133  -9.12133  -9.12133  -9.12133  -9.12133
  -9.12133  -9.12133  -9.12133  -9.12133
  -9.24792  -9.24792  -9.24792  -9.24792  -9.24792  -9.24792  -9.24792  -9.24792
  -9.24792  -9.24792  -9.24792  -9.24792
  -9.37644  -9.37644  -9.37644  -9.37644  -9.37644  -9.37644  -9.37644  -9.37644
  -9.37644  -9.37644  -9.37644  -9.37644
  -9.50794  -9.50794  -9.50794  -9.50794  -9.50794  -9.50794  -9.50794  -9.50794
  -9.50794  -9.50794  -9.50794  -9.50794
  -9.64374  -9.64374  -9.64374  -9.64374  -9.64374  -9.64374  -9.64374  -9.64374
  -9.64374  -9.64374  -9.64374  -9.64374
  -9.78536  -9.78536  -9.78536  -9.78536  -9.78536  -9.78536  -9.78536  -9.78536
  -9.78536  -9.78536  -9.78536  -9.78536
  -9.93439  -9.93439  -9.93439  -9.93439  -9.93439  -9.93439  -9.93439  -9.93439
  -9.93439  -9.93439  -9.93439  -9.93439
 -10.09038 -10.09038 -10.09038 -10.09038 -10.09038 -10.09038 -10.09038 -10.09038
 -10.09038 -10.09038 -10.09038 -10.09038
 -10.19246 -10.19246 -10.19246 -10.19246 -10.19246 -10.19246 -10.19246 -10.19246
 -10.19246 -10.19246 -10.19246 -10.19246
 -10.11132 -10.11132 -10.11132 -10.11132 -10.11132 -10.11132 -10.11132 -10.11132
 -10.11132 -10.11132 -10.11132 -10.11132
 -10.04823 -10.04823 -10.04823 -10.04823 -10.04823 -10.04823 -10.04823 -10.04823
 -10.04823 -10.04823 -10.04823 -10.04823
 -10.12806 -10.12806 -10.12806 -10.12807 -10.12807 -10.12807 -10.12807 -10.12807
 -10.12807 -10.12807 -10.12807 -10.12807
 -10.31966 -10.31966 -10.31966 -10.31966 -10.31966 -10.31966 -10.31966 -10.31966
 -10.31966 -10.31966 -10.31966 -10.31966
 -10.57936 -10.57936 -10.57936 -10.57936 -10.57936 -10.57936 -10.57936 -10.57936
 -10.57936 -10.57936 -10.57936 -10.57937
 -10.87773 -10.87773 -10.87773 -10.87773 -10.87773 -10.87773 -10.87773 -10.87773
 -10.87773 -10.87773 -10.87773 -10.87773
 -11.19737 -11.19737 -11.19737 -11.19737 -11.19737 -11.19737 -11.19737 -11.19737
 -11.19737 -11.19737 -11.19738 -11.19738
 -11.52862 -11.52862 -11.52862 -11.52862 -11.52862 -11.52862 -11.52862 -11.52862
 -11.52862 -11.52863 -11.52863 -11.52863
 -11.86631 -11.86631 -11.86631 -11.86631 -11.86631 -11.86631 -11.86631 -11.86631
 -11.86631 -11.86631 -11.86631 -11.86631
 --------------------/ IPRT= 1  / IGRD= 1  /RECOM   / Z1=58   / DATE= 11.01.08
  -8.85615  -8.85615  -8.85615  -8.85615  -8.85615  -8.85615  -8.85615  -8.85615
  -8.85615  -8.85615  -8.85615  -8.85615
  -8.98077  -8.98077  -8.98077  -8.98077  -8.98077  -8.98077  -8.98077  -8.98077
  -8.98077  -8.98077  -8.98077  -8.98077
  -9.10609  -9.10609  -9.10609  -9.10609  -9.10609  -9.10609  -9.10609  -9.10609
  -9.10609  -9.10609  -9.10609  -9.10609
  -9.23259  -9.23259  -9.23259  -9.23259  -9.23259  -9.23259  -9.23259  -9.23259
  -9.23259  -9.23259  -9.23259  -9.23259
  -9.36096  -9.36096  -9.36096  -9.36096  -9.36096  -9.36096  -9.36096  -9.36096
  -9.36096  -9.36096  -9.36096  -9.36096
  -9.49225  -9.49225  -9.49225  -9.49225  -9.49225  -9.49225  -9.49225  -9.49225
  -9.49225  -9.49225  -9.49225  -9.49225
  -9.62774  -9.62774  -9.62774  -9.62774  -9.62774  -9.62774  -9.62774  -9.62774
  -9.62774  -9.62774  -9.62774  -9.62774
  -9.76897  -9.76897  -9.76897  -9.76897  -9.76897  -9.76897  -9.76897  -9.76897
  -9.76897  -9.76897  -9.76897  -9.76897
  -9.91751  -9.91751  -9.91751  -9.91751  -9.91751  -9.91751  -9.91751  -9.91751
  -9.91751  -9.91751  -9.91751  -9.91751
 -10.07349 -10.07349 -10.07349 -10.07349 -10.07349 -10.07349 -10.07349 -10.07349
 -10.07349 -10.07349 -10.07349 -10.07349
 -10.18958 -10.18958 -10.18958 -10.18958 -10.18958 -10.18958 -10.18958 -10.18958
 -10.18958 -10.18958 -10.18958 -10.18958
 -10.14214 -10.14214 -10.14214 -10.14214 -10.14214 -10.14214 -10.14214 -10.14214
 -10.14214 -10.14214 -10.14214 -10.14214
 -10.09239 -10.09239 -10.09239 -10.09239 -10.09239 -10.09239 -10.09239 -10.09239
 -10.09239 -10.09239 -10.09239 -10.09239
 -10.17353 -10.17353 -10.17353 -10.17353 -10.17353 -10.17353 -10.17353 -10.17353
 -10.17353 -10.17354 -10.17354 -10.17354
 -10.36340 -10.36340 -10.36340 -10.36340 -10.36340 -10.36340 -10.36340 -10.36340
 -10.36341 -10.36341 -10.36341 -10.36341
 -10.62053 -10.62053 -10.62053 -10.62053 -10.62053 -10.62053 -10.62053 -10.62053
 -10.62053 -10.62053 -10.62053 -10.62054
 -10.91593 -10.91593 -10.91593 -10.91593 -10.91593 -10.91593 -10.91593 -10.91593
 -10.91593 -10.91593 -10.91593 -10.91593
 -11.23238 -11.23238 -11.23238 -11.23238 -11.23238 -11.23238 -11.23238 -11.23238
 -11.23238 -11.23238 -11.23238 -11.23238
 -11.56033 -11.56033 -11.56033 -11.56033 -11.56033 -11.56033 -11.56033 -11.56033
 -11.56033 -11.56033 -11.56033 -11.56033
 -11.89472 -11.89472 -11.89472 -11.89472 -11.89472 -11.89472 -11.89472 -11.89472
 -11.89472 -11.89472 -11.89472 -11.89472
 --------------------/ IPRT= 1  / IGRD= 1  /RECOM   / Z1=59   / DATE= 11.01.08
  -8.83755  -8.83755  -8.83755  -8.83755  -8.83755  -8.83755  -8.83755  -8.83755
  -8.83755  -8.83755  -8.83755  -8.83755
  -8.96213  -8.96213  -8.96213  -8.96213  -8.96213  -8.96213  -8.96213  -8.96213
  -8.96213  -8.96213  -8.96213  -8.96213
  -9.08739  -9.08739  -9.08739  -9.08739  -9.08739  -9.08739  -9.08739  -9.08739
  -9.08739  -9.08739  -9.08739  -9.08739
  -9.21377  -9.21377  -9.21377  -9.21377  -9.21377  -9.21377  -9.21377  -9.21377
  -9.21377  -9.21377  -9.21377  -9.21377
  -9.34198  -9.34198  -9.34198  -9.34198  -9.34198  -9.34198  -9.34198  -9.34198
  -9.34198  -9.34198  -9.34198  -9.34198
  -9.47299  -9.47299  -9.47299  -9.47299  -9.47299  -9.47299  -9.47299  -9.47299
  -9.47299  -9.47299  -9.47299  -9.47299
  -9.60809  -9.60809  -9.60809  -9.60809  -9.60809  -9.60809  -9.60809  -9.60809
  -9.60809  -9.60809  -9.60809  -9.60809
  -9.74879  -9.74879  -9.74879  -9.74879  -9.74879  -9.74879  -9.74879  -9.74879
  -9.74879  -9.74879  -9.74879  -9.74879
  -9.89665  -9.89665  -9.89665  -9.89665  -9.89665  -9.89665  -9.89665  -9.89665
  -9.89665  -9.89665  -9.89665  -9.89665
 -10.05229 -10.05229 -10.05229 -10.05229 -10.05229 -10.05229 -10.05229 -10.05229
 -10.05229 -10.05229 -10.05229 -10.05229
 -10.18162 -10.18162 -10.18162 -10.18162 -10.18162 -10.18162 -10.18162 -10.18162
 -10.18162 -10.18162 -10.18162 -10.18162
 -10.17319 -10.17319 -10.17319 -10.17319 -10.17319 -10.17319 -10.17319 -10.17319
 -10.17319 -10.17319 -10.17319 -10.17320
 -10.14279 -10.14279 -10.14279 -10.14279 -10.14279 -10.14279 -10.14279 -10.14279
 -10.14279 -10.14279 -10.14279 -10.14279
 -10.22702 -10.22702 -10.22702 -10.22702 -10.22702 -10.22702 -10.22702 -10.22702
 -10.22702 -10.22702 -10.22702 -10.22702
 -10.41507 -10.41507 -10.41507 -10.41507 -10.41507 -10.41507 -10.41507 -10.41507
 -10.41507 -10.41507 -10.41507 -10.41507
 -10.66875 -10.66875 -10.66875 -10.66875 -10.66875 -10.66875 -10.66875 -10.66875
 -10.66875 -10.66875 -10.66875 -10.66875
 -10.95993 -10.95993 -10.95993 -10.95993 -10.95993 -10.95993 -10.95993 -10.95993
 -10.95993 -10.95993 -10.95993 -10.95993
 -11.27172 -11.27172 -11.27172 -11.27172 -11.27172 -11.27172 -11.27172 -11.27172
 -11.27172 -11.27172 -11.27172 -11.27173
 -11.59484 -11.59484 -11.59484 -11.59484 -11.59484 -11.59484 -11.59484 -11.59485
 -11.59485 -11.59485 -11.59485 -11.59485
 -11.92446 -11.92446 -11.92446 -11.92446 -11.92446 -11.92446 -11.92446 -11.92446
 -11.92446 -11.92446 -11.92446 -11.92446
 --------------------/ IPRT= 1  / IGRD= 1  /RECOM   / Z1=60   / DATE= 11.01.08
  -8.81559  -8.81559  -8.81559  -8.81559  -8.81559  -8.81559  -8.81559  -8.81559
  -8.81559  -8.81559  -8.81559  -8.81559
  -8.94013  -8.94013  -8.94013  -8.94013  -8.94013  -8.94013  -8.94013  -8.94013
  -8.94013  -8.94013  -8.94013  -8.94013
  -9.06531  -9.06531  -9.06531  -9.06531  -9.06531  -9.06531  -9.06531  -9.06531
  -9.06531  -9.06531  -9.06531  -9.06531
  -9.19157  -9.19157  -9.19157  -9.19157  -9.19157  -9.19157  -9.19157  -9.19157
  -9.19157  -9.19157  -9.19157  -9.19157
  -9.31957  -9.31957  -9.31957  -9.31957  -9.31957  -9.31957  -9.31957  -9.31957
  -9.31957  -9.31957  -9.31957  -9.31957
  -9.45027  -9.45027  -9.45027  -9.45027  -9.45027  -9.45027  -9.45027  -9.45027
  -9.45027  -9.45027  -9.45027  -9.45027
  -9.58492  -9.58492  -9.58492  -9.58492  -9.58492  -9.58492  -9.58492  -9.58492
  -9.58492  -9.58492  -9.58492  -9.58492
  -9.72497  -9.72497  -9.72497  -9.72497  -9.72497  -9.72497  -9.72497  -9.72497
  -9.72497  -9.72497  -9.72497  -9.72497
  -9.87198  -9.87198  -9.87198  -9.87198  -9.87198  -9.87198  -9.87198  -9.87198
  -9.87198  -9.87198  -9.87198  -9.87198
 -10.02694 -10.02694 -10.02694 -10.02694 -10.02694 -10.02694 -10.02694 -10.02694
 -10.02694 -10.02694 -10.02694 -10.02694
 -10.16835 -10.16835 -10.16835 -10.16835 -10.16835 -10.16835 -10.16835 -10.16835
 -10.16835 -10.16835 -10.16835 -10.16835
 -10.20471 -10.20471 -10.20471 -10.20471 -10.20471 -10.20471 -10.20471 -10.20471
 -10.20471 -10.20471 -10.20471 -10.20471
 -10.20241 -10.20241 -10.20241 -10.20241 -10.20241 -10.20241 -10.20242 -10.20242
 -10.20242 -10.20242 -10.20242 -10.20242
 -10.29251 -10.29251 -10.29251 -10.29251 -10.29251 -10.29251 -10.29251 -10.29251
 -10.29251 -10.29251 -10.29251 -10.29251
 -10.47846 -10.47846 -10.47846 -10.47846 -10.47846 -10.47846 -10.47846 -10.47846
 -10.47847 -10.47847 -10.47847 -10.47847
 -10.72721 -10.72721 -10.72721 -10.72721 -10.72721 -10.72721 -10.72721 -10.72721
 -10.72721 -10.72721 -10.72721 -10.72721
 -11.01215 -11.01215 -11.01215 -11.01215 -11.01215 -11.01215 -11.01215 -11.01215
 -11.01215 -11.01215 -11.01215 -11.01215
 -11.31708 -11.31708 -11.31708 -11.31708 -11.31708 -11.31708 -11.31708 -11.31708
 -11.31708 -11.31708 -11.31708 -11.31708
 -11.63317 -11.63317 -11.63317 -11.63317 -11.63317 -11.63317 -11.63317 -11.63317
 -11.63317 -11.63317 -11.63317 -11.63317
 -11.95594 -11.95594 -11.95594 -11.95594 -11.95594 -11.95594 -11.95594 -11.95594
 -11.95594 -11.95594 -11.95594 -11.95594
 --------------------/ IPRT= 1  / IGRD= 1  /RECOM   / Z1=61   / DATE= 11.01.08
  -8.79758  -8.79758  -8.79758  -8.79758  -8.79758  -8.79758  -8.79758  -8.79758
  -8.79758  -8.79758  -8.79758  -8.79758
  -8.92208  -8.92208  -8.92208  -8.92208  -8.92208  -8.92208  -8.92208  -8.92208
  -8.92208  -8.92208  -8.92208  -8.92208
  -9.04720  -9.04720  -9.04720  -9.04720  -9.04720  -9.04720  -9.04720  -9.04720
  -9.04720  -9.04720  -9.04720  -9.04720
  -9.17336  -9.17336  -9.17336  -9.17336  -9.17336  -9.17336  -9.17336  -9.17336
  -9.17336  -9.17336  -9.17336  -9.17336
  -9.30120  -9.30120  -9.30120  -9.30120  -9.30120  -9.30120  -9.30120  -9.30120
  -9.30120  -9.30120  -9.30120  -9.30120
  -9.43166  -9.43166  -9.43166  -9.43166  -9.43166  -9.43166  -9.43166  -9.43166
  -9.43166  -9.43166  -9.43166  -9.43166
  -9.56595  -9.56595  -9.56595  -9.56595  -9.56595  -9.56595  -9.56595  -9.56595
  -9.56595  -9.56595  -9.56595  -9.56595
  -9.70551  -9.70551  -9.70551  -9.70551  -9.70551  -9.70551  -9.70551  -9.70551
  -9.70551  -9.70551  -9.70551  -9.70551
  -9.85186  -9.85186  -9.85186  -9.85186  -9.85186  -9.85186  -9.85186  -9.85186
  -9.85186  -9.85186  -9.85186  -9.85186
 -10.00619 -10.00619 -10.00619 -10.00619 -10.00619 -10.00619 -10.00619 -10.00619
 -10.00619 -10.00619 -10.00619 -10.00619
 -10.15536 -10.15536 -10.15536 -10.15536 -10.15536 -10.15536 -10.15536 -10.15536
 -10.15536 -10.15536 -10.15536 -10.15536
 -10.23400 -10.23400 -10.23400 -10.23400 -10.23400 -10.23400 -10.23400 -10.23400
 -10.23400 -10.23400 -10.23400 -10.23400
 -10.27363 -10.27363 -10.27363 -10.27363 -10.27363 -10.27363 -10.27363 -10.27363
 -10.27363 -10.27363 -10.27363 -10.27363
 -10.38072 -10.38072 -10.38072 -10.38072 -10.38073 -10.38073 -10.38073 -10.38073
 -10.38073 -10.38073 -10.38073 -10.38073
 -10.56923 -10.56923 -10.56923 -10.56923 -10.56923 -10.56923 -10.56923 -10.56923
 -10.56923 -10.56923 -10.56923 -10.56924
 -10.81356 -10.81356 -10.81356 -10.81356 -10.81356 -10.81356 -10.81356 -10.81356
 -10.81356 -10.81356 -10.81356 -10.81357
 -11.09055 -11.09055 -11.09055 -11.09055 -11.09055 -11.09055 -11.09055 -11.09055
 -11.09055 -11.09055 -11.09055 -11.09055
 -11.38587 -11.38587 -11.38587 -11.38587 -11.38587 -11.38587 -11.38587 -11.38587
 -11.38587 -11.38587 -11.38587 -11.38587
 -11.69191 -11.69191 -11.69191 -11.69191 -11.69191 -11.69191 -11.69191 -11.69191
 -11.69191 -11.69191 -11.69191 -11.69191
 -12.00496 -12.00496 -12.00496 -12.00496 -12.00496 -12.00496 -12.00496 -12.00496
 -12.00496 -12.00496 -12.00496 -12.00496
 --------------------/ IPRT= 1  / IGRD= 1  /RECOM   / Z1=62   / DATE= 11.01.08
  -8.78342  -8.78342  -8.78342  -8.78342  -8.78342  -8.78342  -8.78342  -8.78342
  -8.78342  -8.78342  -8.78342  -8.78342
  -8.90789  -8.90789  -8.90789  -8.90789  -8.90789  -8.90789  -8.90789  -8.90789
  -8.90789  -8.90789  -8.90789  -8.90789
  -9.03297  -9.03297  -9.03297  -9.03297  -9.03297  -9.03297  -9.03297  -9.03297
  -9.03297  -9.03297  -9.03297  -9.03297
  -9.15906  -9.15906  -9.15906  -9.15906  -9.15906  -9.15906  -9.15906  -9.15906
  -9.15906  -9.15906  -9.15906  -9.15906
  -9.28678  -9.28678  -9.28678  -9.28678  -9.28678  -9.28678  -9.28678  -9.28678
  -9.28678  -9.28678  -9.28678  -9.28678
  -9.41706  -9.41706  -9.41706  -9.41706  -9.41706  -9.41706  -9.41706  -9.41706
  -9.41706  -9.41706  -9.41706  -9.41706
  -9.55109  -9.55109  -9.55109  -9.55109  -9.55109  -9.55109  -9.55109  -9.55109
  -9.55109  -9.55109  -9.55109  -9.55109
  -9.69031  -9.69031  -9.69031  -9.69031  -9.69031  -9.69031  -9.69031  -9.69031
  -9.69031  -9.69031  -9.69031  -9.69031
  -9.83624  -9.83624  -9.83624  -9.83624  -9.83624  -9.83624  -9.83624  -9.83624
  -9.83624  -9.83624  -9.83624  -9.83624
  -9.99035  -9.99035  -9.99035  -9.99035  -9.99035  -9.99035  -9.99035  -9.99035
  -9.99035  -9.99035  -9.99035  -9.99035
 -10.15397 -10.15397 -10.15397 -10.15397 -10.15397 -10.15397 -10.15397 -10.15397
 -10.15397 -10.15397 -10.15397 -10.15397
 -10.32779 -10.32779 -10.32779 -10.32779 -10.32779 -10.32779 -10.32779 -10.32779
 -10.32779 -10.32779 -10.32779 -10.32779
 -10.49328 -10.49328 -10.49328 -10.49328 -10.49328 -10.49328 -10.49328 -10.49328
 -10.49328 -10.49328 -10.49328 -10.49328
 -10.57769 -10.57769 -10.57769 -10.57769 -10.57769 -10.57769 -10.57769 -10.57769
 -10.57769 -10.57769 -10.57769 -10.57769
 -10.62509 -10.62509 -10.62509 -10.62509 -10.62510 -10.62510 -10.62510 -10.62510
 -10.62510 -10.62510 -10.62510 -10.62510
 -10.74383 -10.74383 -10.74383 -10.74383 -10.74383 -10.74383 -10.74383 -10.74383
 -10.74383 -10.74383 -10.74383 -10.74383
 -10.94551 -10.94551 -10.94551 -10.94551 -10.94551 -10.94551 -10.94551 -10.94551
 -10.94551 -10.94551 -10.94551 -10.94551
 -11.20472 -11.20472 -11.20472 -11.20472 -11.20472 -11.20472 -11.20472 -11.20472
 -11.20472 -11.20472 -11.20472 -11.20472
 -11.49855 -11.49855 -11.49855 -11.49855 -11.49855 -11.49855 -11.49855 -11.49855
 -11.49855 -11.49855 -11.49855 -11.49855
 -11.81229 -11.81229 -11.81229 -11.81229 -11.81229 -11.81229 -11.81229 -11.81229
 -11.81229 -11.81229 -11.81229 -11.81230
 --------------------/ IPRT= 1  / IGRD= 1  /RECOM   / Z1=63   / DATE= 11.01.08
  -8.76590  -8.76590  -8.76590  -8.76590  -8.76590  -8.76590  -8.76590  -8.76590
  -8.76590  -8.76590  -8.76590  -8.76590
  -8.89035  -8.89035  -8.89035  -8.89035  -8.89035  -8.89035  -8.89035  -8.89035
  -8.89035  -8.89035  -8.89035  -8.89035
  -9.01537  -9.01537  -9.01537  -9.01537  -9.01537  -9.01537  -9.01537  -9.01537
  -9.01537  -9.01537  -9.01537  -9.01537
  -9.14137  -9.14137  -9.14137  -9.14137  -9.14137  -9.14137  -9.14137  -9.14137
  -9.14137  -9.14137  -9.14137  -9.14137
  -9.26895  -9.26895  -9.26895  -9.26895  -9.26895  -9.26895  -9.26895  -9.26895
  -9.26895  -9.26895  -9.26895  -9.26895
  -9.39900  -9.39900  -9.39900  -9.39900  -9.39900  -9.39900  -9.39900  -9.39900
  -9.39900  -9.39900  -9.39900  -9.39900
  -9.53270  -9.53270  -9.53270  -9.53270  -9.53270  -9.53270  -9.53270  -9.53270
  -9.53270  -9.53270  -9.53270  -9.53270
  -9.67147  -9.67147  -9.67147  -9.67147  -9.67147  -9.67147  -9.67147  -9.67147
  -9.67147  -9.67147  -9.67147  -9.67147
  -9.81680  -9.81680  -9.81680  -9.81680  -9.81680  -9.81680  -9.81680  -9.81680
  -9.81680  -9.81680  -9.81680  -9.81680
  -9.97015  -9.97015  -9.97015  -9.97015  -9.97015  -9.97015  -9.97015  -9.97015
  -9.97015  -9.97015  -9.97015  -9.97015
 -10.13286 -10.13286 -10.13286 -10.13286 -10.13286 -10.13286 -10.13286 -10.13286
 -10.13286 -10.13286 -10.13286 -10.13286
 -10.30562 -10.30562 -10.30562 -10.30562 -10.30562 -10.30562 -10.30562 -10.30562
 -10.30562 -10.30562 -10.30562 -10.30562
 -10.47132 -10.47132 -10.47132 -10.47132 -10.47132 -10.47132 -10.47132 -10.47132
 -10.47132 -10.47132 -10.47132 -10.47132
 -10.56318 -10.56318 -10.56318 -10.56318 -10.56318 -10.56318 -10.56318 -10.56318
 -10.56318 -10.56318 -10.56318 -10.56318
 -10.61938 -10.61938 -10.61938 -10.61938 -10.61938 -10.61938 -10.61938 -10.61938
 -10.61938 -10.61938 -10.61938 -10.61938
 -10.74153 -10.74153 -10.74153 -10.74153 -10.74153 -10.74153 -10.74153 -10.74153
 -10.74153 -10.74153 -10.74153 -10.74153
 -10.94325 -10.94325 -10.94325 -10.94325 -10.94325 -10.94325 -10.94325 -10.94325
 -10.94325 -10.94325 -10.94325 -10.94325
 -11.20108 -11.20108 -11.20108 -11.20108 -11.20108 -11.20108 -11.20108 -11.20108
 -11.20108 -11.20108 -11.20108 -11.20108
 -11.49294 -11.49294 -11.49294 -11.49294 -11.49294 -11.49294 -11.49294 -11.49294
 -11.49294 -11.49294 -11.49294 -11.49294
 -11.80449 -11.80449 -11.80449 -11.80449 -11.80449 -11.80449 -11.80449 -11.80449
 -11.80449 -11.80449 -11.80449 -11.80449
 --------------------/ IPRT= 1  / IGRD= 1  /RECOM   / Z1=64   / DATE= 11.01.08
  -8.74863  -8.74863  -8.74863  -8.74863  -8.74863  -8.74863  -8.74863  -8.74863
  -8.74863  -8.74863  -8.74863  -8.74863
  -8.87305  -8.87305  -8.87305  -8.87305  -8.87305  -8.87305  -8.87305  -8.87305
  -8.87305  -8.87305  -8.87305  -8.87305
  -8.99802  -8.99802  -8.99802  -8.99802  -8.99802  -8.99802  -8.99802  -8.99802
  -8.99802  -8.99802  -8.99802  -8.99802
  -9.12393  -9.12393  -9.12393  -9.12393  -9.12393  -9.12393  -9.12393  -9.12393
  -9.12393  -9.12393  -9.12393  -9.12393
  -9.25138  -9.25138  -9.25138  -9.25138  -9.25138  -9.25138  -9.25138  -9.25138
  -9.25138  -9.25138  -9.25138  -9.25138
  -9.38122  -9.38122  -9.38122  -9.38122  -9.38122  -9.38122  -9.38122  -9.38122
  -9.38122  -9.38122  -9.38122  -9.38122
  -9.51461  -9.51461  -9.51461  -9.51461  -9.51461  -9.51461  -9.51461  -9.51461
  -9.51461  -9.51461  -9.51461  -9.51461
  -9.65294  -9.65294  -9.65294  -9.65294  -9.65294  -9.65294  -9.65294  -9.65294
  -9.65294  -9.65294  -9.65294  -9.65294
  -9.79770  -9.79770  -9.79770  -9.79770  -9.79770  -9.79770  -9.79770  -9.79770
  -9.79770  -9.79770  -9.79770  -9.79770
  -9.95035  -9.95035  -9.95035  -9.95035  -9.95035  -9.95035  -9.95035  -9.95035
  -9.95035  -9.95035  -9.95035  -9.95035
 -10.11220 -10.11220 -10.11220 -10.11220 -10.11220 -10.11220 -10.11220 -10.11220
 -10.11220 -10.11220 -10.11220 -10.11220
 -10.28386 -10.28386 -10.28386 -10.28386 -10.28386 -10.28386 -10.28386 -10.28386
 -10.28386 -10.28386 -10.28386 -10.28386
 -10.44494 -10.44494 -10.44494 -10.44494 -10.44494 -10.44494 -10.44494 -10.44494
 -10.44494 -10.44494 -10.44494 -10.44494
 -10.52190 -10.52190 -10.52190 -10.52190 -10.52190 -10.52190 -10.52190 -10.52190
 -10.52190 -10.52190 -10.52190 -10.52190
 -10.56580 -10.56580 -10.56580 -10.56580 -10.56580 -10.56580 -10.56580 -10.56580
 -10.56580 -10.56580 -10.56580 -10.56580
 -10.68411 -10.68411 -10.68411 -10.68411 -10.68411 -10.68411 -10.68411 -10.68411
 -10.68411 -10.68411 -10.68411 -10.68411
 -10.88579 -10.88579 -10.88579 -10.88579 -10.88579 -10.88579 -10.88579 -10.88580
 -10.88580 -10.88580 -10.88580 -10.88580
 -11.14474 -11.14474 -11.14474 -11.14474 -11.14474 -11.14474 -11.14474 -11.14474
 -11.14474 -11.14474 -11.14474 -11.14474
 -11.43797 -11.43797 -11.43797 -11.43797 -11.43797 -11.43797 -11.43797 -11.43797
 -11.43797 -11.43797 -11.43797 -11.43798
 -11.75088 -11.75088 -11.75088 -11.75088 -11.75088 -11.75088 -11.75088 -11.75088
 -11.75088 -11.75088 -11.75088 -11.75088
 --------------------/ IPRT= 1  / IGRD= 1  /RECOM   / Z1=65   / DATE= 11.01.08
  -8.73109  -8.73109  -8.73109  -8.73109  -8.73109  -8.73109  -8.73109  -8.73109
  -8.73109  -8.73109  -8.73109  -8.73109
  -8.85542  -8.85542  -8.85542  -8.85542  -8.85542  -8.85542  -8.85542  -8.85542
  -8.85542  -8.85542  -8.85542  -8.85542
  -8.98025  -8.98025  -8.98025  -8.98025  -8.98025  -8.98025  -8.98025  -8.98025
  -8.98025  -8.98025  -8.98025  -8.98025
  -9.10592  -9.10592  -9.10592  -9.10592  -9.10592  -9.10592  -9.10592  -9.10592
  -9.10592  -9.10592  -9.10592  -9.10592
  -9.23297  -9.23297  -9.23297  -9.23297  -9.23297  -9.23297  -9.23297  -9.23297
  -9.23297  -9.23297  -9.23297  -9.23297
  -9.36220  -9.36220  -9.36220  -9.36220  -9.36220  -9.36220  -9.36220  -9.36220
  -9.36220  -9.36220  -9.36220  -9.36220
  -9.49470  -9.49470  -9.49470  -9.49470  -9.49470  -9.49470  -9.49470  -9.49470
  -9.49470  -9.49470  -9.49470  -9.49470
  -9.63182  -9.63182  -9.63182  -9.63182  -9.63182  -9.63182  -9.63182  -9.63182
  -9.63182  -9.63182  -9.63182  -9.63182
  -9.77495  -9.77496  -9.77496  -9.77496  -9.77497  -9.77497  -9.77497  -9.77498
  -9.77498  -9.77499  -9.77499  -9.77499
  -9.92221  -9.92235  -9.92250  -9.92267  -9.92284  -9.92303  -9.92323  -9.92343
  -9.92363  -9.92383  -9.92403  -9.92421
 -10.05889 -10.05987 -10.06096 -10.06214 -10.06341 -10.06476 -10.06617 -10.06763
 -10.06911 -10.07058 -10.07203 -10.07343
 -10.18834 -10.19063 -10.19316 -10.19594 -10.19895 -10.20217 -10.20557 -10.20910
 -10.21271 -10.21634 -10.21994 -10.22346
 -10.32881 -10.33174 -10.33500 -10.33860 -10.34252 -10.34674 -10.35121 -10.35588
 -10.36069 -10.36557 -10.37043 -10.37520
 -10.44278 -10.44527 -10.44805 -10.45112 -10.45447 -10.45808 -10.46192 -10.46594
 -10.47008 -10.47429 -10.47849 -10.48263
 -10.54170 -10.54338 -10.54525 -10.54732 -10.54958 -10.55202 -10.55461 -10.55732
 -10.56012 -10.56297 -10.56581 -10.56862
 -10.69280 -10.69394 -10.69521 -10.69662 -10.69816 -10.69983 -10.70160 -10.70346
 -10.70538 -10.70733 -10.70929 -10.71122
 -10.90882 -10.90967 -10.91061 -10.91166 -10.91281 -10.91405 -10.91537 -10.91676
 -10.91821 -10.91968 -10.92116 -10.92262
 -11.17179 -11.17247 -11.17322 -11.17405 -11.17497 -11.17597 -11.17703 -11.17815
 -11.17932 -11.18052 -11.18172 -11.18291
 -11.46351 -11.46406 -11.46469 -11.46539 -11.46616 -11.46700 -11.46789 -11.46884
 -11.46983 -11.47085 -11.47187 -11.47289
 -11.77201 -11.77249 -11.77303 -11.77363 -11.77429 -11.77501 -11.77579 -11.77661
 -11.77747 -11.77836 -11.77926 -11.78015
 --------------------/ IPRT= 1  / IGRD= 1  /RECOM   / Z1=66   / DATE= 11.01.08
  -8.70612  -8.70612  -8.70612  -8.70612  -8.70612  -8.70612  -8.70612  -8.70612
  -8.70612  -8.70612  -8.70612  -8.70612
  -8.83042  -8.83042  -8.83042  -8.83042  -8.83042  -8.83042  -8.83042  -8.83042
  -8.83042  -8.83042  -8.83042  -8.83042
  -8.95518  -8.95518  -8.95518  -8.95518  -8.95518  -8.95518  -8.95518  -8.95518
  -8.95518  -8.95518  -8.95518  -8.95518
  -9.08074  -9.08074  -9.08074  -9.08074  -9.08074  -9.08074  -9.08074  -9.08074
  -9.08074  -9.08074  -9.08074  -9.08074
  -9.20761  -9.20761  -9.20761  -9.20761  -9.20761  -9.20761  -9.20761  -9.20761
  -9.20761  -9.20761  -9.20761  -9.20761
  -9.33656  -9.33656  -9.33656  -9.33656  -9.33656  -9.33656  -9.33656  -9.33656
  -9.33656  -9.33656  -9.33656  -9.33656
  -9.46863  -9.46863  -9.46863  -9.46863  -9.46863  -9.46863  -9.46863  -9.46863
  -9.46863  -9.46863  -9.46863  -9.46863
  -9.60511  -9.60511  -9.60511  -9.60511  -9.60511  -9.60511  -9.60511  -9.60511
  -9.60511  -9.60511  -9.60511  -9.60511
  -9.74727  -9.74727  -9.74728  -9.74729  -9.74730  -9.74730  -9.74731  -9.74732
  -9.74733  -9.74734  -9.74735  -9.74736
  -9.88957  -9.88985  -9.89017  -9.89051  -9.89088  -9.89126  -9.89167  -9.89208
  -9.89250  -9.89292  -9.89332  -9.89371
 -10.00395 -10.00577 -10.00779 -10.01000 -10.01238 -10.01492 -10.01759 -10.02035
 -10.02317 -10.02599 -10.02877 -10.03147
 -10.10279 -10.10663 -10.11092 -10.11565 -10.12080 -10.12635 -10.13224 -10.13841
 -10.14476 -10.15120 -10.15763 -10.16395
 -10.23091 -10.23564 -10.24093 -10.24680 -10.25324 -10.26021 -10.26766 -10.27552
 -10.28367 -10.29201 -10.30040 -10.30871
 -10.36640 -10.37059 -10.37529 -10.38050 -10.38622 -10.39243 -10.39908 -10.40609
 -10.41339 -10.42086 -10.42840 -10.43587
 -10.49880 -10.50183 -10.50523 -10.50900 -10.51313 -10.51762 -10.52241 -10.52747
 -10.53272 -10.53810 -10.54351 -10.54888
 -10.66990 -10.67205 -10.67446 -10.67713 -10.68007 -10.68325 -10.68665 -10.69024
 -10.69397 -10.69778 -10.70163 -10.70543
 -10.89355 -10.89516 -10.89697 -10.89899 -10.90120 -10.90360 -10.90618 -10.90890
 -10.91172 -10.91462 -10.91755 -10.92045
 -11.15731 -11.15860 -11.16004 -11.16165 -11.16342 -11.16535 -11.16741 -11.16960
 -11.17188 -11.17422 -11.17659 -11.17895
 -11.44633 -11.44739 -11.44859 -11.44992 -11.45139 -11.45300 -11.45472 -11.45655
 -11.45847 -11.46044 -11.46244 -11.46444
 -11.75044 -11.75134 -11.75235 -11.75349 -11.75474 -11.75611 -11.75758 -11.75915
 -11.76080 -11.76250 -11.76423 -11.76596
 --------------------/ IPRT= 1  / IGRD= 1  /RECOM   / Z1=67   / DATE= 11.01.08
  -8.68166  -8.68166  -8.68166  -8.68166  -8.68166  -8.68166  -8.68166  -8.68166
  -8.68166  -8.68166  -8.68166  -8.68166
  -8.80592  -8.80592  -8.80592  -8.80592  -8.80592  -8.80592  -8.80592  -8.80592
  -8.80592  -8.80592  -8.80592  -8.80592
  -8.93063  -8.93063  -8.93063  -8.93063  -8.93063  -8.93063  -8.93063  -8.93063
  -8.93063  -8.93063  -8.93063  -8.93063
  -9.05609  -9.05609  -9.05609  -9.05609  -9.05609  -9.05609  -9.05609  -9.05609
  -9.05609  -9.05609  -9.05609  -9.05609
  -9.18280  -9.18280  -9.18280  -9.18280  -9.18280  -9.18280  -9.18280  -9.18280
  -9.18280  -9.18280  -9.18280  -9.18280
  -9.31148  -9.31148  -9.31148  -9.31148  -9.31148  -9.31148  -9.31148  -9.31148
  -9.31148  -9.31148  -9.31148  -9.31148
  -9.44314  -9.44314  -9.44314  -9.44314  -9.44314  -9.44314  -9.44314  -9.44314
  -9.44314  -9.44314  -9.44314  -9.44314
  -9.57903  -9.57903  -9.57903  -9.57903  -9.57903  -9.57903  -9.57903  -9.57903
  -9.57903  -9.57903  -9.57903  -9.57903
  -9.72024  -9.72025  -9.72026  -9.72028  -9.72029  -9.72031  -9.72032  -9.72034
  -9.72035  -9.72037  -9.72038  -9.72040
  -9.85734  -9.85779  -9.85827  -9.85880  -9.85937  -9.85997  -9.86060  -9.86124
  -9.86190  -9.86255  -9.86318  -9.86379
  -9.95152  -9.95407  -9.95690  -9.96001  -9.96337  -9.96697  -9.97077  -9.97471
  -9.97874  -9.98279  -9.98681  -9.99072
 -10.02784 -10.03280 -10.03835 -10.04450 -10.05123 -10.05851 -10.06628 -10.07446
 -10.08293 -10.09158 -10.10027 -10.10886
 -10.14885 -10.15475 -10.16138 -10.16877 -10.17690 -10.18576 -10.19528 -10.20537
 -10.21592 -10.22678 -10.23779 -10.24877
 -10.30053 -10.30590 -10.31195 -10.31869 -10.32613 -10.33424 -10.34297 -10.35224
 -10.36194 -10.37195 -10.38211 -10.39227
 -10.46014 -10.46426 -10.46889 -10.47405 -10.47973 -10.48592 -10.49258 -10.49964
 -10.50701 -10.51461 -10.52230 -10.52997
 -10.64940 -10.65244 -10.65585 -10.65965 -10.66383 -10.66838 -10.67327 -10.67845
 -10.68387 -10.68943 -10.69506 -10.70068
 -10.88030 -10.88262 -10.88522 -10.88812 -10.89132 -10.89480 -10.89854 -10.90251
 -10.90666 -10.91092 -10.91525 -10.91955
 -11.14465 -11.14649 -11.14856 -11.15088 -11.15343 -11.15622 -11.15922 -11.16240
 -11.16573 -11.16917 -11.17266 -11.17614
 -11.43073 -11.43224 -11.43395 -11.43585 -11.43796 -11.44026 -11.44274 -11.44538
 -11.44815 -11.45101 -11.45392 -11.45683
 -11.73027 -11.73154 -11.73297 -11.73456 -11.73634 -11.73827 -11.74037 -11.74260
 -11.74496 -11.74739 -11.74987 -11.75236
 --------------------/ IPRT= 1  / IGRD= 1  /RECOM   / Z1=68   / DATE= 11.01.08
  -8.65769  -8.65769  -8.65769  -8.65769  -8.65769  -8.65769  -8.65769  -8.65769
  -8.65769  -8.65769  -8.65769  -8.65769
  -8.78191  -8.78191  -8.78191  -8.78191  -8.78191  -8.78191  -8.78191  -8.78191
  -8.78191  -8.78191  -8.78191  -8.78191
  -8.90657  -8.90657  -8.90657  -8.90657  -8.90657  -8.90657  -8.90657  -8.90657
  -8.90657  -8.90657  -8.90657  -8.90657
  -9.03194  -9.03194  -9.03194  -9.03194  -9.03194  -9.03194  -9.03194  -9.03194
  -9.03194  -9.03194  -9.03194  -9.03194
  -9.15849  -9.15849  -9.15849  -9.15849  -9.15849  -9.15849  -9.15849  -9.15849
  -9.15849  -9.15849  -9.15849  -9.15849
  -9.28693  -9.28693  -9.28693  -9.28693  -9.28693  -9.28693  -9.28693  -9.28693
  -9.28693  -9.28693  -9.28693  -9.28693
  -9.41821  -9.41821  -9.41821  -9.41821  -9.41821  -9.41821  -9.41821  -9.41821
  -9.41821  -9.41821  -9.41821  -9.41821
  -9.55355  -9.55355  -9.55355  -9.55355  -9.55355  -9.55355  -9.55355  -9.55355
  -9.55355  -9.55355  -9.55355  -9.55355
  -9.69382  -9.69384  -9.69386  -9.69388  -9.69390  -9.69392  -9.69395  -9.69397
  -9.69400  -9.69402  -9.69404  -9.69407
  -9.82500  -9.82563  -9.82631  -9.82706  -9.82787  -9.82872  -9.82962  -9.83054
  -9.83147  -9.83240  -9.83331  -9.83419
  -9.89853  -9.90180  -9.90544  -9.90944  -9.91379  -9.91846  -9.92340  -9.92854
  -9.93383  -9.93917  -9.94448  -9.94968
  -9.95549  -9.96140  -9.96803  -9.97541  -9.98351  -9.99231 -10.00175 -10.01174
 -10.02214 -10.03282 -10.04361 -10.05435
 -10.07134 -10.07817 -10.08588 -10.09449 -10.10401 -10.11442 -10.12567 -10.13766
 -10.15026 -10.16331 -10.17662 -10.18998
 -10.23601 -10.24236 -10.24954 -10.25756 -10.26645 -10.27619 -10.28673 -10.29798
 -10.30982 -10.32211 -10.33467 -10.34731
 -10.41957 -10.42469 -10.43047 -10.43692 -10.44407 -10.45188 -10.46032 -10.46933
 -10.47879 -10.48859 -10.49858 -10.50861
 -10.62683 -10.63075 -10.63517 -10.64010 -10.64556 -10.65152 -10.65795 -10.66480
 -10.67199 -10.67942 -10.68698 -10.69456
 -10.86565 -10.86869 -10.87212 -10.87594 -10.88017 -10.88480 -10.88979 -10.89510
 -10.90068 -10.90644 -10.91230 -10.91817
 -11.13100 -11.13342 -11.13615 -11.13921 -11.14259 -11.14628 -11.15028 -11.15453
 -11.15900 -11.16363 -11.16834 -11.17306
 -11.41435 -11.41633 -11.41855 -11.42105 -11.42381 -11.42684 -11.43011 -11.43361
 -11.43728 -11.44109 -11.44498 -11.44889
 -11.70946 -11.71109 -11.71294 -11.71501 -11.71731 -11.71983 -11.72256 -11.72548
 -11.72856 -11.73176 -11.73503 -11.73832
 --------------------/ IPRT= 1  / IGRD= 1  /RECOM   / Z1=69   / DATE= 11.01.08
  -8.63418  -8.63418  -8.63418  -8.63418  -8.63418  -8.63418  -8.63418  -8.63418
  -8.63418  -8.63418  -8.63418  -8.63418
  -8.75837  -8.75837  -8.75837  -8.75837  -8.75837  -8.75837  -8.75837  -8.75837
  -8.75837  -8.75837  -8.75837  -8.75837
  -8.88298  -8.88298  -8.88298  -8.88298  -8.88298  -8.88298  -8.88298  -8.88298
  -8.88298  -8.88298  -8.88298  -8.88298
  -9.00826  -9.00826  -9.00826  -9.00826  -9.00826  -9.00826  -9.00826  -9.00826
  -9.00826  -9.00826  -9.00826  -9.00826
  -9.13467  -9.13467  -9.13467  -9.13467  -9.13467  -9.13467  -9.13467  -9.13467
  -9.13467  -9.13467  -9.13467  -9.13467
  -9.26287  -9.26287  -9.26287  -9.26287  -9.26287  -9.26287  -9.26287  -9.26287
  -9.26287  -9.26287  -9.26287  -9.26287
  -9.39380  -9.39380  -9.39380  -9.39380  -9.39380  -9.39380  -9.39380  -9.39380
  -9.39380  -9.39380  -9.39380  -9.39380
  -9.52861  -9.52861  -9.52861  -9.52861  -9.52861  -9.52861  -9.52861  -9.52861
  -9.52861  -9.52861  -9.52861  -9.52861
  -9.66858  -9.66858  -9.66858  -9.66858  -9.66858  -9.66858  -9.66858  -9.66858
  -9.66858  -9.66858  -9.66858  -9.66858
  -9.81501  -9.81501  -9.81501  -9.81501  -9.81501  -9.81501  -9.81501  -9.81501
  -9.81501  -9.81501  -9.81501  -9.81501
  -9.96905  -9.96905  -9.96905  -9.96905  -9.96905  -9.96905  -9.96905  -9.96905
  -9.96905  -9.96905  -9.96905  -9.96905
 -10.13169 -10.13169 -10.13169 -10.13169 -10.13169 -10.13169 -10.13169 -10.13169
 -10.13169 -10.13169 -10.13169 -10.13169
 -10.30119 -10.30119 -10.30119 -10.30119 -10.30119 -10.30119 -10.30119 -10.30119
 -10.30119 -10.30119 -10.30119 -10.30119
 -10.46256 -10.46256 -10.46256 -10.46256 -10.46256 -10.46256 -10.46256 -10.46256
 -10.46256 -10.46256 -10.46256 -10.46256
 -10.61385 -10.61385 -10.61385 -10.61385 -10.61385 -10.61385 -10.61385 -10.61385
 -10.61385 -10.61385 -10.61385 -10.61385
 -10.78575 -10.78575 -10.78575 -10.78575 -10.78575 -10.78575 -10.78575 -10.78575
 -10.78575 -10.78575 -10.78575 -10.78575
 -10.99351 -10.99351 -10.99351 -10.99351 -10.99351 -10.99351 -10.99351 -10.99351
 -10.99351 -10.99351 -10.99351 -10.99351
 -11.23158 -11.23158 -11.23158 -11.23158 -11.23158 -11.23158 -11.23158 -11.23158
 -11.23158 -11.23158 -11.23158 -11.23158
 -11.49072 -11.49072 -11.49072 -11.49072 -11.49072 -11.49072 -11.49072 -11.49072
 -11.49072 -11.49072 -11.49072 -11.49072
 -11.76460 -11.76460 -11.76460 -11.76460 -11.76460 -11.76460 -11.76460 -11.76460
 -11.76460 -11.76460 -11.76460 -11.76460
 --------------------/ IPRT= 1  / IGRD= 1  /RECOM   / Z1=70   / DATE= 11.01.08
  -8.61111  -8.61111  -8.61111  -8.61111  -8.61111  -8.61111  -8.61111  -8.61111
  -8.61111  -8.61111  -8.61111  -8.61111
  -8.73528  -8.73528  -8.73528  -8.73528  -8.73528  -8.73528  -8.73528  -8.73528
  -8.73528  -8.73528  -8.73528  -8.73528
  -8.85984  -8.85984  -8.85984  -8.85984  -8.85984  -8.85984  -8.85984  -8.85984
  -8.85984  -8.85984  -8.85984  -8.85984
  -8.98504  -8.98504  -8.98504  -8.98504  -8.98504  -8.98504  -8.98504  -8.98504
  -8.98504  -8.98504  -8.98504  -8.98504
  -9.11132  -9.11132  -9.11132  -9.11132  -9.11132  -9.11132  -9.11132  -9.11132
  -9.11132  -9.11132  -9.11132  -9.11132
  -9.23931  -9.23931  -9.23931  -9.23931  -9.23931  -9.23931  -9.23931  -9.23931
  -9.23931  -9.23931  -9.23931  -9.23931
  -9.36991  -9.36991  -9.36991  -9.36991  -9.36991  -9.36991  -9.36991  -9.36991
  -9.36991  -9.36991  -9.36991  -9.36991
  -9.50423  -9.50423  -9.50423  -9.50423  -9.50423  -9.50423  -9.50423  -9.50423
  -9.50423  -9.50423  -9.50423  -9.50423
  -9.64352  -9.64352  -9.64352  -9.64352  -9.64352  -9.64352  -9.64352  -9.64352
  -9.64352  -9.64352  -9.64352  -9.64352
  -9.78903  -9.78903  -9.78903  -9.78903  -9.78903  -9.78903  -9.78903  -9.78903
  -9.78903  -9.78903  -9.78903  -9.78903
  -9.94189  -9.94189  -9.94189  -9.94189  -9.94189  -9.94189  -9.94189  -9.94189
  -9.94189  -9.94189  -9.94189  -9.94189
 -10.10309 -10.10309 -10.10309 -10.10309 -10.10309 -10.10309 -10.10309 -10.10309
 -10.10309 -10.10309 -10.10309 -10.10309
 -10.27232 -10.27232 -10.27232 -10.27232 -10.27232 -10.27232 -10.27232 -10.27232
 -10.27232 -10.27232 -10.27232 -10.27232
 -10.44312 -10.44312 -10.44312 -10.44312 -10.44312 -10.44312 -10.44312 -10.44312
 -10.44312 -10.44312 -10.44312 -10.44312
 -10.61419 -10.61419 -10.61419 -10.61419 -10.61419 -10.61419 -10.61419 -10.61419
 -10.61419 -10.61419 -10.61419 -10.61419
 -10.80058 -10.80058 -10.80058 -10.80058 -10.80058 -10.80058 -10.80058 -10.80058
 -10.80058 -10.80058 -10.80058 -10.80058
 -11.01132 -11.01132 -11.01132 -11.01132 -11.01132 -11.01132 -11.01132 -11.01132
 -11.01132 -11.01132 -11.01132 -11.01132
 -11.24432 -11.24432 -11.24432 -11.24432 -11.24432 -11.24432 -11.24432 -11.24432
 -11.24432 -11.24432 -11.24432 -11.24432
 -11.49485 -11.49485 -11.49485 -11.49485 -11.49485 -11.49485 -11.49485 -11.49485
 -11.49485 -11.49485 -11.49485 -11.49485
 -11.75947 -11.75947 -11.75947 -11.75947 -11.75947 -11.75947 -11.75947 -11.75947
 -11.75947 -11.75947 -11.75947 -11.75947
 --------------------/ IPRT= 1  / IGRD= 1  /RECOM   / Z1=71   / DATE= 11.01.08
  -8.58848  -8.58848  -8.58848  -8.58848  -8.58848  -8.58848  -8.58848  -8.58848
  -8.58848  -8.58848  -8.58848  -8.58848
  -8.71262  -8.71262  -8.71262  -8.71262  -8.71262  -8.71262  -8.71262  -8.71262
  -8.71262  -8.71262  -8.71262  -8.71262
  -8.83713  -8.83713  -8.83713  -8.83713  -8.83713  -8.83713  -8.83713  -8.83713
  -8.83713  -8.83713  -8.83713  -8.83713
  -8.96226  -8.96226  -8.96226  -8.96226  -8.96226  -8.96226  -8.96226  -8.96226
  -8.96226  -8.96226  -8.96226  -8.96226
  -9.08841  -9.08841  -9.08841  -9.08841  -9.08841  -9.08841  -9.08841  -9.08841
  -9.08841  -9.08841  -9.08841  -9.08841
  -9.21620  -9.21620  -9.21620  -9.21620  -9.21620  -9.21620  -9.21620  -9.21620
  -9.21620  -9.21620  -9.21620  -9.21620
  -9.34649  -9.34649  -9.34649  -9.34649  -9.34649  -9.34649  -9.34649  -9.34649
  -9.34649  -9.34649  -9.34649  -9.34649
  -9.48035  -9.48035  -9.48035  -9.48035  -9.48035  -9.48035  -9.48035  -9.48035
  -9.48035  -9.48035  -9.48035  -9.48035
  -9.61863  -9.61864  -9.61866  -9.61867  -9.61869  -9.61871  -9.61873  -9.61875
  -9.61877  -9.61879  -9.61881  -9.61883
  -9.75320  -9.75359  -9.75401  -9.75447  -9.75497  -9.75550  -9.75605  -9.75662
  -9.75720  -9.75778  -9.75835  -9.75890
  -9.86197  -9.86378  -9.86579  -9.86800  -9.87039  -9.87296  -9.87567  -9.87849
  -9.88138  -9.88430  -9.88719  -9.89001
  -9.96854  -9.97185  -9.97554  -9.97962  -9.98409  -9.98891  -9.99405  -9.99945
 -10.00503 -10.01071 -10.01640 -10.02202
 -10.11243 -10.11627 -10.12058 -10.12537 -10.13063 -10.13633 -10.14245 -10.14890
 -10.15562 -10.16251 -10.16945 -10.17635
 -10.29560 -10.29920 -10.30325 -10.30776 -10.31273 -10.31813 -10.32393 -10.33007
 -10.33649 -10.34307 -10.34974 -10.35638
 -10.50420 -10.50722 -10.51062 -10.51440 -10.51858 -10.52312 -10.52800 -10.53318
 -10.53860 -10.54417 -10.54981 -10.55544
 -10.72747 -10.72985 -10.73252 -10.73550 -10.73879 -10.74237 -10.74622 -10.75031
 -10.75459 -10.75900 -10.76347 -10.76793
 -10.96038 -10.96219 -10.96422 -10.96649 -10.96900 -10.97173 -10.97468 -10.97781
 -10.98108 -10.98447 -10.98790 -10.99133
 -11.20186 -11.20321 -11.20474 -11.20645 -11.20834 -11.21041 -11.21264 -11.21501
 -11.21749 -11.22006 -11.22268 -11.22529
 -11.45317 -11.45420 -11.45535 -11.45665 -11.45808 -11.45965 -11.46135 -11.46315
 -11.46506 -11.46702 -11.46903 -11.47104
 -11.71563 -11.71642 -11.71731 -11.71830 -11.71941 -11.72062 -11.72193 -11.72333
 -11.72481 -11.72635 -11.72792 -11.72949
 --------------------/ IPRT= 1  / IGRD= 1  /RECOM   / Z1=72   / DATE= 11.01.08
  -8.56626  -8.56626  -8.56626  -8.56626  -8.56626  -8.56626  -8.56626  -8.56626
  -8.56626  -8.56626  -8.56626  -8.56626
  -8.69038  -8.69038  -8.69038  -8.69038  -8.69038  -8.69038  -8.69038  -8.69038
  -8.69038  -8.69038  -8.69038  -8.69038
  -8.81485  -8.81485  -8.81485  -8.81485  -8.81485  -8.81485  -8.81485  -8.81485
  -8.81485  -8.81485  -8.81485  -8.81485
  -8.93990  -8.93990  -8.93990  -8.93990  -8.93990  -8.93990  -8.93990  -8.93990
  -8.93990  -8.93990  -8.93990  -8.93990
  -9.06594  -9.06594  -9.06594  -9.06594  -9.06594  -9.06594  -9.06594  -9.06594
  -9.06594  -9.06594  -9.06594  -9.06594
  -9.19354  -9.19354  -9.19354  -9.19354  -9.19354  -9.19354  -9.19354  -9.19354
  -9.19354  -9.19354  -9.19354  -9.19354
  -9.32354  -9.32354  -9.32354  -9.32354  -9.32354  -9.32354  -9.32354  -9.32354
  -9.32354  -9.32354  -9.32354  -9.32354
  -9.45697  -9.45697  -9.45697  -9.45697  -9.45697  -9.45697  -9.45697  -9.45697
  -9.45697  -9.45697  -9.45697  -9.45697
  -9.59502  -9.59502  -9.59502  -9.59502  -9.59502  -9.59502  -9.59502  -9.59502
  -9.59502  -9.59502  -9.59502  -9.59502
  -9.73886  -9.73886  -9.73886  -9.73886  -9.73886  -9.73886  -9.73886  -9.73886
  -9.73886  -9.73886  -9.73886  -9.73886
  -9.88958  -9.88958  -9.88958  -9.88958  -9.88958  -9.88958  -9.88958  -9.88958
  -9.88958  -9.88958  -9.88958  -9.88958
 -10.04811 -10.04811 -10.04811 -10.04811 -10.04811 -10.04811 -10.04811 -10.04811
 -10.04811 -10.04811 -10.04811 -10.04811
 -10.21531 -10.21531 -10.21531 -10.21531 -10.21531 -10.21531 -10.21531 -10.21531
 -10.21531 -10.21531 -10.21531 -10.21531
 -10.39203 -10.39203 -10.39203 -10.39203 -10.39203 -10.39203 -10.39203 -10.39203
 -10.39203 -10.39203 -10.39203 -10.39203
 -10.57925 -10.57925 -10.57925 -10.57925 -10.57925 -10.57925 -10.57925 -10.57925
 -10.57925 -10.57925 -10.57925 -10.57925
 -10.77774 -10.77774 -10.77774 -10.77774 -10.77774 -10.77774 -10.77774 -10.77774
 -10.77774 -10.77774 -10.77774 -10.77774
 -10.98692 -10.98692 -10.98692 -10.98692 -10.98692 -10.98692 -10.98692 -10.98692
 -10.98692 -10.98692 -10.98692 -10.98692
 -11.20689 -11.20689 -11.20689 -11.20689 -11.20689 -11.20689 -11.20689 -11.20689
 -11.20689 -11.20689 -11.20689 -11.20689
 -11.44094 -11.44094 -11.44094 -11.44094 -11.44094 -11.44094 -11.44094 -11.44094
 -11.44094 -11.44094 -11.44094 -11.44094
 -11.69128 -11.69128 -11.69128 -11.69128 -11.69128 -11.69128 -11.69128 -11.69128
 -11.69128 -11.69128 -11.69128 -11.69128
 --------------------/ IPRT= 1  / IGRD= 1  /RECOM   / Z1=73   / DATE= 11.01.08
  -8.48707  -8.48707  -8.48707  -8.48707  -8.48707  -8.48707  -8.48707  -8.48707
  -8.48707  -8.48707  -8.48707  -8.48707
  -8.61109  -8.61109  -8.61109  -8.61109  -8.61109  -8.61109  -8.61109  -8.61109
  -8.61109  -8.61109  -8.61109  -8.61109
  -8.73537  -8.73537  -8.73537  -8.73537  -8.73537  -8.73537  -8.73537  -8.73537
  -8.73537  -8.73537  -8.73537  -8.73537
  -8.86010  -8.86010  -8.86010  -8.86010  -8.86010  -8.86010  -8.86010  -8.86010
  -8.86010  -8.86010  -8.86010  -8.86010
  -8.98560  -8.98560  -8.98560  -8.98560  -8.98560  -8.98560  -8.98560  -8.98560
  -8.98560  -8.98560  -8.98560  -8.98560
  -9.11232  -9.11232  -9.11232  -9.11232  -9.11232  -9.11232  -9.11232  -9.11232
  -9.11232  -9.11232  -9.11232  -9.11232
  -9.24092  -9.24092  -9.24092  -9.24092  -9.24092  -9.24092  -9.24092  -9.24092
  -9.24092  -9.24092  -9.24092  -9.24092
  -9.37226  -9.37226  -9.37226  -9.37226  -9.37226  -9.37226  -9.37226  -9.37226
  -9.37226  -9.37226  -9.37226  -9.37226
  -9.50730  -9.50730  -9.50730  -9.50730  -9.50730  -9.50730  -9.50730  -9.50730
  -9.50730  -9.50730  -9.50730  -9.50730
  -9.64700  -9.64700  -9.64700  -9.64700  -9.64700  -9.64700  -9.64700  -9.64700
  -9.64700  -9.64700  -9.64700  -9.64700
  -9.79222  -9.79222  -9.79222  -9.79222  -9.79222  -9.79222  -9.79222  -9.79222
  -9.79222  -9.79222  -9.79222  -9.79222
  -9.94365  -9.94365  -9.94365  -9.94365  -9.94365  -9.94365  -9.94365  -9.94365
  -9.94365  -9.94365  -9.94365  -9.94365
 -10.10183 -10.10183 -10.10183 -10.10183 -10.10183 -10.10183 -10.10183 -10.10183
 -10.10183 -10.10183 -10.10183 -10.10183
 -10.26724 -10.26724 -10.26724 -10.26724 -10.26724 -10.26724 -10.26724 -10.26724
 -10.26724 -10.26724 -10.26724 -10.26724
 -10.44040 -10.44040 -10.44040 -10.44040 -10.44040 -10.44040 -10.44040 -10.44040
 -10.44040 -10.44040 -10.44040 -10.44040
 -10.62183 -10.62183 -10.62183 -10.62183 -10.62183 -10.62183 -10.62183 -10.62183
 -10.62183 -10.62183 -10.62183 -10.62183
 -10.81171 -10.81171 -10.81171 -10.81171 -10.81171 -10.81171 -10.81171 -10.81171
 -10.81171 -10.81171 -10.81171 -10.81171
 -11.01072 -11.01072 -11.01072 -11.01072 -11.01072 -11.01072 -11.01072 -11.01072
 -11.01072 -11.01072 -11.01072 -11.01072
 -11.22081 -11.22081 -11.22081 -11.22081 -11.22081 -11.22081 -11.22081 -11.22081
 -11.22081 -11.22081 -11.22081 -11.22081
 -11.44361 -11.44361 -11.44361 -11.44361 -11.44361 -11.44361 -11.44361 -11.44361
 -11.44361 -11.44361 -11.44361 -11.44361
 --------------------/ IPRT= 1  / IGRD= 1  /RECOM   / Z1=74   / DATE= 11.01.08
  -8.41196  -8.41196  -8.41196  -8.41196  -8.41196  -8.41196  -8.41196  -8.41196
  -8.41196  -8.41196  -8.41196  -8.41196
  -8.53592  -8.53592  -8.53592  -8.53592  -8.53592  -8.53592  -8.53592  -8.53592
  -8.53592  -8.53592  -8.53592  -8.53592
  -8.66010  -8.66010  -8.66010  -8.66010  -8.66010  -8.66010  -8.66010  -8.66010
  -8.66010  -8.66010  -8.66010  -8.66010
  -8.78467  -8.78467  -8.78467  -8.78467  -8.78467  -8.78467  -8.78467  -8.78467
  -8.78467  -8.78467  -8.78467  -8.78467
  -8.90988  -8.90988  -8.90988  -8.90988  -8.90988  -8.90988  -8.90988  -8.90988
  -8.90988  -8.90988  -8.90988  -8.90988
  -9.03612  -9.03612  -9.03612  -9.03612  -9.03612  -9.03612  -9.03612  -9.03612
  -9.03612  -9.03612  -9.03612  -9.03612
  -9.16396  -9.16396  -9.16396  -9.16396  -9.16396  -9.16396  -9.16396  -9.16396
  -9.16396  -9.16396  -9.16396  -9.16396
  -9.29411  -9.29411  -9.29411  -9.29411  -9.29411  -9.29411  -9.29411  -9.29411
  -9.29411  -9.29411  -9.29411  -9.29411
  -9.42739  -9.42739  -9.42739  -9.42739  -9.42739  -9.42739  -9.42739  -9.42739
  -9.42739  -9.42739  -9.42739  -9.42739
  -9.56460  -9.56460  -9.56460  -9.56460  -9.56460  -9.56460  -9.56460  -9.56460
  -9.56460  -9.56460  -9.56460  -9.56460
  -9.70643  -9.70643  -9.70643  -9.70643  -9.70643  -9.70643  -9.70643  -9.70643
  -9.70643  -9.70643  -9.70643  -9.70643
  -9.85340  -9.85340  -9.85340  -9.85340  -9.85340  -9.85340  -9.85340  -9.85340
  -9.85340  -9.85340  -9.85340  -9.85340
 -10.00588 -10.00588 -10.00588 -10.00588 -10.00588 -10.00588 -10.00588 -10.00588
 -10.00588 -10.00588 -10.00588 -10.00588
 -10.16420 -10.16420 -10.16420 -10.16420 -10.16420 -10.16420 -10.16420 -10.16420
 -10.16420 -10.16420 -10.16420 -10.16420
 -10.32874 -10.32874 -10.32874 -10.32874 -10.32874 -10.32874 -10.32874 -10.32874
 -10.32874 -10.32874 -10.32874 -10.32874
 -10.50008 -10.50008 -10.50008 -10.50008 -10.50008 -10.50008 -10.50008 -10.50008
 -10.50008 -10.50008 -10.50008 -10.50008
 -10.67905 -10.67905 -10.67905 -10.67905 -10.67905 -10.67905 -10.67905 -10.67905
 -10.67905 -10.67905 -10.67905 -10.67905
 -10.86688 -10.86688 -10.86688 -10.86688 -10.86688 -10.86688 -10.86688 -10.86688
 -10.86688 -10.86688 -10.86688 -10.86688
 -11.06511 -11.06511 -11.06511 -11.06511 -11.06511 -11.06511 -11.06511 -11.06511
 -11.06511 -11.06511 -11.06511 -11.06511
 -11.27538 -11.27538 -11.27538 -11.27538 -11.27538 -11.27538 -11.27538 -11.27538
 -11.27538 -11.27538 -11.27538 -11.27538
C-------------------------------------------------------------------------------
C
C  Generate radiative recombination from : 
C     /home/adas/adas/adf03/atompars/atompars_arf#w.dat
C
C  CODE     : ADAS408
C  PRODUCER : Adam Foster                   
C  DATE     : 11.01.08
C
C  This file was used at JET and in SOLPS under the name acd89_w_01.dat
C  but was not in central ADAS. Although more sophisticated methods of
C  choosing the configurations for the adf04 files, which are the basis of
C  the coefficients in the adf03 file, have been developed this version
C  of the adf11 acd file is chosen for ADAS for data provenance 
C  considerations. Better acd data for tungsten within ADAS should be
C  preferred for modelling application.
C
C  Martin O'Mullane
C  14-06-2019
C 
C-------------------------------------------------------------------------------

C-----------------------------------------------------------------------
C                               OPEN-ADAS
C                               +++++++++
C
C This file has been downloaded from OPEN-ADAS (http://open.adas.ac.uk)
C on 21-Jul-2026.
C
C TERMS AND CONDITIONS
C --------------------
C
C The user of the OPEN-ADAS system and data (hereinafter "the User")
C accepts the following terms and conditions:
C
C   1. The University of Strathclyde uses all reasonable endeavours to
C      ensure the accuracy of the data provided and any information
C      given, but the University makes no warranty, expressed or implied
C      as to its accuracy, integrity, fitness for purpose and shall not
C      be responsible for the use to which the data is put by the User
C      and/or any consequences arising out of any inaccuracies or
C      omissions.
C
C   2. Any downloaded OPEN-ADAS file is made available for the
C      personal use of the User only.  It must not be used for any
C      commercial application, incorporated into any web site or in
C      any form re-distributed without express prior written permission
C      from the ADAS Project. In particular, but not by way of
C      limitation, it must not be:
C        *  inserted into a managed database structure,
C        *  redistributed along with a modelling or analysis code,
C        *  made available on a public website.
C
C Permission for OPEN-ADAS data incorporation in non-commercial
C code/system development for scientific advance will not be
C unreasonably withheld, but will be subject to written agreement
C on a case by case basis.
C
C The User will indemnify the University of Strathclyde and keep it
C fully and effectively indemnified against each and every claim made
C against the University as a result of the User's use of the data.
C
C-----------------------------------------------------------------------
