   74   12   20    1   74     /TUNGSTEN           /ABELS-VAN MAANEN 1985   ADF11
 -------------------------------------------------------------------------------
   9.00000   9.54545  10.09091  10.63636  11.18182  11.72727  12.27273  12.81818
  13.36364  13.90909  14.45455  15.00000
   0.00000   0.24731   0.49463   0.74194   0.98926   1.23657   1.48389   1.73120
   1.97851   2.22583   2.47314   2.72046   2.96777   3.21508   3.46240   3.70971
   3.95703   4.20434   4.45166   4.69897
 --------------------/ IGRD= 1  / IPRT= 0  /PLT     / Z1= 1   / DATE= 11.01.08
 -25.90760 -25.90760 -25.90760 -25.90760 -25.90760 -25.90760 -25.90760 -25.90760
 -25.90760 -25.90760 -25.90760 -25.90760
 -25.29458 -25.29458 -25.29458 -25.29458 -25.29458 -25.29458 -25.29458 -25.29458
 -25.29458 -25.29458 -25.29458 -25.29458
 -24.97451 -24.97451 -24.97451 -24.97451 -24.97451 -24.97451 -24.97451 -24.97451
 -24.97451 -24.97451 -24.97451 -24.97451
 -24.84057 -24.84057 -24.84057 -24.84057 -24.84057 -24.84057 -24.84057 -24.84057
 -24.84057 -24.84057 -24.84057 -24.84057
 -24.81675 -24.81675 -24.81675 -24.81675 -24.81675 -24.81675 -24.81675 -24.81675
 -24.81675 -24.81675 -24.81675 -24.81675
 -24.85646 -24.85646 -24.85646 -24.85646 -24.85646 -24.85646 -24.85646 -24.85646
 -24.85646 -24.85646 -24.85646 -24.85646
 -24.93247 -24.93247 -24.93247 -24.93247 -24.93247 -24.93247 -24.93247 -24.93247
 -24.93247 -24.93247 -24.93247 -24.93247
 -25.02912 -25.02912 -25.02912 -25.02912 -25.02912 -25.02912 -25.02912 -25.02912
 -25.02912 -25.02912 -25.02912 -25.02912
 -25.13748 -25.13748 -25.13748 -25.13748 -25.13748 -25.13748 -25.13748 -25.13748
 -25.13748 -25.13748 -25.13748 -25.13748
 -25.25248 -25.25248 -25.25248 -25.25248 -25.25248 -25.25248 -25.25248 -25.25248
 -25.25248 -25.25248 -25.25248 -25.25248
 -25.37123 -25.37123 -25.37123 -25.37123 -25.37123 -25.37123 -25.37123 -25.37123
 -25.37123 -25.37123 -25.37123 -25.37123
 -25.49212 -25.49212 -25.49212 -25.49212 -25.49212 -25.49212 -25.49212 -25.49212
 -25.49212 -25.49212 -25.49212 -25.49212
 -25.61420 -25.61420 -25.61420 -25.61420 -25.61420 -25.61420 -25.61420 -25.61420
 -25.61420 -25.61420 -25.61420 -25.61420
 -25.73697 -25.73697 -25.73697 -25.73697 -25.73697 -25.73697 -25.73697 -25.73697
 -25.73697 -25.73697 -25.73697 -25.73697
 -25.86013 -25.86013 -25.86013 -25.86013 -25.86013 -25.86013 -25.86013 -25.86013
 -25.86013 -25.86013 -25.86013 -25.86013
 -25.98350 -25.98350 -25.98350 -25.98350 -25.98350 -25.98350 -25.98350 -25.98350
 -25.98350 -25.98350 -25.98350 -25.98350
 -26.10700 -26.10700 -26.10700 -26.10700 -26.10700 -26.10700 -26.10700 -26.10700
 -26.10700 -26.10700 -26.10700 -26.10700
 -26.23056 -26.23056 -26.23056 -26.23056 -26.23056 -26.23056 -26.23056 -26.23056
 -26.23056 -26.23056 -26.23056 -26.23056
 -26.35417 -26.35417 -26.35417 -26.35417 -26.35417 -26.35417 -26.35417 -26.35417
 -26.35417 -26.35417 -26.35417 -26.35417
 -26.47780 -26.47780 -26.47780 -26.47780 -26.47780 -26.47780 -26.47780 -26.47780
 -26.47780 -26.47780 -26.47780 -26.47780
 --------------------/ IGRD= 1  / IPRT= 0  /PLT     / Z1= 2   / DATE= 11.01.08
 -26.07092 -26.07092 -26.07092 -26.07092 -26.07092 -26.07092 -26.07092 -26.07092
 -26.07092 -26.07092 -26.07092 -26.07092
 -25.24214 -25.24214 -25.24214 -25.24214 -25.24214 -25.24214 -25.24214 -25.24214
 -25.24214 -25.24214 -25.24214 -25.24214
 -24.82168 -24.82168 -24.82168 -24.82168 -24.82168 -24.82168 -24.82168 -24.82168
 -24.82168 -24.82168 -24.82168 -24.82168
 -24.63564 -24.63564 -24.63564 -24.63564 -24.63564 -24.63564 -24.63564 -24.63564
 -24.63564 -24.63564 -24.63564 -24.63564
 -24.58347 -24.58347 -24.58347 -24.58347 -24.58347 -24.58347 -24.58347 -24.58347
 -24.58347 -24.58347 -24.58347 -24.58347
 -24.60744 -24.60744 -24.60744 -24.60744 -24.60744 -24.60744 -24.60744 -24.60744
 -24.60744 -24.60744 -24.60744 -24.60744
 -24.67462 -24.67462 -24.67462 -24.67462 -24.67462 -24.67462 -24.67462 -24.67462
 -24.67462 -24.67462 -24.67462 -24.67462
 -24.76631 -24.76631 -24.76631 -24.76631 -24.76631 -24.76631 -24.76631 -24.76631
 -24.76631 -24.76631 -24.76631 -24.76631
 -24.87187 -24.87187 -24.87187 -24.87187 -24.87187 -24.87187 -24.87187 -24.87187
 -24.87187 -24.87187 -24.87187 -24.87187
 -24.98528 -24.98528 -24.98528 -24.98528 -24.98528 -24.98528 -24.98528 -24.98528
 -24.98528 -24.98528 -24.98528 -24.98528
 -25.10314 -25.10314 -25.10314 -25.10314 -25.10314 -25.10314 -25.10314 -25.10314
 -25.10314 -25.10314 -25.10314 -25.10314
 -25.22352 -25.22352 -25.22352 -25.22352 -25.22352 -25.22352 -25.22352 -25.22352
 -25.22352 -25.22352 -25.22352 -25.22352
 -25.34532 -25.34532 -25.34532 -25.34532 -25.34532 -25.34532 -25.34532 -25.34532
 -25.34532 -25.34532 -25.34532 -25.34532
 -25.46793 -25.46793 -25.46793 -25.46793 -25.46793 -25.46793 -25.46793 -25.46793
 -25.46793 -25.46793 -25.46793 -25.46793
 -25.59099 -25.59099 -25.59099 -25.59099 -25.59099 -25.59099 -25.59099 -25.59099
 -25.59099 -25.59099 -25.59099 -25.59099
 -25.71431 -25.71431 -25.71431 -25.71431 -25.71431 -25.71431 -25.71431 -25.71431
 -25.71431 -25.71431 -25.71431 -25.71431
 -25.83778 -25.83778 -25.83778 -25.83778 -25.83778 -25.83778 -25.83778 -25.83778
 -25.83778 -25.83778 -25.83778 -25.83778
 -25.96133 -25.96133 -25.96133 -25.96133 -25.96133 -25.96133 -25.96133 -25.96133
 -25.96133 -25.96133 -25.96133 -25.96133
 -26.08492 -26.08492 -26.08492 -26.08492 -26.08492 -26.08492 -26.08492 -26.08492
 -26.08492 -26.08492 -26.08492 -26.08492
 -26.20855 -26.20855 -26.20855 -26.20855 -26.20855 -26.20855 -26.20855 -26.20855
 -26.20855 -26.20855 -26.20855 -26.20855
 --------------------/ IGRD= 1  / IPRT= 0  /PLT     / Z1= 3   / DATE= 11.01.08
 -27.59259 -27.59259 -27.59259 -27.59259 -27.59259 -27.59259 -27.59259 -27.59259
 -27.59259 -27.59259 -27.59259 -27.59259
 -26.20709 -26.20709 -26.20709 -26.20709 -26.20709 -26.20709 -26.20709 -26.20709
 -26.20709 -26.20709 -26.20709 -26.20709
 -25.46197 -25.46197 -25.46197 -25.46197 -25.46197 -25.46197 -25.46197 -25.46197
 -25.46197 -25.46197 -25.46197 -25.46197
 -25.05577 -25.05577 -25.05577 -25.05577 -25.05577 -25.05577 -25.05577 -25.05577
 -25.05577 -25.05577 -25.05577 -25.05577
 -24.80839 -24.80839 -24.80839 -24.80839 -24.80839 -24.80839 -24.80839 -24.80839
 -24.80839 -24.80839 -24.80839 -24.80839
 -24.61194 -24.61194 -24.61194 -24.61194 -24.61194 -24.61194 -24.61194 -24.61194
 -24.61194 -24.61194 -24.61194 -24.61194
 -24.47443 -24.47443 -24.47443 -24.47443 -24.47443 -24.47443 -24.47443 -24.47443
 -24.47443 -24.47443 -24.47443 -24.47443
 -24.41888 -24.41888 -24.41888 -24.41888 -24.41888 -24.41888 -24.41888 -24.41888
 -24.41888 -24.41888 -24.41888 -24.41888
 -24.43146 -24.43146 -24.43146 -24.43146 -24.43146 -24.43146 -24.43146 -24.43146
 -24.43146 -24.43146 -24.43146 -24.43146
 -24.48941 -24.48941 -24.48941 -24.48941 -24.48941 -24.48941 -24.48941 -24.48941
 -24.48941 -24.48941 -24.48941 -24.48941
 -24.57502 -24.57502 -24.57502 -24.57502 -24.57502 -24.57502 -24.57502 -24.57502
 -24.57502 -24.57502 -24.57502 -24.57502
 -24.67688 -24.67688 -24.67688 -24.67688 -24.67688 -24.67688 -24.67688 -24.67688
 -24.67688 -24.67688 -24.67688 -24.67688
 -24.78812 -24.78812 -24.78812 -24.78812 -24.78812 -24.78812 -24.78812 -24.78812
 -24.78812 -24.78812 -24.78812 -24.78812
 -24.90473 -24.90473 -24.90473 -24.90473 -24.90473 -24.90473 -24.90473 -24.90473
 -24.90473 -24.90473 -24.90473 -24.90473
 -25.02439 -25.02439 -25.02439 -25.02439 -25.02439 -25.02439 -25.02439 -25.02439
 -25.02439 -25.02439 -25.02439 -25.02439
 -25.14578 -25.14578 -25.14578 -25.14578 -25.14578 -25.14578 -25.14578 -25.14578
 -25.14578 -25.14578 -25.14578 -25.14578
 -25.26816 -25.26816 -25.26816 -25.26816 -25.26816 -25.26816 -25.26816 -25.26816
 -25.26816 -25.26816 -25.26816 -25.26816
 -25.39109 -25.39109 -25.39109 -25.39109 -25.39109 -25.39109 -25.39109 -25.39109
 -25.39109 -25.39109 -25.39109 -25.39109
 -25.51433 -25.51433 -25.51433 -25.51433 -25.51433 -25.51433 -25.51433 -25.51433
 -25.51433 -25.51433 -25.51433 -25.51433
 -25.63776 -25.63776 -25.63776 -25.63776 -25.63776 -25.63776 -25.63776 -25.63776
 -25.63776 -25.63776 -25.63776 -25.63776
 --------------------/ IGRD= 1  / IPRT= 0  /PLT     / Z1= 4   / DATE= 11.01.08
 -29.24018 -29.24018 -29.24018 -29.24018 -29.24018 -29.24018 -29.24018 -29.24018
 -29.24018 -29.24018 -29.24018 -29.24018
 -27.16495 -27.16495 -27.16495 -27.16495 -27.16495 -27.16495 -27.16495 -27.16495
 -27.16495 -27.16495 -27.16495 -27.16495
 -26.02999 -26.02999 -26.02999 -26.02999 -26.02999 -26.02999 -26.02999 -26.02999
 -26.02999 -26.02999 -26.02999 -26.02999
 -25.38451 -25.38451 -25.38451 -25.38451 -25.38451 -25.38451 -25.38451 -25.38451
 -25.38451 -25.38451 -25.38451 -25.38451
 -24.96380 -24.96380 -24.96380 -24.96380 -24.96380 -24.96380 -24.96380 -24.96380
 -24.96380 -24.96380 -24.96380 -24.96380
 -24.65294 -24.65294 -24.65294 -24.65294 -24.65294 -24.65294 -24.65294 -24.65294
 -24.65294 -24.65294 -24.65294 -24.65294
 -24.45834 -24.45834 -24.45834 -24.45834 -24.45834 -24.45834 -24.45834 -24.45834
 -24.45834 -24.45834 -24.45834 -24.45834
 -24.37661 -24.37661 -24.37661 -24.37661 -24.37661 -24.37661 -24.37661 -24.37661
 -24.37661 -24.37661 -24.37661 -24.37661
 -24.37652 -24.37652 -24.37652 -24.37652 -24.37652 -24.37652 -24.37652 -24.37652
 -24.37652 -24.37652 -24.37652 -24.37652
 -24.42794 -24.42794 -24.42794 -24.42794 -24.42794 -24.42794 -24.42794 -24.42794
 -24.42794 -24.42794 -24.42794 -24.42794
 -24.51005 -24.51005 -24.51005 -24.51005 -24.51005 -24.51005 -24.51005 -24.51005
 -24.51005 -24.51005 -24.51005 -24.51005
 -24.60999 -24.60999 -24.60999 -24.60999 -24.60999 -24.60999 -24.60999 -24.60999
 -24.60999 -24.60999 -24.60999 -24.60999
 -24.72016 -24.72016 -24.72016 -24.72016 -24.72016 -24.72016 -24.72016 -24.72016
 -24.72016 -24.72016 -24.72016 -24.72016
 -24.83616 -24.83616 -24.83616 -24.83616 -24.83616 -24.83616 -24.83616 -24.83616
 -24.83616 -24.83616 -24.83616 -24.83616
 -24.95549 -24.95549 -24.95549 -24.95549 -24.95549 -24.95549 -24.95549 -24.95549
 -24.95549 -24.95549 -24.95549 -24.95549
 -25.07669 -25.07669 -25.07669 -25.07669 -25.07669 -25.07669 -25.07669 -25.07669
 -25.07669 -25.07669 -25.07669 -25.07669
 -25.19896 -25.19896 -25.19896 -25.19896 -25.19896 -25.19896 -25.19896 -25.19896
 -25.19896 -25.19896 -25.19896 -25.19896
 -25.32183 -25.32183 -25.32183 -25.32183 -25.32183 -25.32183 -25.32183 -25.32183
 -25.32183 -25.32183 -25.32183 -25.32183
 -25.44504 -25.44504 -25.44504 -25.44504 -25.44504 -25.44504 -25.44504 -25.44504
 -25.44504 -25.44504 -25.44504 -25.44504
 -25.56844 -25.56844 -25.56844 -25.56844 -25.56844 -25.56844 -25.56844 -25.56844
 -25.56844 -25.56844 -25.56844 -25.56844
 --------------------/ IGRD= 1  / IPRT= 0  /PLT     / Z1= 5   / DATE= 11.01.08
 -31.12542 -31.12542 -31.12542 -31.12542 -31.12542 -31.12542 -31.12542 -31.12542
 -31.12542 -31.12542 -31.12542 -31.12542
 -28.32370 -28.32370 -28.32370 -28.32370 -28.32370 -28.32370 -28.32370 -28.32370
 -28.32370 -28.32370 -28.32370 -28.32370
 -26.78073 -26.78073 -26.78073 -26.78073 -26.78073 -26.78073 -26.78073 -26.78073
 -26.78073 -26.78073 -26.78073 -26.78073
 -25.89735 -25.89735 -25.89735 -25.89735 -25.89735 -25.89735 -25.89735 -25.89735
 -25.89735 -25.89735 -25.89735 -25.89735
 -25.27665 -25.27665 -25.27665 -25.27665 -25.27665 -25.27665 -25.27665 -25.27665
 -25.27665 -25.27665 -25.27665 -25.27665
 -24.78938 -24.78938 -24.78938 -24.78938 -24.78938 -24.78938 -24.78938 -24.78938
 -24.78938 -24.78938 -24.78938 -24.78938
 -24.48962 -24.48962 -24.48962 -24.48962 -24.48962 -24.48962 -24.48962 -24.48962
 -24.48962 -24.48962 -24.48962 -24.48962
 -24.35343 -24.35343 -24.35343 -24.35343 -24.35343 -24.35343 -24.35343 -24.35343
 -24.35343 -24.35343 -24.35343 -24.35343
 -24.32491 -24.32491 -24.32491 -24.32491 -24.32491 -24.32491 -24.32491 -24.32491
 -24.32491 -24.32491 -24.32491 -24.32491
 -24.36106 -24.36106 -24.36106 -24.36106 -24.36106 -24.36106 -24.36106 -24.36106
 -24.36106 -24.36106 -24.36106 -24.36106
 -24.43479 -24.43479 -24.43479 -24.43479 -24.43479 -24.43479 -24.43479 -24.43479
 -24.43479 -24.43479 -24.43479 -24.43479
 -24.53008 -24.53008 -24.53008 -24.53008 -24.53008 -24.53008 -24.53008 -24.53008
 -24.53008 -24.53008 -24.53008 -24.53008
 -24.63764 -24.63764 -24.63764 -24.63764 -24.63764 -24.63764 -24.63764 -24.63764
 -24.63764 -24.63764 -24.63764 -24.63764
 -24.75218 -24.75218 -24.75218 -24.75218 -24.75218 -24.75218 -24.75218 -24.75218
 -24.75218 -24.75218 -24.75218 -24.75218
 -24.87068 -24.87068 -24.87068 -24.87068 -24.87068 -24.87068 -24.87068 -24.87068
 -24.87068 -24.87068 -24.87068 -24.87068
 -24.99141 -24.99141 -24.99141 -24.99141 -24.99141 -24.99141 -24.99141 -24.99141
 -24.99141 -24.99141 -24.99141 -24.99141
 -25.11342 -25.11342 -25.11342 -25.11342 -25.11342 -25.11342 -25.11342 -25.11342
 -25.11342 -25.11342 -25.11342 -25.11342
 -25.23614 -25.23614 -25.23614 -25.23614 -25.23614 -25.23614 -25.23614 -25.23614
 -25.23614 -25.23614 -25.23614 -25.23614
 -25.35926 -25.35926 -25.35926 -25.35926 -25.35926 -25.35926 -25.35926 -25.35926
 -25.35926 -25.35926 -25.35926 -25.35926
 -25.48262 -25.48262 -25.48262 -25.48262 -25.48262 -25.48262 -25.48262 -25.48262
 -25.48262 -25.48262 -25.48262 -25.48262
 --------------------/ IGRD= 1  / IPRT= 0  /PLT     / Z1= 6   / DATE= 11.01.08
 -33.07686 -33.07686 -33.07686 -33.07686 -33.07686 -33.07686 -33.07686 -33.07686
 -33.07686 -33.07686 -33.07686 -33.07686
 -29.55682 -29.55682 -29.55682 -29.55682 -29.55682 -29.55682 -29.55682 -29.55682
 -29.55682 -29.55682 -29.55682 -29.55682
 -27.61598 -27.61598 -27.61598 -27.61598 -27.61598 -27.61598 -27.61598 -27.61598
 -27.61598 -27.61598 -27.61598 -27.61598
 -26.49745 -26.49745 -26.49745 -26.49745 -26.49745 -26.49745 -26.49745 -26.49745
 -26.49745 -26.49745 -26.49745 -26.49745
 -25.61101 -25.61101 -25.61101 -25.61101 -25.61101 -25.61101 -25.61101 -25.61101
 -25.61101 -25.61101 -25.61101 -25.61101
 -24.92542 -24.92542 -24.92542 -24.92542 -24.92542 -24.92542 -24.92542 -24.92542
 -24.92542 -24.92542 -24.92542 -24.92542
 -24.52923 -24.52923 -24.52923 -24.52923 -24.52923 -24.52923 -24.52923 -24.52923
 -24.52923 -24.52923 -24.52923 -24.52923
 -24.34535 -24.34535 -24.34535 -24.34535 -24.34535 -24.34535 -24.34535 -24.34535
 -24.34535 -24.34535 -24.34535 -24.34535
 -24.29168 -24.29168 -24.29168 -24.29168 -24.29168 -24.29168 -24.29168 -24.29168
 -24.29168 -24.29168 -24.29168 -24.29168
 -24.31408 -24.31408 -24.31408 -24.31408 -24.31408 -24.31408 -24.31408 -24.31408
 -24.31408 -24.31408 -24.31408 -24.31408
 -24.38017 -24.38017 -24.38017 -24.38017 -24.38017 -24.38017 -24.38017 -24.38017
 -24.38017 -24.38017 -24.38017 -24.38017
 -24.47117 -24.47117 -24.47117 -24.47117 -24.47117 -24.47117 -24.47117 -24.47117
 -24.47117 -24.47117 -24.47117 -24.47117
 -24.57632 -24.57632 -24.57632 -24.57632 -24.57632 -24.57632 -24.57632 -24.57632
 -24.57632 -24.57632 -24.57632 -24.57632
 -24.68950 -24.68950 -24.68950 -24.68950 -24.68950 -24.68950 -24.68950 -24.68950
 -24.68950 -24.68950 -24.68950 -24.68950
 -24.80723 -24.80723 -24.80723 -24.80723 -24.80723 -24.80723 -24.80723 -24.80723
 -24.80723 -24.80723 -24.80723 -24.80723
 -24.92753 -24.92753 -24.92753 -24.92753 -24.92753 -24.92753 -24.92753 -24.92753
 -24.92753 -24.92753 -24.92753 -24.92753
 -25.04929 -25.04929 -25.04929 -25.04929 -25.04929 -25.04929 -25.04929 -25.04929
 -25.04929 -25.04929 -25.04929 -25.04929
 -25.17187 -25.17187 -25.17187 -25.17187 -25.17187 -25.17187 -25.17187 -25.17187
 -25.17187 -25.17187 -25.17187 -25.17187
 -25.29492 -25.29492 -25.29492 -25.29492 -25.29492 -25.29492 -25.29492 -25.29492
 -25.29492 -25.29492 -25.29492 -25.29492
 -25.41823 -25.41823 -25.41823 -25.41823 -25.41823 -25.41823 -25.41823 -25.41823
 -25.41823 -25.41823 -25.41823 -25.41823
 --------------------/ IGRD= 1  / IPRT= 0  /PLT     / Z1= 7   / DATE= 11.01.08
 -44.87523 -44.87523 -44.87523 -44.87523 -44.87523 -44.87523 -44.87523 -44.87523
 -44.87523 -44.87523 -44.87523 -44.87523
 -35.78482 -35.78482 -35.78482 -35.78482 -35.78482 -35.78482 -35.78482 -35.78482
 -35.78482 -35.78482 -35.78482 -35.78482
 -30.62746 -30.62746 -30.62746 -30.62746 -30.62746 -30.62746 -30.62746 -30.62746
 -30.62746 -30.62746 -30.62746 -30.62746
 -27.66372 -27.66372 -27.66372 -27.66372 -27.66372 -27.66372 -27.66372 -27.66372
 -27.66372 -27.66372 -27.66372 -27.66372
 -25.98158 -25.98158 -25.98158 -25.98158 -25.98158 -25.98158 -25.98158 -25.98158
 -25.98158 -25.98158 -25.98158 -25.98158
 -25.05598 -25.05598 -25.05598 -25.05598 -25.05598 -25.05598 -25.05598 -25.05598
 -25.05598 -25.05598 -25.05598 -25.05598
 -24.56971 -24.56971 -24.56971 -24.56971 -24.56971 -24.56971 -24.56971 -24.56971
 -24.56971 -24.56971 -24.56971 -24.56971
 -24.33893 -24.33893 -24.33893 -24.33893 -24.33893 -24.33893 -24.33893 -24.33893
 -24.33893 -24.33893 -24.33893 -24.33893
 -24.25766 -24.25766 -24.25766 -24.25766 -24.25766 -24.25766 -24.25766 -24.25766
 -24.25766 -24.25766 -24.25766 -24.25766
 -24.26362 -24.26362 -24.26362 -24.26362 -24.26362 -24.26362 -24.26362 -24.26362
 -24.26362 -24.26362 -24.26362 -24.26362
 -24.32005 -24.32005 -24.32005 -24.32005 -24.32005 -24.32005 -24.32005 -24.32005
 -24.32005 -24.32005 -24.32005 -24.32005
 -24.40545 -24.40545 -24.40545 -24.40545 -24.40545 -24.40545 -24.40545 -24.40545
 -24.40545 -24.40545 -24.40545 -24.40545
 -24.50739 -24.50739 -24.50739 -24.50739 -24.50739 -24.50739 -24.50739 -24.50739
 -24.50739 -24.50739 -24.50739 -24.50739
 -24.61873 -24.61873 -24.61873 -24.61873 -24.61873 -24.61873 -24.61873 -24.61873
 -24.61873 -24.61873 -24.61873 -24.61873
 -24.73541 -24.73541 -24.73541 -24.73541 -24.73541 -24.73541 -24.73541 -24.73541
 -24.73541 -24.73541 -24.73541 -24.73541
 -24.85512 -24.85512 -24.85512 -24.85512 -24.85512 -24.85512 -24.85512 -24.85512
 -24.85512 -24.85512 -24.85512 -24.85512
 -24.97654 -24.97654 -24.97654 -24.97654 -24.97654 -24.97654 -24.97654 -24.97654
 -24.97654 -24.97654 -24.97654 -24.97654
 -25.09894 -25.09894 -25.09894 -25.09894 -25.09894 -25.09894 -25.09894 -25.09894
 -25.09894 -25.09894 -25.09894 -25.09894
 -25.22188 -25.22188 -25.22188 -25.22188 -25.22188 -25.22188 -25.22188 -25.22188
 -25.22188 -25.22188 -25.22188 -25.22188
 -25.34513 -25.34513 -25.34513 -25.34513 -25.34513 -25.34513 -25.34513 -25.34513
 -25.34513 -25.34513 -25.34513 -25.34513
 --------------------/ IGRD= 1  / IPRT= 0  /PLT     / Z1= 8   / DATE= 11.01.08
 -45.16912 -45.16912 -45.16912 -45.16912 -45.16912 -45.16912 -45.16912 -45.16912
 -45.16912 -45.16912 -45.16912 -45.16912
 -36.01624 -36.01624 -36.01624 -36.01624 -36.01624 -36.01624 -36.01624 -36.01624
 -36.01624 -36.01624 -36.01624 -36.01624
 -30.83206 -30.83206 -30.83206 -30.83206 -30.83206 -30.83206 -30.83206 -30.83206
 -30.83206 -30.83206 -30.83206 -30.83206
 -27.84122 -27.84122 -27.84122 -27.84122 -27.84122 -27.84122 -27.84122 -27.84122
 -27.84122 -27.84122 -27.84122 -27.84122
 -26.10920 -26.10920 -26.10920 -26.10920 -26.10920 -26.10920 -26.10920 -26.10920
 -26.10920 -26.10920 -26.10920 -26.10920
 -25.14205 -25.14205 -25.14205 -25.14205 -25.14205 -25.14205 -25.14205 -25.14205
 -25.14205 -25.14205 -25.14205 -25.14205
 -24.63161 -24.63161 -24.63161 -24.63161 -24.63161 -24.63161 -24.63161 -24.63161
 -24.63161 -24.63161 -24.63161 -24.63161
 -24.38876 -24.38876 -24.38876 -24.38876 -24.38876 -24.38876 -24.38876 -24.38876
 -24.38876 -24.38876 -24.38876 -24.38876
 -24.30172 -24.30172 -24.30172 -24.30172 -24.30172 -24.30172 -24.30172 -24.30172
 -24.30172 -24.30172 -24.30172 -24.30172
 -24.30486 -24.30486 -24.30486 -24.30486 -24.30486 -24.30486 -24.30486 -24.30486
 -24.30486 -24.30486 -24.30486 -24.30486
 -24.35987 -24.35987 -24.35987 -24.35987 -24.35987 -24.35987 -24.35987 -24.35987
 -24.35987 -24.35987 -24.35987 -24.35987
 -24.44453 -24.44453 -24.44453 -24.44453 -24.44453 -24.44453 -24.44453 -24.44453
 -24.44453 -24.44453 -24.44453 -24.44453
 -24.54606 -24.54606 -24.54606 -24.54606 -24.54606 -24.54606 -24.54606 -24.54606
 -24.54606 -24.54606 -24.54606 -24.54606
 -24.65719 -24.65719 -24.65719 -24.65719 -24.65719 -24.65719 -24.65719 -24.65719
 -24.65719 -24.65719 -24.65719 -24.65719
 -24.77375 -24.77375 -24.77375 -24.77375 -24.77375 -24.77375 -24.77375 -24.77375
 -24.77375 -24.77375 -24.77375 -24.77375
 -24.89338 -24.89338 -24.89338 -24.89338 -24.89338 -24.89338 -24.89338 -24.89338
 -24.89338 -24.89338 -24.89338 -24.89338
 -25.01477 -25.01477 -25.01477 -25.01477 -25.01477 -25.01477 -25.01477 -25.01477
 -25.01477 -25.01477 -25.01477 -25.01477
 -25.13714 -25.13714 -25.13714 -25.13714 -25.13714 -25.13714 -25.13714 -25.13714
 -25.13714 -25.13714 -25.13714 -25.13714
 -25.26007 -25.26007 -25.26007 -25.26007 -25.26007 -25.26007 -25.26007 -25.26007
 -25.26007 -25.26007 -25.26007 -25.26007
 -25.38331 -25.38331 -25.38331 -25.38331 -25.38331 -25.38331 -25.38331 -25.38331
 -25.38331 -25.38331 -25.38331 -25.38331
 --------------------/ IGRD= 1  / IPRT= 0  /PLT     / Z1= 9   / DATE= 11.01.08
 -45.78318 -45.78318 -45.78318 -45.78318 -45.78318 -45.78318 -45.78318 -45.78318
 -45.78318 -45.78318 -45.78318 -45.78318
 -36.42230 -36.42230 -36.42230 -36.42230 -36.42230 -36.42230 -36.42230 -36.42230
 -36.42230 -36.42230 -36.42230 -36.42230
 -31.15819 -31.15819 -31.15819 -31.15819 -31.15819 -31.15819 -31.15819 -31.15819
 -31.15819 -31.15819 -31.15819 -31.15819
 -28.21845 -28.21845 -28.21845 -28.21845 -28.21845 -28.21845 -28.21845 -28.21845
 -28.21845 -28.21845 -28.21845 -28.21845
 -26.59580 -26.59580 -26.59580 -26.59580 -26.59580 -26.59580 -26.59580 -26.59580
 -26.59580 -26.59580 -26.59580 -26.59580
 -25.72169 -25.72169 -25.72169 -25.72169 -25.72169 -25.72169 -25.72169 -25.72169
 -25.72169 -25.72169 -25.72169 -25.72169
 -25.27554 -25.27554 -25.27554 -25.27554 -25.27554 -25.27554 -25.27554 -25.27554
 -25.27554 -25.27554 -25.27554 -25.27554
 -25.07453 -25.07453 -25.07453 -25.07453 -25.07453 -25.07453 -25.07453 -25.07453
 -25.07453 -25.07453 -25.07453 -25.07453
 -25.01363 -25.01363 -25.01363 -25.01363 -25.01363 -25.01363 -25.01363 -25.01363
 -25.01363 -25.01363 -25.01363 -25.01363
 -25.03256 -25.03256 -25.03256 -25.03256 -25.03256 -25.03256 -25.03256 -25.03256
 -25.03256 -25.03256 -25.03256 -25.03256
 -25.09685 -25.09685 -25.09685 -25.09685 -25.09685 -25.09685 -25.09685 -25.09685
 -25.09685 -25.09685 -25.09685 -25.09685
 -25.18689 -25.18689 -25.18689 -25.18689 -25.18689 -25.18689 -25.18689 -25.18689
 -25.18689 -25.18689 -25.18689 -25.18689
 -25.29152 -25.29152 -25.29152 -25.29152 -25.29152 -25.29152 -25.29152 -25.29152
 -25.29152 -25.29152 -25.29152 -25.29152
 -25.40440 -25.40440 -25.40440 -25.40440 -25.40440 -25.40440 -25.40440 -25.40440
 -25.40440 -25.40440 -25.40440 -25.40440
 -25.52196 -25.52196 -25.52196 -25.52196 -25.52196 -25.52196 -25.52196 -25.52196
 -25.52196 -25.52196 -25.52196 -25.52196
 -25.64217 -25.64217 -25.64217 -25.64217 -25.64217 -25.64217 -25.64217 -25.64217
 -25.64217 -25.64217 -25.64217 -25.64217
 -25.76387 -25.76387 -25.76387 -25.76387 -25.76387 -25.76387 -25.76387 -25.76387
 -25.76387 -25.76387 -25.76387 -25.76387
 -25.88642 -25.88642 -25.88642 -25.88642 -25.88642 -25.88642 -25.88642 -25.88642
 -25.88642 -25.88642 -25.88642 -25.88642
 -26.00946 -26.00946 -26.00946 -26.00946 -26.00946 -26.00946 -26.00946 -26.00946
 -26.00946 -26.00946 -26.00946 -26.00946
 -26.13276 -26.13276 -26.13276 -26.13276 -26.13276 -26.13276 -26.13276 -26.13276
 -26.13276 -26.13276 -26.13276 -26.13276
 --------------------/ IGRD= 1  / IPRT= 0  /PLT     / Z1=10   / DATE= 11.01.08
 -47.73459 -47.73459 -47.73459 -47.73459 -47.73459 -47.73459 -47.73459 -47.73459
 -47.73459 -47.73459 -47.73459 -47.73459
 -37.51652 -37.51652 -37.51652 -37.51652 -37.51652 -37.51652 -37.51652 -37.51652
 -37.51652 -37.51652 -37.51652 -37.51652
 -31.75611 -31.75611 -31.75611 -31.75611 -31.75611 -31.75611 -31.75611 -31.75611
 -31.75611 -31.75611 -31.75611 -31.75611
 -28.53281 -28.53281 -28.53281 -28.53281 -28.53281 -28.53281 -28.53281 -28.53281
 -28.53281 -28.53281 -28.53281 -28.53281
 -26.75142 -26.75142 -26.75142 -26.75142 -26.75142 -26.75142 -26.75142 -26.75142
 -26.75142 -26.75142 -26.75142 -26.75142
 -25.79037 -25.79037 -25.79037 -25.79037 -25.79037 -25.79037 -25.79037 -25.79037
 -25.79037 -25.79037 -25.79037 -25.79037
 -25.29699 -25.29699 -25.29699 -25.29699 -25.29699 -25.29699 -25.29699 -25.29699
 -25.29699 -25.29699 -25.29699 -25.29699
 -25.07016 -25.07016 -25.07016 -25.07016 -25.07016 -25.07016 -25.07016 -25.07016
 -25.07016 -25.07016 -25.07016 -25.07016
 -24.99501 -24.99501 -24.99501 -24.99501 -24.99501 -24.99501 -24.99501 -24.99501
 -24.99501 -24.99501 -24.99501 -24.99501
 -25.00600 -25.00600 -25.00600 -25.00600 -25.00600 -25.00600 -25.00600 -25.00600
 -25.00600 -25.00600 -25.00600 -25.00600
 -25.06585 -25.06585 -25.06585 -25.06585 -25.06585 -25.06585 -25.06585 -25.06585
 -25.06585 -25.06585 -25.06585 -25.06585
 -25.15339 -25.15339 -25.15339 -25.15339 -25.15339 -25.15339 -25.15339 -25.15339
 -25.15339 -25.15339 -25.15339 -25.15339
 -25.25660 -25.25660 -25.25660 -25.25660 -25.25660 -25.25660 -25.25660 -25.25660
 -25.25660 -25.25660 -25.25660 -25.25660
 -25.36869 -25.36869 -25.36869 -25.36869 -25.36869 -25.36869 -25.36869 -25.36869
 -25.36869 -25.36869 -25.36869 -25.36869
 -25.48580 -25.48580 -25.48580 -25.48580 -25.48580 -25.48580 -25.48580 -25.48580
 -25.48580 -25.48580 -25.48580 -25.48580
 -25.60575 -25.60575 -25.60575 -25.60575 -25.60575 -25.60575 -25.60575 -25.60575
 -25.60575 -25.60575 -25.60575 -25.60575
 -25.72731 -25.72731 -25.72731 -25.72731 -25.72731 -25.72731 -25.72731 -25.72731
 -25.72731 -25.72731 -25.72731 -25.72731
 -25.84978 -25.84978 -25.84978 -25.84978 -25.84978 -25.84978 -25.84978 -25.84978
 -25.84978 -25.84978 -25.84978 -25.84978
 -25.97277 -25.97277 -25.97277 -25.97277 -25.97277 -25.97277 -25.97277 -25.97277
 -25.97277 -25.97277 -25.97277 -25.97277
 -26.09604 -26.09604 -26.09604 -26.09604 -26.09604 -26.09604 -26.09604 -26.09604
 -26.09604 -26.09604 -26.09604 -26.09604
 --------------------/ IGRD= 1  / IPRT= 0  /PLT     / Z1=11   / DATE= 11.01.08
 -50.07868 -50.07868 -50.07868 -50.07868 -50.07868 -50.07868 -50.07868 -50.07868
 -50.07868 -50.07868 -50.07868 -50.07868
 -38.76883 -38.76883 -38.76883 -38.76883 -38.76883 -38.76883 -38.76883 -38.76883
 -38.76883 -38.76883 -38.76883 -38.76883
 -32.42228 -32.42228 -32.42228 -32.42228 -32.42228 -32.42228 -32.42228 -32.42228
 -32.42228 -32.42228 -32.42228 -32.42228
 -28.88235 -28.88235 -28.88235 -28.88235 -28.88235 -28.88235 -28.88235 -28.88235
 -28.88235 -28.88235 -28.88235 -28.88235
 -26.92929 -26.92929 -26.92929 -26.92929 -26.92929 -26.92929 -26.92929 -26.92929
 -26.92929 -26.92929 -26.92929 -26.92929
 -25.87476 -25.87476 -25.87476 -25.87476 -25.87476 -25.87476 -25.87476 -25.87476
 -25.87476 -25.87476 -25.87476 -25.87476
 -25.32999 -25.32999 -25.32999 -25.32999 -25.32999 -25.32999 -25.32999 -25.32999
 -25.32999 -25.32999 -25.32999 -25.32999
 -25.07462 -25.07462 -25.07462 -25.07462 -25.07462 -25.07462 -25.07462 -25.07462
 -25.07462 -25.07462 -25.07462 -25.07462
 -24.98350 -24.98350 -24.98350 -24.98350 -24.98350 -24.98350 -24.98350 -24.98350
 -24.98350 -24.98350 -24.98350 -24.98350
 -24.98552 -24.98552 -24.98552 -24.98552 -24.98552 -24.98552 -24.98552 -24.98552
 -24.98552 -24.98552 -24.98552 -24.98552
 -25.04031 -25.04031 -25.04031 -25.04031 -25.04031 -25.04031 -25.04031 -25.04031
 -25.04031 -25.04031 -25.04031 -25.04031
 -25.12499 -25.12499 -25.12499 -25.12499 -25.12499 -25.12499 -25.12499 -25.12499
 -25.12499 -25.12499 -25.12499 -25.12499
 -25.22658 -25.22658 -25.22658 -25.22658 -25.22658 -25.22658 -25.22658 -25.22658
 -25.22658 -25.22658 -25.22658 -25.22658
 -25.33776 -25.33776 -25.33776 -25.33776 -25.33776 -25.33776 -25.33776 -25.33776
 -25.33776 -25.33776 -25.33776 -25.33776
 -25.45435 -25.45435 -25.45435 -25.45435 -25.45435 -25.45435 -25.45435 -25.45435
 -25.45435 -25.45435 -25.45435 -25.45435
 -25.57401 -25.57401 -25.57401 -25.57401 -25.57401 -25.57401 -25.57401 -25.57401
 -25.57401 -25.57401 -25.57401 -25.57401
 -25.69540 -25.69540 -25.69540 -25.69540 -25.69540 -25.69540 -25.69540 -25.69540
 -25.69540 -25.69540 -25.69540 -25.69540
 -25.81778 -25.81778 -25.81778 -25.81778 -25.81778 -25.81778 -25.81778 -25.81778
 -25.81778 -25.81778 -25.81778 -25.81778
 -25.94071 -25.94071 -25.94071 -25.94071 -25.94071 -25.94071 -25.94071 -25.94071
 -25.94071 -25.94071 -25.94071 -25.94071
 -26.06396 -26.06396 -26.06396 -26.06396 -26.06396 -26.06396 -26.06396 -26.06396
 -26.06396 -26.06396 -26.06396 -26.06396
 --------------------/ IGRD= 1  / IPRT= 0  /PLT     / Z1=12   / DATE= 11.01.08
 -51.83957 -51.83957 -51.83957 -51.83957 -51.83957 -51.83957 -51.83957 -51.83957
 -51.83957 -51.83957 -51.83957 -51.83957
 -39.63834 -39.63834 -39.63834 -39.63834 -39.63834 -39.63834 -39.63834 -39.63834
 -39.63834 -39.63834 -39.63834 -39.63834
 -32.78821 -32.78821 -32.78821 -32.78821 -32.78821 -32.78821 -32.78821 -32.78821
 -32.78821 -32.78821 -32.78821 -32.78821
 -28.96581 -28.96581 -28.96581 -28.96581 -28.96581 -28.96581 -28.96581 -28.96581
 -28.96581 -28.96581 -28.96581 -28.96581
 -26.85593 -26.85593 -26.85593 -26.85593 -26.85593 -26.85593 -26.85593 -26.85593
 -26.85593 -26.85593 -26.85593 -26.85593
 -25.71367 -25.71367 -25.71367 -25.71367 -25.71367 -25.71367 -25.71367 -25.71367
 -25.71367 -25.71367 -25.71367 -25.71367
 -25.11788 -25.11788 -25.11788 -25.11788 -25.11788 -25.11788 -25.11788 -25.11788
 -25.11788 -25.11788 -25.11788 -25.11788
 -24.82817 -24.82817 -24.82817 -24.82817 -24.82817 -24.82817 -24.82817 -24.82817
 -24.82817 -24.82817 -24.82817 -24.82817
 -24.70684 -24.70684 -24.70684 -24.70684 -24.70684 -24.70684 -24.70684 -24.70684
 -24.70684 -24.70684 -24.70684 -24.70684
 -24.68112 -24.68112 -24.68112 -24.68112 -24.68112 -24.68112 -24.68112 -24.68112
 -24.68112 -24.68112 -24.68112 -24.68112
 -24.71377 -24.71377 -24.71377 -24.71377 -24.71377 -24.71377 -24.71377 -24.71377
 -24.71377 -24.71377 -24.71377 -24.71377
 -24.78303 -24.78303 -24.78303 -24.78303 -24.78303 -24.78303 -24.78303 -24.78303
 -24.78303 -24.78303 -24.78303 -24.78303
 -24.87478 -24.87478 -24.87478 -24.87478 -24.87478 -24.87478 -24.87478 -24.87478
 -24.87478 -24.87478 -24.87478 -24.87478
 -24.97999 -24.97999 -24.97999 -24.97999 -24.97999 -24.97999 -24.97999 -24.97999
 -24.97999 -24.97999 -24.97999 -24.97999
 -25.09308 -25.09308 -25.09308 -25.09308 -25.09308 -25.09308 -25.09308 -25.09308
 -25.09308 -25.09308 -25.09308 -25.09308
 -25.21071 -25.21071 -25.21071 -25.21071 -25.21071 -25.21071 -25.21071 -25.21071
 -25.21071 -25.21071 -25.21071 -25.21071
 -25.33094 -25.33094 -25.33094 -25.33094 -25.33094 -25.33094 -25.33094 -25.33094
 -25.33094 -25.33094 -25.33094 -25.33094
 -25.45266 -25.45266 -25.45266 -25.45266 -25.45266 -25.45266 -25.45266 -25.45266
 -25.45266 -25.45266 -25.45266 -25.45266
 -25.57521 -25.57521 -25.57521 -25.57521 -25.57521 -25.57521 -25.57521 -25.57521
 -25.57521 -25.57521 -25.57521 -25.57521
 -25.69825 -25.69825 -25.69825 -25.69825 -25.69825 -25.69825 -25.69825 -25.69825
 -25.69825 -25.69825 -25.69825 -25.69825
 --------------------/ IGRD= 1  / IPRT= 0  /PLT     / Z1=13   / DATE= 11.01.08
 -55.36878 -55.36878 -55.36878 -55.36878 -55.36878 -55.36878 -55.36878 -55.36878
 -55.36878 -55.36878 -55.36878 -55.36878
 -41.75035 -41.75035 -41.75035 -41.75035 -41.75035 -41.75035 -41.75035 -41.75035
 -41.75035 -41.75035 -41.75035 -41.75035
 -34.09832 -34.09832 -34.09832 -34.09832 -34.09832 -34.09832 -34.09832 -34.09832
 -34.09832 -34.09832 -34.09832 -34.09832
 -29.82227 -29.82227 -29.82227 -29.82227 -29.82227 -29.82227 -29.82227 -29.82227
 -29.82227 -29.82227 -29.82227 -29.82227
 -27.45642 -27.45642 -27.45642 -27.45642 -27.45642 -27.45642 -27.45642 -27.45642
 -27.45642 -27.45642 -27.45642 -27.45642
 -26.16994 -26.16994 -26.16994 -26.16994 -26.16994 -26.16994 -26.16994 -26.16994
 -26.16994 -26.16994 -26.16994 -26.16994
 -25.47341 -25.47341 -25.47341 -25.47341 -25.47341 -25.47341 -25.47341 -25.47341
 -25.47341 -25.47341 -25.47341 -25.47341
 -25.06137 -25.06137 -25.06137 -25.06137 -25.06137 -25.06137 -25.06137 -25.06137
 -25.06137 -25.06137 -25.06137 -25.06137
 -24.80780 -24.80780 -24.80780 -24.80780 -24.80780 -24.80780 -24.80780 -24.80780
 -24.80780 -24.80780 -24.80780 -24.80780
 -24.68190 -24.68190 -24.68190 -24.68190 -24.68190 -24.68190 -24.68190 -24.68190
 -24.68190 -24.68190 -24.68190 -24.68190
 -24.65201 -24.65201 -24.65201 -24.65201 -24.65201 -24.65201 -24.65201 -24.65201
 -24.65201 -24.65201 -24.65201 -24.65201
 -24.68496 -24.68496 -24.68496 -24.68496 -24.68496 -24.68496 -24.68496 -24.68496
 -24.68496 -24.68496 -24.68496 -24.68496
 -24.75612 -24.75612 -24.75612 -24.75612 -24.75612 -24.75612 -24.75612 -24.75612
 -24.75612 -24.75612 -24.75612 -24.75612
 -24.84971 -24.84971 -24.84971 -24.84971 -24.84971 -24.84971 -24.84971 -24.84971
 -24.84971 -24.84971 -24.84971 -24.84971
 -24.95624 -24.95624 -24.95624 -24.95624 -24.95624 -24.95624 -24.95624 -24.95624
 -24.95624 -24.95624 -24.95624 -24.95624
 -25.07017 -25.07017 -25.07017 -25.07017 -25.07017 -25.07017 -25.07017 -25.07017
 -25.07017 -25.07017 -25.07017 -25.07017
 -25.18831 -25.18831 -25.18831 -25.18831 -25.18831 -25.18831 -25.18831 -25.18831
 -25.18831 -25.18831 -25.18831 -25.18831
 -25.30885 -25.30885 -25.30885 -25.30885 -25.30885 -25.30885 -25.30885 -25.30885
 -25.30885 -25.30885 -25.30885 -25.30885
 -25.43073 -25.43073 -25.43073 -25.43073 -25.43073 -25.43073 -25.43073 -25.43073
 -25.43073 -25.43073 -25.43073 -25.43073
 -25.55339 -25.55339 -25.55339 -25.55339 -25.55339 -25.55339 -25.55339 -25.55339
 -25.55339 -25.55339 -25.55339 -25.55339
 --------------------/ IGRD= 1  / IPRT= 0  /PLT     / Z1=14   / DATE= 11.01.08
 -37.84979 -37.84979 -37.84979 -37.84979 -37.84979 -37.84979 -37.84979 -37.84979
 -37.84979 -37.84979 -37.84979 -37.84979
 -32.09240 -32.09240 -32.09240 -32.09240 -32.09240 -32.09240 -32.09240 -32.09240
 -32.09240 -32.09240 -32.09240 -32.09240
 -28.87861 -28.87861 -28.87861 -28.87861 -28.87861 -28.87861 -28.87861 -28.87861
 -28.87861 -28.87861 -28.87861 -28.87861
 -27.01835 -27.01835 -27.01835 -27.01835 -27.01835 -27.01835 -27.01835 -27.01835
 -27.01835 -27.01835 -27.01835 -27.01835
 -25.84150 -25.84150 -25.84150 -25.84150 -25.84150 -25.84150 -25.84150 -25.84150
 -25.84150 -25.84150 -25.84150 -25.84150
 -25.13560 -25.13560 -25.13560 -25.13560 -25.13560 -25.13560 -25.13560 -25.13560
 -25.13560 -25.13560 -25.13560 -25.13560
 -24.76353 -24.76353 -24.76353 -24.76353 -24.76353 -24.76353 -24.76353 -24.76353
 -24.76353 -24.76353 -24.76353 -24.76353
 -24.59323 -24.59323 -24.59323 -24.59323 -24.59323 -24.59323 -24.59323 -24.59323
 -24.59323 -24.59323 -24.59323 -24.59323
 -24.52573 -24.52573 -24.52573 -24.52573 -24.52573 -24.52573 -24.52573 -24.52573
 -24.52573 -24.52573 -24.52573 -24.52573
 -24.51220 -24.51220 -24.51220 -24.51220 -24.51220 -24.51220 -24.51220 -24.51220
 -24.51220 -24.51220 -24.51220 -24.51220
 -24.53968 -24.53968 -24.53968 -24.53968 -24.53968 -24.53968 -24.53968 -24.53968
 -24.53968 -24.53968 -24.53968 -24.53968
 -24.60071 -24.60071 -24.60071 -24.60071 -24.60071 -24.60071 -24.60071 -24.60071
 -24.60071 -24.60071 -24.60071 -24.60071
 -24.68589 -24.68589 -24.68589 -24.68589 -24.68589 -24.68589 -24.68589 -24.68589
 -24.68589 -24.68589 -24.68589 -24.68589
 -24.78674 -24.78674 -24.78674 -24.78674 -24.78674 -24.78674 -24.78674 -24.78674
 -24.78674 -24.78674 -24.78674 -24.78674
 -24.89715 -24.89715 -24.89715 -24.89715 -24.89715 -24.89715 -24.89715 -24.89715
 -24.89715 -24.89715 -24.89715 -24.89715
 -25.01319 -25.01319 -25.01319 -25.01319 -25.01319 -25.01319 -25.01319 -25.01319
 -25.01319 -25.01319 -25.01319 -25.01319
 -25.13251 -25.13251 -25.13251 -25.13251 -25.13251 -25.13251 -25.13251 -25.13251
 -25.13251 -25.13251 -25.13251 -25.13251
 -25.25370 -25.25370 -25.25370 -25.25370 -25.25370 -25.25370 -25.25370 -25.25370
 -25.25370 -25.25370 -25.25370 -25.25370
 -25.37596 -25.37596 -25.37596 -25.37596 -25.37596 -25.37596 -25.37596 -25.37596
 -25.37596 -25.37596 -25.37596 -25.37596
 -25.49882 -25.49882 -25.49882 -25.49882 -25.49882 -25.49882 -25.49882 -25.49882
 -25.49882 -25.49882 -25.49882 -25.49882
 --------------------/ IGRD= 1  / IPRT= 0  /PLT     / Z1=15   / DATE= 11.01.08
 -38.11013 -38.11013 -38.11013 -38.11013 -38.11013 -38.11013 -38.11013 -38.11013
 -38.11013 -38.11013 -38.11013 -38.11013
 -32.20007 -32.20007 -32.20007 -32.20007 -32.20007 -32.20007 -32.20007 -32.20007
 -32.20007 -32.20007 -32.20007 -32.20007
 -28.90350 -28.90350 -28.90350 -28.90350 -28.90350 -28.90350 -28.90350 -28.90350
 -28.90350 -28.90350 -28.90350 -28.90350
 -27.02054 -27.02054 -27.02054 -27.02054 -27.02054 -27.02054 -27.02054 -27.02054
 -27.02054 -27.02054 -27.02054 -27.02054
 -25.84886 -25.84886 -25.84886 -25.84886 -25.84886 -25.84886 -25.84886 -25.84886
 -25.84886 -25.84886 -25.84886 -25.84886
 -25.13888 -25.13888 -25.13888 -25.13888 -25.13888 -25.13888 -25.13888 -25.13888
 -25.13888 -25.13888 -25.13888 -25.13888
 -24.75931 -24.75931 -24.75931 -24.75931 -24.75931 -24.75931 -24.75931 -24.75931
 -24.75931 -24.75931 -24.75931 -24.75931
 -24.58413 -24.58413 -24.58413 -24.58413 -24.58413 -24.58413 -24.58413 -24.58413
 -24.58413 -24.58413 -24.58413 -24.58413
 -24.51974 -24.51974 -24.51974 -24.51974 -24.51974 -24.51974 -24.51974 -24.51974
 -24.51974 -24.51974 -24.51974 -24.51974
 -24.51740 -24.51740 -24.51740 -24.51740 -24.51740 -24.51740 -24.51740 -24.51740
 -24.51740 -24.51740 -24.51740 -24.51740
 -24.55763 -24.55763 -24.55763 -24.55763 -24.55763 -24.55763 -24.55763 -24.55763
 -24.55763 -24.55763 -24.55763 -24.55763
 -24.62863 -24.62863 -24.62863 -24.62863 -24.62863 -24.62863 -24.62863 -24.62863
 -24.62863 -24.62863 -24.62863 -24.62863
 -24.72044 -24.72044 -24.72044 -24.72044 -24.72044 -24.72044 -24.72044 -24.72044
 -24.72044 -24.72044 -24.72044 -24.72044
 -24.82537 -24.82537 -24.82537 -24.82537 -24.82537 -24.82537 -24.82537 -24.82537
 -24.82537 -24.82537 -24.82537 -24.82537
 -24.93818 -24.93818 -24.93818 -24.93818 -24.93818 -24.93818 -24.93818 -24.93818
 -24.93818 -24.93818 -24.93818 -24.93818
 -25.05563 -25.05563 -25.05563 -25.05563 -25.05563 -25.05563 -25.05563 -25.05563
 -25.05563 -25.05563 -25.05563 -25.05563
 -25.17574 -25.17574 -25.17574 -25.17574 -25.17574 -25.17574 -25.17574 -25.17574
 -25.17574 -25.17574 -25.17574 -25.17574
 -25.29739 -25.29739 -25.29739 -25.29739 -25.29739 -25.29739 -25.29739 -25.29739
 -25.29739 -25.29739 -25.29739 -25.29739
 -25.41990 -25.41990 -25.41990 -25.41990 -25.41990 -25.41990 -25.41990 -25.41990
 -25.41990 -25.41990 -25.41990 -25.41990
 -25.54291 -25.54291 -25.54291 -25.54291 -25.54291 -25.54291 -25.54291 -25.54291
 -25.54291 -25.54291 -25.54291 -25.54291
 --------------------/ IGRD= 1  / IPRT= 0  /PLT     / Z1=16   / DATE= 11.01.08
 -38.53165 -38.53165 -38.53165 -38.53165 -38.53165 -38.53165 -38.53165 -38.53165
 -38.53165 -38.53165 -38.53165 -38.53165
 -32.47322 -32.47322 -32.47322 -32.47322 -32.47322 -32.47322 -32.47322 -32.47322
 -32.47322 -32.47322 -32.47322 -32.47322
 -29.09440 -29.09440 -29.09440 -29.09440 -29.09440 -29.09440 -29.09440 -29.09440
 -29.09440 -29.09440 -29.09440 -29.09440
 -27.17554 -27.17554 -27.17554 -27.17554 -27.17554 -27.17554 -27.17554 -27.17554
 -27.17554 -27.17554 -27.17554 -27.17554
 -25.98800 -25.98800 -25.98800 -25.98800 -25.98800 -25.98800 -25.98800 -25.98800
 -25.98800 -25.98800 -25.98800 -25.98800
 -25.26135 -25.26135 -25.26135 -25.26135 -25.26135 -25.26135 -25.26135 -25.26135
 -25.26135 -25.26135 -25.26135 -25.26135
 -24.86823 -24.86823 -24.86823 -24.86823 -24.86823 -24.86823 -24.86823 -24.86823
 -24.86823 -24.86823 -24.86823 -24.86823
 -24.68248 -24.68248 -24.68248 -24.68248 -24.68248 -24.68248 -24.68248 -24.68248
 -24.68248 -24.68248 -24.68248 -24.68248
 -24.60631 -24.60631 -24.60631 -24.60631 -24.60631 -24.60631 -24.60631 -24.60631
 -24.60631 -24.60631 -24.60631 -24.60631
 -24.59113 -24.59113 -24.59113 -24.59113 -24.59113 -24.59113 -24.59113 -24.59113
 -24.59113 -24.59113 -24.59113 -24.59113
 -24.62062 -24.62062 -24.62062 -24.62062 -24.62062 -24.62062 -24.62062 -24.62062
 -24.62062 -24.62062 -24.62062 -24.62062
 -24.68421 -24.68421 -24.68421 -24.68421 -24.68421 -24.68421 -24.68421 -24.68421
 -24.68421 -24.68421 -24.68421 -24.68421
 -24.77137 -24.77137 -24.77137 -24.77137 -24.77137 -24.77137 -24.77137 -24.77137
 -24.77137 -24.77137 -24.77137 -24.77137
 -24.87353 -24.87353 -24.87353 -24.87353 -24.87353 -24.87353 -24.87353 -24.87353
 -24.87353 -24.87353 -24.87353 -24.87353
 -24.98473 -24.98473 -24.98473 -24.98473 -24.98473 -24.98473 -24.98473 -24.98473
 -24.98473 -24.98473 -24.98473 -24.98473
 -25.10126 -25.10126 -25.10126 -25.10126 -25.10126 -25.10126 -25.10126 -25.10126
 -25.10126 -25.10126 -25.10126 -25.10126
 -25.22084 -25.22084 -25.22084 -25.22084 -25.22084 -25.22084 -25.22084 -25.22084
 -25.22084 -25.22084 -25.22084 -25.22084
 -25.34219 -25.34219 -25.34219 -25.34219 -25.34219 -25.34219 -25.34219 -25.34219
 -25.34219 -25.34219 -25.34219 -25.34219
 -25.46454 -25.46454 -25.46454 -25.46454 -25.46454 -25.46454 -25.46454 -25.46454
 -25.46454 -25.46454 -25.46454 -25.46454
 -25.58745 -25.58745 -25.58745 -25.58745 -25.58745 -25.58745 -25.58745 -25.58745
 -25.58745 -25.58745 -25.58745 -25.58745
 --------------------/ IGRD= 1  / IPRT= 0  /PLT     / Z1=17   / DATE= 11.01.08
 -40.19411 -40.19411 -40.19411 -40.19411 -40.19411 -40.19411 -40.19411 -40.19411
 -40.19411 -40.19411 -40.19411 -40.19411
 -33.37457 -33.37457 -33.37457 -33.37457 -33.37457 -33.37457 -33.37457 -33.37457
 -33.37457 -33.37457 -33.37457 -33.37457
 -29.56397 -29.56397 -29.56397 -29.56397 -29.56397 -29.56397 -29.56397 -29.56397
 -29.56397 -29.56397 -29.56397 -29.56397
 -27.42062 -27.42062 -27.42062 -27.42062 -27.42062 -27.42062 -27.42062 -27.42062
 -27.42062 -27.42062 -27.42062 -27.42062
 -26.18289 -26.18289 -26.18289 -26.18289 -26.18289 -26.18289 -26.18289 -26.18289
 -26.18289 -26.18289 -26.18289 -26.18289
 -25.47908 -25.47908 -25.47908 -25.47908 -25.47908 -25.47908 -25.47908 -25.47908
 -25.47908 -25.47908 -25.47908 -25.47908
 -25.11107 -25.11107 -25.11107 -25.11107 -25.11107 -25.11107 -25.11107 -25.11107
 -25.11107 -25.11107 -25.11107 -25.11107
 -24.94801 -24.94801 -24.94801 -24.94801 -24.94801 -24.94801 -24.94801 -24.94801
 -24.94801 -24.94801 -24.94801 -24.94801
 -24.90516 -24.90516 -24.90516 -24.90516 -24.90516 -24.90516 -24.90516 -24.90516
 -24.90516 -24.90516 -24.90516 -24.90516
 -24.93201 -24.93201 -24.93201 -24.93201 -24.93201 -24.93201 -24.93201 -24.93201
 -24.93201 -24.93201 -24.93201 -24.93201
 -24.99951 -24.99951 -24.99951 -24.99951 -24.99951 -24.99951 -24.99951 -24.99951
 -24.99951 -24.99951 -24.99951 -24.99951
 -25.09078 -25.09078 -25.09078 -25.09078 -25.09078 -25.09078 -25.09078 -25.09078
 -25.09078 -25.09078 -25.09078 -25.09078
 -25.19588 -25.19588 -25.19588 -25.19588 -25.19588 -25.19588 -25.19588 -25.19588
 -25.19588 -25.19588 -25.19588 -25.19588
 -25.30895 -25.30895 -25.30895 -25.30895 -25.30895 -25.30895 -25.30895 -25.30895
 -25.30895 -25.30895 -25.30895 -25.30895
 -25.42659 -25.42659 -25.42659 -25.42659 -25.42659 -25.42659 -25.42659 -25.42659
 -25.42659 -25.42659 -25.42659 -25.42659
 -25.54684 -25.54684 -25.54684 -25.54684 -25.54684 -25.54684 -25.54684 -25.54684
 -25.54684 -25.54684 -25.54684 -25.54684
 -25.66856 -25.66856 -25.66856 -25.66856 -25.66856 -25.66856 -25.66856 -25.66856
 -25.66856 -25.66856 -25.66856 -25.66856
 -25.79112 -25.79112 -25.79112 -25.79112 -25.79112 -25.79112 -25.79112 -25.79112
 -25.79112 -25.79112 -25.79112 -25.79112
 -25.91416 -25.91416 -25.91416 -25.91416 -25.91416 -25.91416 -25.91416 -25.91416
 -25.91416 -25.91416 -25.91416 -25.91416
 -26.03746 -26.03746 -26.03746 -26.03746 -26.03746 -26.03746 -26.03746 -26.03746
 -26.03746 -26.03746 -26.03746 -26.03746
 --------------------/ IGRD= 1  / IPRT= 0  /PLT     / Z1=18   / DATE= 11.01.08
 -74.00000 -74.00000 -74.00000 -74.00000 -74.00000 -74.00000 -74.00000 -74.00000
 -74.00000 -74.00000 -74.00000 -74.00000
 -74.00000 -74.00000 -74.00000 -74.00000 -74.00000 -74.00000 -74.00000 -74.00000
 -74.00000 -74.00000 -74.00000 -74.00000
 -54.63884 -54.63884 -54.63884 -54.63884 -54.63884 -54.63884 -54.63884 -54.63884
 -54.63884 -54.63884 -54.63884 -54.63884
 -41.54094 -41.54094 -41.54094 -41.54094 -41.54094 -41.54094 -41.54094 -41.54094
 -41.54094 -41.54094 -41.54094 -41.54094
 -34.12300 -34.12300 -34.12300 -34.12300 -34.12300 -34.12300 -34.12300 -34.12300
 -34.12300 -34.12300 -34.12300 -34.12300
 -29.94808 -29.94808 -29.94808 -29.94808 -29.94808 -29.94808 -29.94808 -29.94808
 -29.94808 -29.94808 -29.94808 -29.94808
 -27.62776 -27.62776 -27.62776 -27.62776 -27.62776 -27.62776 -27.62776 -27.62776
 -27.62776 -27.62776 -27.62776 -27.62776
 -26.36466 -26.36466 -26.36466 -26.36466 -26.36466 -26.36466 -26.36466 -26.36466
 -26.36466 -26.36466 -26.36466 -26.36466
 -25.70240 -25.70240 -25.70240 -25.70240 -25.70240 -25.70240 -25.70240 -25.70240
 -25.70240 -25.70240 -25.70240 -25.70240
 -25.38096 -25.38096 -25.38096 -25.38096 -25.38096 -25.38096 -25.38096 -25.38096
 -25.38096 -25.38096 -25.38096 -25.38096
 -25.25265 -25.25265 -25.25265 -25.25265 -25.25265 -25.25265 -25.25265 -25.25265
 -25.25265 -25.25265 -25.25265 -25.25265
 -25.23369 -25.23369 -25.23369 -25.23369 -25.23369 -25.23369 -25.23369 -25.23369
 -25.23369 -25.23369 -25.23369 -25.23369
 -25.27664 -25.27664 -25.27664 -25.27664 -25.27664 -25.27664 -25.27664 -25.27664
 -25.27664 -25.27664 -25.27664 -25.27664
 -25.35463 -25.35463 -25.35463 -25.35463 -25.35463 -25.35463 -25.35463 -25.35463
 -25.35463 -25.35463 -25.35463 -25.35463
 -25.45244 -25.45244 -25.45244 -25.45244 -25.45244 -25.45244 -25.45244 -25.45244
 -25.45244 -25.45244 -25.45244 -25.45244
 -25.56148 -25.56148 -25.56148 -25.56148 -25.56148 -25.56148 -25.56148 -25.56148
 -25.56148 -25.56148 -25.56148 -25.56148
 -25.67686 -25.67686 -25.67686 -25.67686 -25.67686 -25.67686 -25.67686 -25.67686
 -25.67686 -25.67686 -25.67686 -25.67686
 -25.79584 -25.79584 -25.79584 -25.79584 -25.79584 -25.79584 -25.79584 -25.79584
 -25.79584 -25.79584 -25.79584 -25.79584
 -25.91684 -25.91684 -25.91684 -25.91684 -25.91684 -25.91684 -25.91684 -25.91684
 -25.91684 -25.91684 -25.91684 -25.91684
 -26.03900 -26.03900 -26.03900 -26.03900 -26.03900 -26.03900 -26.03900 -26.03900
 -26.03900 -26.03900 -26.03900 -26.03900
 --------------------/ IGRD= 1  / IPRT= 0  /PLT     / Z1=19   / DATE= 11.01.08
 -74.00000 -74.00000 -74.00000 -74.00000 -74.00000 -74.00000 -74.00000 -74.00000
 -74.00000 -74.00000 -74.00000 -74.00000
 -74.00000 -74.00000 -74.00000 -74.00000 -74.00000 -74.00000 -74.00000 -74.00000
 -74.00000 -74.00000 -74.00000 -74.00000
 -54.49388 -54.49388 -54.49388 -54.49388 -54.49388 -54.49388 -54.49388 -54.49388
 -54.49388 -54.49388 -54.49388 -54.49388
 -41.46163 -41.46163 -41.46163 -41.46163 -41.46163 -41.46163 -41.46163 -41.46163
 -41.46163 -41.46163 -41.46163 -41.46163
 -34.03758 -34.03758 -34.03758 -34.03758 -34.03758 -34.03758 -34.03758 -34.03758
 -34.03758 -34.03758 -34.03758 -34.03758
 -29.84683 -29.84683 -29.84683 -29.84683 -29.84683 -29.84683 -29.84683 -29.84683
 -29.84683 -29.84683 -29.84683 -29.84683
 -27.51476 -27.51476 -27.51476 -27.51476 -27.51476 -27.51476 -27.51476 -27.51476
 -27.51476 -27.51476 -27.51476 -27.51476
 -26.24436 -26.24436 -26.24436 -26.24436 -26.24436 -26.24436 -26.24436 -26.24436
 -26.24436 -26.24436 -26.24436 -26.24436
 -25.57781 -25.57781 -25.57781 -25.57781 -25.57781 -25.57781 -25.57781 -25.57781
 -25.57781 -25.57781 -25.57781 -25.57781
 -25.25390 -25.25390 -25.25390 -25.25390 -25.25390 -25.25390 -25.25390 -25.25390
 -25.25390 -25.25390 -25.25390 -25.25390
 -25.12417 -25.12417 -25.12417 -25.12417 -25.12417 -25.12417 -25.12417 -25.12417
 -25.12417 -25.12417 -25.12417 -25.12417
 -25.10441 -25.10441 -25.10441 -25.10441 -25.10441 -25.10441 -25.10441 -25.10441
 -25.10441 -25.10441 -25.10441 -25.10441
 -25.14690 -25.14690 -25.14690 -25.14690 -25.14690 -25.14690 -25.14690 -25.14690
 -25.14690 -25.14690 -25.14690 -25.14690
 -25.22463 -25.22463 -25.22463 -25.22463 -25.22463 -25.22463 -25.22463 -25.22463
 -25.22463 -25.22463 -25.22463 -25.22463
 -25.32229 -25.32229 -25.32229 -25.32229 -25.32229 -25.32229 -25.32229 -25.32229
 -25.32229 -25.32229 -25.32229 -25.32229
 -25.43124 -25.43124 -25.43124 -25.43124 -25.43124 -25.43124 -25.43124 -25.43124
 -25.43124 -25.43124 -25.43124 -25.43124
 -25.54658 -25.54658 -25.54658 -25.54658 -25.54658 -25.54658 -25.54658 -25.54658
 -25.54658 -25.54658 -25.54658 -25.54658
 -25.66553 -25.66553 -25.66553 -25.66553 -25.66553 -25.66553 -25.66553 -25.66553
 -25.66553 -25.66553 -25.66553 -25.66553
 -25.78652 -25.78652 -25.78652 -25.78652 -25.78652 -25.78652 -25.78652 -25.78652
 -25.78652 -25.78652 -25.78652 -25.78652
 -25.90867 -25.90867 -25.90867 -25.90867 -25.90867 -25.90867 -25.90867 -25.90867
 -25.90867 -25.90867 -25.90867 -25.90867
 --------------------/ IGRD= 1  / IPRT= 0  /PLT     / Z1=20   / DATE= 11.01.08
 -74.00000 -74.00000 -74.00000 -74.00000 -74.00000 -74.00000 -74.00000 -74.00000
 -74.00000 -74.00000 -74.00000 -74.00000
 -74.00000 -74.00000 -74.00000 -74.00000 -74.00000 -74.00000 -74.00000 -74.00000
 -74.00000 -74.00000 -74.00000 -74.00000
 -54.33197 -54.33197 -54.33197 -54.33197 -54.33197 -54.33197 -54.33197 -54.33197
 -54.33197 -54.33197 -54.33197 -54.33197
 -41.38412 -41.38412 -41.38412 -41.38412 -41.38412 -41.38412 -41.38412 -41.38412
 -41.38412 -41.38412 -41.38412 -41.38412
 -33.98640 -33.98640 -33.98640 -33.98640 -33.98640 -33.98640 -33.98640 -33.98640
 -33.98640 -33.98640 -33.98640 -33.98640
 -29.79700 -29.79700 -29.79700 -29.79700 -29.79700 -29.79700 -29.79700 -29.79700
 -29.79700 -29.79700 -29.79700 -29.79700
 -27.46239 -27.46239 -27.46239 -27.46239 -27.46239 -27.46239 -27.46239 -27.46239
 -27.46239 -27.46239 -27.46239 -27.46239
 -26.18994 -26.18994 -26.18994 -26.18994 -26.18994 -26.18994 -26.18994 -26.18994
 -26.18994 -26.18994 -26.18994 -26.18994
 -25.52212 -25.52212 -25.52212 -25.52212 -25.52212 -25.52212 -25.52212 -25.52212
 -25.52212 -25.52212 -25.52212 -25.52212
 -25.19747 -25.19747 -25.19747 -25.19747 -25.19747 -25.19747 -25.19747 -25.19747
 -25.19747 -25.19747 -25.19747 -25.19747
 -25.06732 -25.06732 -25.06732 -25.06732 -25.06732 -25.06732 -25.06732 -25.06732
 -25.06732 -25.06732 -25.06732 -25.06732
 -25.04732 -25.04732 -25.04732 -25.04732 -25.04732 -25.04732 -25.04732 -25.04732
 -25.04732 -25.04732 -25.04732 -25.04732
 -25.08968 -25.08968 -25.08968 -25.08968 -25.08968 -25.08968 -25.08968 -25.08968
 -25.08968 -25.08968 -25.08968 -25.08968
 -25.16733 -25.16733 -25.16733 -25.16733 -25.16733 -25.16733 -25.16733 -25.16733
 -25.16733 -25.16733 -25.16733 -25.16733
 -25.26495 -25.26495 -25.26495 -25.26495 -25.26495 -25.26495 -25.26495 -25.26495
 -25.26495 -25.26495 -25.26495 -25.26495
 -25.37388 -25.37388 -25.37388 -25.37388 -25.37388 -25.37388 -25.37388 -25.37388
 -25.37388 -25.37388 -25.37388 -25.37388
 -25.48920 -25.48920 -25.48920 -25.48920 -25.48920 -25.48920 -25.48920 -25.48920
 -25.48920 -25.48920 -25.48920 -25.48920
 -25.60814 -25.60814 -25.60814 -25.60814 -25.60814 -25.60814 -25.60814 -25.60814
 -25.60814 -25.60814 -25.60814 -25.60814
 -25.72913 -25.72913 -25.72913 -25.72913 -25.72913 -25.72913 -25.72913 -25.72913
 -25.72913 -25.72913 -25.72913 -25.72913
 -25.85128 -25.85128 -25.85128 -25.85128 -25.85128 -25.85128 -25.85128 -25.85128
 -25.85128 -25.85128 -25.85128 -25.85128
 --------------------/ IGRD= 1  / IPRT= 0  /PLT     / Z1=21   / DATE= 11.01.08
 -74.00000 -74.00000 -74.00000 -74.00000 -74.00000 -74.00000 -74.00000 -74.00000
 -74.00000 -74.00000 -74.00000 -74.00000
 -74.00000 -74.00000 -74.00000 -74.00000 -74.00000 -74.00000 -74.00000 -74.00000
 -74.00000 -74.00000 -74.00000 -74.00000
 -54.49208 -54.49208 -54.49208 -54.49208 -54.49208 -54.49208 -54.49208 -54.49208
 -54.49208 -54.49208 -54.49208 -54.49208
 -41.44145 -41.44145 -41.44145 -41.44145 -41.44145 -41.44145 -41.44145 -41.44145
 -41.44145 -41.44145 -41.44145 -41.44145
 -33.96933 -33.96933 -33.96933 -33.96933 -33.96933 -33.96933 -33.96933 -33.96933
 -33.96933 -33.96933 -33.96933 -33.96933
 -29.74642 -29.74642 -29.74642 -29.74642 -29.74642 -29.74642 -29.74642 -29.74642
 -29.74642 -29.74642 -29.74642 -29.74642
 -27.39681 -27.39681 -27.39681 -27.39681 -27.39681 -27.39681 -27.39681 -27.39681
 -27.39681 -27.39681 -27.39681 -27.39681
 -26.11707 -26.11707 -26.11707 -26.11707 -26.11707 -26.11707 -26.11707 -26.11707
 -26.11707 -26.11707 -26.11707 -26.11707
 -25.44547 -25.44547 -25.44547 -25.44547 -25.44547 -25.44547 -25.44547 -25.44547
 -25.44547 -25.44547 -25.44547 -25.44547
 -25.11879 -25.11879 -25.11879 -25.11879 -25.11879 -25.11879 -25.11879 -25.11879
 -25.11879 -25.11879 -25.11879 -25.11879
 -24.98752 -24.98752 -24.98752 -24.98752 -24.98752 -24.98752 -24.98752 -24.98752
 -24.98752 -24.98752 -24.98752 -24.98752
 -24.96690 -24.96690 -24.96690 -24.96690 -24.96690 -24.96690 -24.96690 -24.96690
 -24.96690 -24.96690 -24.96690 -24.96690
 -25.00891 -25.00891 -25.00891 -25.00891 -25.00891 -25.00891 -25.00891 -25.00891
 -25.00891 -25.00891 -25.00891 -25.00891
 -25.08636 -25.08636 -25.08636 -25.08636 -25.08636 -25.08636 -25.08636 -25.08636
 -25.08636 -25.08636 -25.08636 -25.08636
 -25.18387 -25.18387 -25.18387 -25.18387 -25.18387 -25.18387 -25.18387 -25.18387
 -25.18387 -25.18387 -25.18387 -25.18387
 -25.29274 -25.29274 -25.29274 -25.29274 -25.29274 -25.29274 -25.29274 -25.29274
 -25.29274 -25.29274 -25.29274 -25.29274
 -25.40802 -25.40802 -25.40802 -25.40802 -25.40802 -25.40802 -25.40802 -25.40802
 -25.40802 -25.40802 -25.40802 -25.40802
 -25.52694 -25.52694 -25.52694 -25.52694 -25.52694 -25.52694 -25.52694 -25.52694
 -25.52694 -25.52694 -25.52694 -25.52694
 -25.64792 -25.64792 -25.64792 -25.64792 -25.64792 -25.64792 -25.64792 -25.64792
 -25.64792 -25.64792 -25.64792 -25.64792
 -25.77006 -25.77006 -25.77006 -25.77006 -25.77006 -25.77006 -25.77006 -25.77006
 -25.77006 -25.77006 -25.77006 -25.77006
 --------------------/ IGRD= 1  / IPRT= 0  /PLT     / Z1=22   / DATE= 11.01.08
 -74.00000 -74.00000 -74.00000 -74.00000 -74.00000 -74.00000 -74.00000 -74.00000
 -74.00000 -74.00000 -74.00000 -74.00000
 -74.00000 -74.00000 -74.00000 -74.00000 -74.00000 -74.00000 -74.00000 -74.00000
 -74.00000 -74.00000 -74.00000 -74.00000
 -54.92391 -54.92391 -54.92391 -54.92391 -54.92391 -54.92391 -54.92391 -54.92391
 -54.92391 -54.92391 -54.92391 -54.92391
 -41.61316 -41.61316 -41.61316 -41.61316 -41.61316 -41.61316 -41.61316 -41.61316
 -41.61316 -41.61316 -41.61316 -41.61316
 -34.00977 -34.00977 -34.00977 -34.00977 -34.00977 -34.00977 -34.00977 -34.00977
 -34.00977 -34.00977 -34.00977 -34.00977
 -29.72993 -29.72993 -29.72993 -29.72993 -29.72993 -29.72993 -29.72993 -29.72993
 -29.72993 -29.72993 -29.72993 -29.72993
 -27.35457 -27.35457 -27.35457 -27.35457 -27.35457 -27.35457 -27.35457 -27.35457
 -27.35457 -27.35457 -27.35457 -27.35457
 -26.06228 -26.06228 -26.06228 -26.06228 -26.06228 -26.06228 -26.06228 -26.06228
 -26.06228 -26.06228 -26.06228 -26.06228
 -25.38421 -25.38421 -25.38421 -25.38421 -25.38421 -25.38421 -25.38421 -25.38421
 -25.38421 -25.38421 -25.38421 -25.38421
 -25.05406 -25.05406 -25.05406 -25.05406 -25.05406 -25.05406 -25.05406 -25.05406
 -25.05406 -25.05406 -25.05406 -25.05406
 -24.92089 -24.92089 -24.92089 -24.92089 -24.92089 -24.92089 -24.92089 -24.92089
 -24.92089 -24.92089 -24.92089 -24.92089
 -24.89921 -24.89921 -24.89921 -24.89921 -24.89921 -24.89921 -24.89921 -24.89921
 -24.89921 -24.89921 -24.89921 -24.89921
 -24.94062 -24.94062 -24.94062 -24.94062 -24.94062 -24.94062 -24.94062 -24.94062
 -24.94062 -24.94062 -24.94062 -24.94062
 -25.01774 -25.01774 -25.01774 -25.01774 -25.01774 -25.01774 -25.01774 -25.01774
 -25.01774 -25.01774 -25.01774 -25.01774
 -25.11507 -25.11507 -25.11507 -25.11507 -25.11507 -25.11507 -25.11507 -25.11507
 -25.11507 -25.11507 -25.11507 -25.11507
 -25.22383 -25.22383 -25.22383 -25.22383 -25.22383 -25.22383 -25.22383 -25.22383
 -25.22383 -25.22383 -25.22383 -25.22383
 -25.33905 -25.33905 -25.33905 -25.33905 -25.33905 -25.33905 -25.33905 -25.33905
 -25.33905 -25.33905 -25.33905 -25.33905
 -25.45794 -25.45794 -25.45794 -25.45794 -25.45794 -25.45794 -25.45794 -25.45794
 -25.45794 -25.45794 -25.45794 -25.45794
 -25.57890 -25.57890 -25.57890 -25.57890 -25.57890 -25.57890 -25.57890 -25.57890
 -25.57890 -25.57890 -25.57890 -25.57890
 -25.70103 -25.70103 -25.70103 -25.70103 -25.70103 -25.70103 -25.70103 -25.70103
 -25.70103 -25.70103 -25.70103 -25.70103
 --------------------/ IGRD= 1  / IPRT= 0  /PLT     / Z1=23   / DATE= 11.01.08
 -74.00000 -74.00000 -74.00000 -74.00000 -74.00000 -74.00000 -74.00000 -74.00000
 -74.00000 -74.00000 -74.00000 -74.00000
 -73.33328 -73.33328 -73.33328 -73.33328 -73.33328 -73.33328 -73.33328 -73.33328
 -73.33328 -73.33328 -73.33328 -73.33328
 -52.33317 -52.33317 -52.33317 -52.33317 -52.33317 -52.33317 -52.33317 -52.33317
 -52.33317 -52.33317 -52.33317 -52.33317
 -40.48878 -40.48878 -40.48878 -40.48878 -40.48878 -40.48878 -40.48878 -40.48878
 -40.48878 -40.48878 -40.48878 -40.48878
 -33.83340 -33.83340 -33.83340 -33.83340 -33.83340 -33.83340 -33.83340 -33.83340
 -33.83340 -33.83340 -33.83340 -33.83340
 -30.11848 -30.11848 -30.11848 -30.11848 -30.11848 -30.11848 -30.11848 -30.11848
 -30.11848 -30.11848 -30.11848 -30.11848
 -28.06916 -28.06916 -28.06916 -28.06916 -28.06916 -28.06916 -28.06916 -28.06916
 -28.06916 -28.06916 -28.06916 -28.06916
 -26.96295 -26.96295 -26.96295 -26.96295 -26.96295 -26.96295 -26.96295 -26.96295
 -26.96295 -26.96295 -26.96295 -26.96295
 -26.39060 -26.39060 -26.39060 -26.39060 -26.39060 -26.39060 -26.39060 -26.39060
 -26.39060 -26.39060 -26.39060 -26.39060
 -26.12040 -26.12040 -26.12040 -26.12040 -26.12040 -26.12040 -26.12040 -26.12040
 -26.12040 -26.12040 -26.12040 -26.12040
 -26.02119 -26.02119 -26.02119 -26.02119 -26.02119 -26.02119 -26.02119 -26.02119
 -26.02119 -26.02119 -26.02119 -26.02119
 -26.01874 -26.01874 -26.01874 -26.01874 -26.01874 -26.01874 -26.01874 -26.01874
 -26.01874 -26.01874 -26.01874 -26.01874
 -26.07104 -26.07104 -26.07104 -26.07104 -26.07104 -26.07104 -26.07104 -26.07104
 -26.07104 -26.07104 -26.07104 -26.07104
 -26.15432 -26.15432 -26.15432 -26.15432 -26.15432 -26.15432 -26.15432 -26.15432
 -26.15432 -26.15432 -26.15432 -26.15432
 -26.25513 -26.25513 -26.25513 -26.25513 -26.25513 -26.25513 -26.25513 -26.25513
 -26.25513 -26.25513 -26.25513 -26.25513
 -26.36586 -26.36586 -26.36586 -26.36586 -26.36586 -26.36586 -26.36586 -26.36586
 -26.36586 -26.36586 -26.36586 -26.36586
 -26.48220 -26.48220 -26.48220 -26.48220 -26.48220 -26.48220 -26.48220 -26.48220
 -26.48220 -26.48220 -26.48220 -26.48220
 -26.60172 -26.60172 -26.60172 -26.60172 -26.60172 -26.60172 -26.60172 -26.60172
 -26.60172 -26.60172 -26.60172 -26.60172
 -26.72303 -26.72303 -26.72303 -26.72303 -26.72303 -26.72303 -26.72303 -26.72303
 -26.72303 -26.72303 -26.72303 -26.72303
 -26.84537 -26.84537 -26.84537 -26.84537 -26.84537 -26.84537 -26.84537 -26.84537
 -26.84537 -26.84537 -26.84537 -26.84537
 --------------------/ IGRD= 1  / IPRT= 0  /PLT     / Z1=24   / DATE= 11.01.08
 -74.00000 -74.00000 -74.00000 -74.00000 -74.00000 -74.00000 -74.00000 -74.00000
 -74.00000 -74.00000 -74.00000 -74.00000
 -74.00000 -74.00000 -74.00000 -74.00000 -74.00000 -74.00000 -74.00000 -74.00000
 -74.00000 -74.00000 -74.00000 -74.00000
 -54.66740 -54.66740 -54.66740 -54.66740 -54.66740 -54.66740 -54.66740 -54.66740
 -54.66740 -54.66740 -54.66740 -54.66740
 -41.86177 -41.86177 -41.86177 -41.86177 -41.86177 -41.86177 -41.86177 -41.86177
 -41.86177 -41.86177 -41.86177 -41.86177
 -34.65818 -34.65818 -34.65818 -34.65818 -34.65818 -34.65818 -34.65818 -34.65818
 -34.65818 -34.65818 -34.65818 -34.65818
 -30.63165 -30.63165 -30.63165 -30.63165 -30.63165 -30.63165 -30.63165 -30.63165
 -30.63165 -30.63165 -30.63165 -30.63165
 -28.40557 -28.40557 -28.40557 -28.40557 -28.40557 -28.40557 -28.40557 -28.40557
 -28.40557 -28.40557 -28.40557 -28.40557
 -27.19920 -27.19920 -27.19920 -27.19920 -27.19920 -27.19920 -27.19920 -27.19920
 -27.19920 -27.19920 -27.19920 -27.19920
 -26.57013 -26.57013 -26.57013 -26.57013 -26.57013 -26.57013 -26.57013 -26.57013
 -26.57013 -26.57013 -26.57013 -26.57013
 -26.26782 -26.26782 -26.26782 -26.26782 -26.26782 -26.26782 -26.26782 -26.26782
 -26.26782 -26.26782 -26.26782 -26.26782
 -26.15044 -26.15044 -26.15044 -26.15044 -26.15044 -26.15044 -26.15044 -26.15044
 -26.15044 -26.15044 -26.15044 -26.15044
 -26.13770 -26.13770 -26.13770 -26.13770 -26.13770 -26.13770 -26.13770 -26.13770
 -26.13770 -26.13770 -26.13770 -26.13770
 -26.18418 -26.18418 -26.18418 -26.18418 -26.18418 -26.18418 -26.18418 -26.18418
 -26.18418 -26.18418 -26.18418 -26.18418
 -26.26417 -26.26417 -26.26417 -26.26417 -26.26417 -26.26417 -26.26417 -26.26417
 -26.26417 -26.26417 -26.26417 -26.26417
 -26.36312 -26.36312 -26.36312 -26.36312 -26.36312 -26.36312 -26.36312 -26.36312
 -26.36312 -26.36312 -26.36312 -26.36312
 -26.47279 -26.47279 -26.47279 -26.47279 -26.47279 -26.47279 -26.47279 -26.47279
 -26.47279 -26.47279 -26.47279 -26.47279
 -26.58854 -26.58854 -26.58854 -26.58854 -26.58854 -26.58854 -26.58854 -26.58854
 -26.58854 -26.58854 -26.58854 -26.58854
 -26.70772 -26.70772 -26.70772 -26.70772 -26.70772 -26.70772 -26.70772 -26.70772
 -26.70772 -26.70772 -26.70772 -26.70772
 -26.82884 -26.82884 -26.82884 -26.82884 -26.82884 -26.82884 -26.82884 -26.82884
 -26.82884 -26.82884 -26.82884 -26.82884
 -26.95107 -26.95107 -26.95107 -26.95107 -26.95107 -26.95107 -26.95107 -26.95107
 -26.95107 -26.95107 -26.95107 -26.95107
 --------------------/ IGRD= 1  / IPRT= 0  /PLT     / Z1=25   / DATE= 11.01.08
 -74.00000 -74.00000 -74.00000 -74.00000 -74.00000 -74.00000 -74.00000 -74.00000
 -74.00000 -74.00000 -74.00000 -74.00000
 -74.00000 -74.00000 -74.00000 -74.00000 -74.00000 -74.00000 -74.00000 -74.00000
 -74.00000 -74.00000 -74.00000 -74.00000
 -74.00000 -74.00000 -74.00000 -74.00000 -74.00000 -74.00000 -74.00000 -74.00000
 -74.00000 -74.00000 -74.00000 -74.00000
 -54.25160 -54.25160 -54.25160 -54.25160 -54.25160 -54.25160 -54.25160 -54.25160
 -54.25160 -54.25160 -54.25160 -54.25160
 -41.31691 -41.31691 -41.31691 -41.31691 -41.31691 -41.31691 -41.31691 -41.31691
 -41.31691 -41.31691 -41.31691 -41.31691
 -34.04567 -34.04567 -34.04567 -34.04567 -34.04567 -34.04567 -34.04567 -34.04567
 -34.04567 -34.04567 -34.04567 -34.04567
 -29.98310 -29.98310 -29.98310 -29.98310 -29.98310 -29.98310 -29.98310 -29.98310
 -29.98310 -29.98310 -29.98310 -29.98310
 -27.73742 -27.73742 -27.73742 -27.73742 -27.73742 -27.73742 -27.73742 -27.73742
 -27.73742 -27.73742 -27.73742 -27.73742
 -26.52023 -26.52023 -26.52023 -26.52023 -26.52023 -26.52023 -26.52023 -26.52023
 -26.52023 -26.52023 -26.52023 -26.52023
 -25.88513 -25.88513 -25.88513 -25.88513 -25.88513 -25.88513 -25.88513 -25.88513
 -25.88513 -25.88513 -25.88513 -25.88513
 -25.57945 -25.57945 -25.57945 -25.57945 -25.57945 -25.57945 -25.57945 -25.57945
 -25.57945 -25.57945 -25.57945 -25.57945
 -25.46016 -25.46016 -25.46016 -25.46016 -25.46016 -25.46016 -25.46016 -25.46016
 -25.46016 -25.46016 -25.46016 -25.46016
 -25.44635 -25.44635 -25.44635 -25.44635 -25.44635 -25.44635 -25.44635 -25.44635
 -25.44635 -25.44635 -25.44635 -25.44635
 -25.49222 -25.49222 -25.49222 -25.49222 -25.49222 -25.49222 -25.49222 -25.49222
 -25.49222 -25.49222 -25.49222 -25.49222
 -25.57187 -25.57187 -25.57187 -25.57187 -25.57187 -25.57187 -25.57187 -25.57187
 -25.57187 -25.57187 -25.57187 -25.57187
 -25.67062 -25.67062 -25.67062 -25.67062 -25.67062 -25.67062 -25.67062 -25.67062
 -25.67062 -25.67062 -25.67062 -25.67062
 -25.78019 -25.78019 -25.78019 -25.78019 -25.78019 -25.78019 -25.78019 -25.78019
 -25.78019 -25.78019 -25.78019 -25.78019
 -25.89587 -25.89587 -25.89587 -25.89587 -25.89587 -25.89587 -25.89587 -25.89587
 -25.89587 -25.89587 -25.89587 -25.89587
 -26.01502 -26.01502 -26.01502 -26.01502 -26.01502 -26.01502 -26.01502 -26.01502
 -26.01502 -26.01502 -26.01502 -26.01502
 -26.13612 -26.13612 -26.13612 -26.13612 -26.13612 -26.13612 -26.13612 -26.13612
 -26.13612 -26.13612 -26.13612 -26.13612
 --------------------/ IGRD= 1  / IPRT= 0  /PLT     / Z1=26   / DATE= 11.01.08
 -74.00000 -74.00000 -74.00000 -74.00000 -74.00000 -74.00000 -74.00000 -74.00000
 -74.00000 -74.00000 -74.00000 -74.00000
 -74.00000 -74.00000 -74.00000 -74.00000 -74.00000 -74.00000 -74.00000 -74.00000
 -74.00000 -74.00000 -74.00000 -74.00000
 -74.00000 -74.00000 -74.00000 -74.00000 -74.00000 -74.00000 -74.00000 -74.00000
 -74.00000 -74.00000 -74.00000 -74.00000
 -55.76428 -55.76428 -55.76428 -55.76428 -55.76428 -55.76428 -55.76428 -55.76428
 -55.76428 -55.76428 -55.76428 -55.76428
 -42.15202 -42.15202 -42.15202 -42.15202 -42.15202 -42.15202 -42.15202 -42.15202
 -42.15202 -42.15202 -42.15202 -42.15202
 -34.50326 -34.50326 -34.50326 -34.50326 -34.50326 -34.50326 -34.50326 -34.50326
 -34.50326 -34.50326 -34.50326 -34.50326
 -30.22504 -30.22504 -30.22504 -30.22504 -30.22504 -30.22504 -30.22504 -30.22504
 -30.22504 -30.22504 -30.22504 -30.22504
 -27.84246 -27.84246 -27.84246 -27.84246 -27.84246 -27.84246 -27.84246 -27.84246
 -27.84246 -27.84246 -27.84246 -27.84246
 -26.52595 -26.52595 -26.52595 -26.52595 -26.52595 -26.52595 -26.52595 -26.52595
 -26.52595 -26.52595 -26.52595 -26.52595
 -25.81878 -25.81878 -25.81878 -25.81878 -25.81878 -25.81878 -25.81878 -25.81878
 -25.81878 -25.81878 -25.81878 -25.81878
 -25.46465 -25.46465 -25.46465 -25.46465 -25.46465 -25.46465 -25.46465 -25.46465
 -25.46465 -25.46465 -25.46465 -25.46465
 -25.31497 -25.31497 -25.31497 -25.31497 -25.31497 -25.31497 -25.31497 -25.31497
 -25.31497 -25.31497 -25.31497 -25.31497
 -25.28291 -25.28291 -25.28291 -25.28291 -25.28291 -25.28291 -25.28291 -25.28291
 -25.28291 -25.28291 -25.28291 -25.28291
 -25.31810 -25.31810 -25.31810 -25.31810 -25.31810 -25.31810 -25.31810 -25.31810
 -25.31810 -25.31810 -25.31810 -25.31810
 -25.39158 -25.39158 -25.39158 -25.39158 -25.39158 -25.39158 -25.39158 -25.39158
 -25.39158 -25.39158 -25.39158 -25.39158
 -25.48681 -25.48681 -25.48681 -25.48681 -25.48681 -25.48681 -25.48681 -25.48681
 -25.48681 -25.48681 -25.48681 -25.48681
 -25.59437 -25.59437 -25.59437 -25.59437 -25.59437 -25.59437 -25.59437 -25.59437
 -25.59437 -25.59437 -25.59437 -25.59437
 -25.70892 -25.70892 -25.70892 -25.70892 -25.70892 -25.70892 -25.70892 -25.70892
 -25.70892 -25.70892 -25.70892 -25.70892
 -25.82742 -25.82742 -25.82742 -25.82742 -25.82742 -25.82742 -25.82742 -25.82742
 -25.82742 -25.82742 -25.82742 -25.82742
 -25.94816 -25.94816 -25.94816 -25.94816 -25.94816 -25.94816 -25.94816 -25.94816
 -25.94816 -25.94816 -25.94816 -25.94816
 --------------------/ IGRD= 1  / IPRT= 0  /PLT     / Z1=27   / DATE= 11.01.08
 -74.00000 -74.00000 -74.00000 -74.00000 -74.00000 -74.00000 -74.00000 -74.00000
 -74.00000 -74.00000 -74.00000 -74.00000
 -74.00000 -74.00000 -74.00000 -74.00000 -74.00000 -74.00000 -74.00000 -74.00000
 -74.00000 -74.00000 -74.00000 -74.00000
 -56.92163 -56.92163 -56.92163 -56.92163 -56.92163 -56.92163 -56.92163 -56.92163
 -56.92163 -56.92163 -56.92163 -56.92163
 -42.50226 -42.50226 -42.50226 -42.50226 -42.50226 -42.50226 -42.50226 -42.50226
 -42.50226 -42.50226 -42.50226 -42.50226
 -34.37571 -34.37571 -34.37571 -34.37571 -34.37571 -34.37571 -34.37571 -34.37571
 -34.37571 -34.37571 -34.37571 -34.37571
 -29.81554 -29.81554 -29.81554 -29.81554 -29.81554 -29.81554 -29.81554 -29.81554
 -29.81554 -29.81554 -29.81554 -29.81554
 -27.28130 -27.28130 -27.28130 -27.28130 -27.28130 -27.28130 -27.28130 -27.28130
 -27.28130 -27.28130 -27.28130 -27.28130
 -25.89652 -25.89652 -25.89652 -25.89652 -25.89652 -25.89652 -25.89652 -25.89652
 -25.89652 -25.89652 -25.89652 -25.89652
 -25.15813 -25.15813 -25.15813 -25.15813 -25.15813 -25.15813 -25.15813 -25.15813
 -25.15813 -25.15813 -25.15813 -25.15813
 -24.78093 -24.78093 -24.78093 -24.78093 -24.78093 -24.78093 -24.78093 -24.78093
 -24.78093 -24.78093 -24.78093 -24.78093
 -24.61040 -24.61040 -24.61040 -24.61040 -24.61040 -24.61040 -24.61040 -24.61040
 -24.61040 -24.61040 -24.61040 -24.61040
 -24.56179 -24.56179 -24.56179 -24.56179 -24.56179 -24.56179 -24.56179 -24.56179
 -24.56179 -24.56179 -24.56179 -24.56179
 -24.58553 -24.58553 -24.58553 -24.58553 -24.58553 -24.58553 -24.58553 -24.58553
 -24.58553 -24.58553 -24.58553 -24.58553
 -24.65175 -24.65175 -24.65175 -24.65175 -24.65175 -24.65175 -24.65175 -24.65175
 -24.65175 -24.65175 -24.65175 -24.65175
 -24.74259 -24.74259 -24.74259 -24.74259 -24.74259 -24.74259 -24.74259 -24.74259
 -24.74259 -24.74259 -24.74259 -24.74259
 -24.84758 -24.84758 -24.84758 -24.84758 -24.84758 -24.84758 -24.84758 -24.84758
 -24.84758 -24.84758 -24.84758 -24.84758
 -24.96064 -24.96064 -24.96064 -24.96064 -24.96064 -24.96064 -24.96064 -24.96064
 -24.96064 -24.96064 -24.96064 -24.96064
 -25.07829 -25.07829 -25.07829 -25.07829 -25.07829 -25.07829 -25.07829 -25.07829
 -25.07829 -25.07829 -25.07829 -25.07829
 -25.19854 -25.19854 -25.19854 -25.19854 -25.19854 -25.19854 -25.19854 -25.19854
 -25.19854 -25.19854 -25.19854 -25.19854
 -25.32027 -25.32027 -25.32027 -25.32027 -25.32027 -25.32027 -25.32027 -25.32027
 -25.32027 -25.32027 -25.32027 -25.32027
 --------------------/ IGRD= 1  / IPRT= 0  /PLT     / Z1=28   / DATE= 11.01.08
 -74.00000 -74.00000 -74.00000 -74.00000 -74.00000 -74.00000 -74.00000 -74.00000
 -74.00000 -74.00000 -74.00000 -74.00000
 -74.00000 -74.00000 -74.00000 -74.00000 -74.00000 -74.00000 -74.00000 -74.00000
 -74.00000 -74.00000 -74.00000 -74.00000
 -57.38380 -57.38380 -57.38380 -57.38380 -57.38380 -57.38380 -57.38380 -57.38380
 -57.38380 -57.38380 -57.38380 -57.38380
 -42.69516 -42.69516 -42.69516 -42.69516 -42.69516 -42.69516 -42.69516 -42.69516
 -42.69516 -42.69516 -42.69516 -42.69516
 -34.43712 -34.43712 -34.43712 -34.43712 -34.43712 -34.43712 -34.43712 -34.43712
 -34.43712 -34.43712 -34.43712 -34.43712
 -29.81788 -29.81788 -29.81788 -29.81788 -29.81788 -29.81788 -29.81788 -29.81788
 -29.81788 -29.81788 -29.81788 -29.81788
 -27.25761 -27.25761 -27.25761 -27.25761 -27.25761 -27.25761 -27.25761 -27.25761
 -27.25761 -27.25761 -27.25761 -27.25761
 -25.86080 -25.86080 -25.86080 -25.86080 -25.86080 -25.86080 -25.86080 -25.86080
 -25.86080 -25.86080 -25.86080 -25.86080
 -25.11735 -25.11735 -25.11735 -25.11735 -25.11735 -25.11735 -25.11735 -25.11735
 -25.11735 -25.11735 -25.11735 -25.11735
 -24.73943 -24.73943 -24.73943 -24.73943 -24.73943 -24.73943 -24.73943 -24.73943
 -24.73943 -24.73943 -24.73943 -24.73943
 -24.56947 -24.56947 -24.56947 -24.56947 -24.56947 -24.56947 -24.56947 -24.56947
 -24.56947 -24.56947 -24.56947 -24.56947
 -24.52115 -24.52115 -24.52115 -24.52115 -24.52115 -24.52115 -24.52115 -24.52115
 -24.52115 -24.52115 -24.52115 -24.52115
 -24.54484 -24.54484 -24.54484 -24.54484 -24.54484 -24.54484 -24.54484 -24.54484
 -24.54484 -24.54484 -24.54484 -24.54484
 -24.61090 -24.61090 -24.61090 -24.61090 -24.61090 -24.61090 -24.61090 -24.61090
 -24.61090 -24.61090 -24.61090 -24.61090
 -24.70159 -24.70159 -24.70159 -24.70159 -24.70159 -24.70159 -24.70159 -24.70159
 -24.70159 -24.70159 -24.70159 -24.70159
 -24.80647 -24.80647 -24.80647 -24.80647 -24.80647 -24.80647 -24.80647 -24.80647
 -24.80647 -24.80647 -24.80647 -24.80647
 -24.91946 -24.91946 -24.91946 -24.91946 -24.91946 -24.91946 -24.91946 -24.91946
 -24.91946 -24.91946 -24.91946 -24.91946
 -25.03706 -25.03706 -25.03706 -25.03706 -25.03706 -25.03706 -25.03706 -25.03706
 -25.03706 -25.03706 -25.03706 -25.03706
 -25.15729 -25.15729 -25.15729 -25.15729 -25.15729 -25.15729 -25.15729 -25.15729
 -25.15729 -25.15729 -25.15729 -25.15729
 -25.27901 -25.27901 -25.27901 -25.27901 -25.27901 -25.27901 -25.27901 -25.27901
 -25.27901 -25.27901 -25.27901 -25.27901
 --------------------/ IGRD= 1  / IPRT= 0  /PLT     / Z1=29   / DATE= 11.01.08
 -74.00000 -74.00000 -74.00000 -74.00000 -74.00000 -74.00000 -74.00000 -74.00000
 -74.00000 -74.00000 -74.00000 -74.00000
 -74.00000 -74.00000 -74.00000 -74.00000 -74.00000 -74.00000 -74.00000 -74.00000
 -74.00000 -74.00000 -74.00000 -74.00000
 -57.44301 -57.44301 -57.44301 -57.44301 -57.44301 -57.44301 -57.44301 -57.44301
 -57.44301 -57.44301 -57.44301 -57.44301
 -42.70170 -42.70170 -42.70170 -42.70170 -42.70170 -42.70170 -42.70170 -42.70170
 -42.70170 -42.70170 -42.70170 -42.70170
 -34.41431 -34.41431 -34.41431 -34.41431 -34.41431 -34.41431 -34.41431 -34.41431
 -34.41431 -34.41431 -34.41431 -34.41431
 -29.77875 -29.77875 -29.77875 -29.77875 -29.77875 -29.77875 -29.77875 -29.77875
 -29.77875 -29.77875 -29.77875 -29.77875
 -27.20945 -27.20945 -27.20945 -27.20945 -27.20945 -27.20945 -27.20945 -27.20945
 -27.20945 -27.20945 -27.20945 -27.20945
 -25.80869 -25.80869 -25.80869 -25.80869 -25.80869 -25.80869 -25.80869 -25.80869
 -25.80869 -25.80869 -25.80869 -25.80869
 -25.06654 -25.06654 -25.06654 -25.06654 -25.06654 -25.06654 -25.06654 -25.06654
 -25.06654 -25.06654 -25.06654 -25.06654
 -24.68980 -24.68980 -24.68980 -24.68980 -24.68980 -24.68980 -24.68980 -24.68980
 -24.68980 -24.68980 -24.68980 -24.68980
 -24.51287 -24.51287 -24.51287 -24.51287 -24.51287 -24.51287 -24.51287 -24.51287
 -24.51287 -24.51287 -24.51287 -24.51287
 -24.45140 -24.45140 -24.45140 -24.45140 -24.45140 -24.45140 -24.45140 -24.45140
 -24.45140 -24.45140 -24.45140 -24.45140
 -24.46208 -24.46208 -24.46208 -24.46208 -24.46208 -24.46208 -24.46208 -24.46208
 -24.46208 -24.46208 -24.46208 -24.46208
 -24.51834 -24.51834 -24.51834 -24.51834 -24.51834 -24.51834 -24.51834 -24.51834
 -24.51834 -24.51834 -24.51834 -24.51834
 -24.60259 -24.60259 -24.60259 -24.60259 -24.60259 -24.60259 -24.60259 -24.60259
 -24.60259 -24.60259 -24.60259 -24.60259
 -24.70350 -24.70350 -24.70350 -24.70350 -24.70350 -24.70350 -24.70350 -24.70350
 -24.70350 -24.70350 -24.70350 -24.70350
 -24.81415 -24.81415 -24.81415 -24.81415 -24.81415 -24.81415 -24.81415 -24.81415
 -24.81415 -24.81415 -24.81415 -24.81415
 -24.93039 -24.93039 -24.93039 -24.93039 -24.93039 -24.93039 -24.93039 -24.93039
 -24.93039 -24.93039 -24.93039 -24.93039
 -25.04984 -25.04984 -25.04984 -25.04984 -25.04984 -25.04984 -25.04984 -25.04984
 -25.04984 -25.04984 -25.04984 -25.04984
 -25.17111 -25.17111 -25.17111 -25.17111 -25.17111 -25.17111 -25.17111 -25.17111
 -25.17111 -25.17111 -25.17111 -25.17111
 --------------------/ IGRD= 1  / IPRT= 0  /PLT     / Z1=30   / DATE= 11.01.08
 -74.00000 -74.00000 -74.00000 -74.00000 -74.00000 -74.00000 -74.00000 -74.00000
 -74.00000 -74.00000 -74.00000 -74.00000
 -74.00000 -74.00000 -74.00000 -74.00000 -74.00000 -74.00000 -74.00000 -74.00000
 -74.00000 -74.00000 -74.00000 -74.00000
 -56.96686 -56.96686 -56.96686 -56.96686 -56.96686 -56.96686 -56.96686 -56.96686
 -56.96686 -56.96686 -56.96686 -56.96686
 -42.43202 -42.43202 -42.43202 -42.43202 -42.43202 -42.43202 -42.43202 -42.43202
 -42.43202 -42.43202 -42.43202 -42.43202
 -34.26124 -34.26124 -34.26124 -34.26124 -34.26124 -34.26124 -34.26124 -34.26124
 -34.26124 -34.26124 -34.26124 -34.26124
 -29.69144 -29.69144 -29.69144 -29.69144 -29.69144 -29.69144 -29.69144 -29.69144
 -29.69144 -29.69144 -29.69144 -29.69144
 -27.15921 -27.15921 -27.15921 -27.15921 -27.15921 -27.15921 -27.15921 -27.15921
 -27.15921 -27.15921 -27.15921 -27.15921
 -25.77934 -25.77934 -25.77934 -25.77934 -25.77934 -25.77934 -25.77934 -25.77934
 -25.77934 -25.77934 -25.77934 -25.77934
 -25.04927 -25.04927 -25.04927 -25.04927 -25.04927 -25.04927 -25.04927 -25.04927
 -25.04927 -25.04927 -25.04927 -25.04927
 -24.68351 -24.68351 -24.68351 -24.68351 -24.68351 -24.68351 -24.68351 -24.68351
 -24.68351 -24.68351 -24.68351 -24.68351
 -24.52227 -24.52227 -24.52227 -24.52227 -24.52227 -24.52227 -24.52227 -24.52227
 -24.52227 -24.52227 -24.52227 -24.52227
 -24.47858 -24.47858 -24.47858 -24.47858 -24.47858 -24.47858 -24.47858 -24.47858
 -24.47858 -24.47858 -24.47858 -24.47858
 -24.50422 -24.50422 -24.50422 -24.50422 -24.50422 -24.50422 -24.50422 -24.50422
 -24.50422 -24.50422 -24.50422 -24.50422
 -24.57099 -24.57099 -24.57099 -24.57099 -24.57099 -24.57099 -24.57099 -24.57099
 -24.57099 -24.57099 -24.57099 -24.57099
 -24.66193 -24.66193 -24.66193 -24.66193 -24.66193 -24.66193 -24.66193 -24.66193
 -24.66193 -24.66193 -24.66193 -24.66193
 -24.76688 -24.76688 -24.76688 -24.76688 -24.76688 -24.76688 -24.76688 -24.76688
 -24.76688 -24.76688 -24.76688 -24.76688
 -24.87989 -24.87989 -24.87989 -24.87989 -24.87989 -24.87989 -24.87989 -24.87989
 -24.87989 -24.87989 -24.87989 -24.87989
 -24.99750 -24.99750 -24.99750 -24.99750 -24.99750 -24.99750 -24.99750 -24.99750
 -24.99750 -24.99750 -24.99750 -24.99750
 -25.11773 -25.11773 -25.11773 -25.11773 -25.11773 -25.11773 -25.11773 -25.11773
 -25.11773 -25.11773 -25.11773 -25.11773
 -25.23944 -25.23944 -25.23944 -25.23944 -25.23944 -25.23944 -25.23944 -25.23944
 -25.23944 -25.23944 -25.23944 -25.23944
 --------------------/ IGRD= 1  / IPRT= 0  /PLT     / Z1=31   / DATE= 11.01.08
 -74.00000 -74.00000 -74.00000 -74.00000 -74.00000 -74.00000 -74.00000 -74.00000
 -74.00000 -74.00000 -74.00000 -74.00000
 -72.56975 -72.56975 -72.56975 -72.56975 -72.56975 -72.56975 -72.56975 -72.56975
 -72.56975 -72.56975 -72.56975 -72.56975
 -51.81375 -51.81375 -51.81375 -51.81375 -51.81375 -51.81375 -51.81375 -51.81375
 -51.81375 -51.81375 -51.81375 -51.81375
 -40.12099 -40.12099 -40.12099 -40.12099 -40.12099 -40.12099 -40.12099 -40.12099
 -40.12099 -40.12099 -40.12099 -40.12099
 -33.48643 -33.48643 -33.48643 -33.48643 -33.48643 -33.48643 -33.48643 -33.48643
 -33.48643 -33.48643 -33.48643 -33.48643
 -29.50334 -29.50334 -29.50334 -29.50334 -29.50334 -29.50334 -29.50334 -29.50334
 -29.50334 -29.50334 -29.50334 -29.50334
 -27.11670 -27.11670 -27.11670 -27.11670 -27.11670 -27.11670 -27.11670 -27.11670
 -27.11670 -27.11670 -27.11670 -27.11670
 -25.77817 -25.77817 -25.77817 -25.77817 -25.77817 -25.77817 -25.77817 -25.77817
 -25.77817 -25.77817 -25.77817 -25.77817
 -25.06608 -25.06608 -25.06608 -25.06608 -25.06608 -25.06608 -25.06608 -25.06608
 -25.06608 -25.06608 -25.06608 -25.06608
 -24.71321 -24.71321 -24.71321 -24.71321 -24.71321 -24.71321 -24.71321 -24.71321
 -24.71321 -24.71321 -24.71321 -24.71321
 -24.56369 -24.56369 -24.56369 -24.56369 -24.56369 -24.56369 -24.56369 -24.56369
 -24.56369 -24.56369 -24.56369 -24.56369
 -24.52996 -24.52996 -24.52996 -24.52996 -24.52996 -24.52996 -24.52996 -24.52996
 -24.52996 -24.52996 -24.52996 -24.52996
 -24.56300 -24.56300 -24.56300 -24.56300 -24.56300 -24.56300 -24.56300 -24.56300
 -24.56300 -24.56300 -24.56300 -24.56300
 -24.63470 -24.63470 -24.63470 -24.63470 -24.63470 -24.63470 -24.63470 -24.63470
 -24.63470 -24.63470 -24.63470 -24.63470
 -24.72869 -24.72869 -24.72869 -24.72869 -24.72869 -24.72869 -24.72869 -24.72869
 -24.72869 -24.72869 -24.72869 -24.72869
 -24.83546 -24.83546 -24.83546 -24.83546 -24.83546 -24.83546 -24.83546 -24.83546
 -24.83546 -24.83546 -24.83546 -24.83546
 -24.94954 -24.94954 -24.94954 -24.94954 -24.94954 -24.94954 -24.94954 -24.94954
 -24.94954 -24.94954 -24.94954 -24.94954
 -25.06776 -25.06776 -25.06776 -25.06776 -25.06776 -25.06776 -25.06776 -25.06776
 -25.06776 -25.06776 -25.06776 -25.06776
 -25.18834 -25.18834 -25.18834 -25.18834 -25.18834 -25.18834 -25.18834 -25.18834
 -25.18834 -25.18834 -25.18834 -25.18834
 -25.31026 -25.31026 -25.31026 -25.31026 -25.31026 -25.31026 -25.31026 -25.31026
 -25.31026 -25.31026 -25.31026 -25.31026
 --------------------/ IGRD= 1  / IPRT= 0  /PLT     / Z1=32   / DATE= 11.01.08
 -74.00000 -74.00000 -74.00000 -74.00000 -74.00000 -74.00000 -74.00000 -74.00000
 -74.00000 -74.00000 -74.00000 -74.00000
 -71.59660 -71.59660 -71.59660 -71.59660 -71.59660 -71.59660 -71.59660 -71.59660
 -71.59660 -71.59660 -71.59660 -71.59660
 -51.23376 -51.23376 -51.23376 -51.23376 -51.23376 -51.23376 -51.23376 -51.23376
 -51.23376 -51.23376 -51.23376 -51.23376
 -39.76427 -39.76427 -39.76427 -39.76427 -39.76427 -39.76427 -39.76427 -39.76427
 -39.76427 -39.76427 -39.76427 -39.76427
 -33.27842 -33.27842 -33.27842 -33.27842 -33.27842 -33.27842 -33.27842 -33.27842
 -33.27842 -33.27842 -33.27842 -33.27842
 -29.42897 -29.42897 -29.42897 -29.42897 -29.42897 -29.42897 -29.42897 -29.42897
 -29.42897 -29.42897 -29.42897 -29.42897
 -27.11099 -27.11099 -27.11099 -27.11099 -27.11099 -27.11099 -27.11099 -27.11099
 -27.11099 -27.11099 -27.11099 -27.11099
 -25.80104 -25.80104 -25.80104 -25.80104 -25.80104 -25.80104 -25.80104 -25.80104
 -25.80104 -25.80104 -25.80104 -25.80104
 -25.10188 -25.10188 -25.10188 -25.10188 -25.10188 -25.10188 -25.10188 -25.10188
 -25.10188 -25.10188 -25.10188 -25.10188
 -24.75565 -24.75565 -24.75565 -24.75565 -24.75565 -24.75565 -24.75565 -24.75565
 -24.75565 -24.75565 -24.75565 -24.75565
 -24.61107 -24.61107 -24.61107 -24.61107 -24.61107 -24.61107 -24.61107 -24.61107
 -24.61107 -24.61107 -24.61107 -24.61107
 -24.58176 -24.58176 -24.58176 -24.58176 -24.58176 -24.58176 -24.58176 -24.58176
 -24.58176 -24.58176 -24.58176 -24.58176
 -24.61834 -24.61834 -24.61834 -24.61834 -24.61834 -24.61834 -24.61834 -24.61834
 -24.61834 -24.61834 -24.61834 -24.61834
 -24.69254 -24.69254 -24.69254 -24.69254 -24.69254 -24.69254 -24.69254 -24.69254
 -24.69254 -24.69254 -24.69254 -24.69254
 -24.78814 -24.78814 -24.78814 -24.78814 -24.78814 -24.78814 -24.78814 -24.78814
 -24.78814 -24.78814 -24.78814 -24.78814
 -24.89589 -24.89589 -24.89589 -24.89589 -24.89589 -24.89589 -24.89589 -24.89589
 -24.89589 -24.89589 -24.89589 -24.89589
 -25.01055 -25.01055 -25.01055 -25.01055 -25.01055 -25.01055 -25.01055 -25.01055
 -25.01055 -25.01055 -25.01055 -25.01055
 -25.12911 -25.12911 -25.12911 -25.12911 -25.12911 -25.12911 -25.12911 -25.12911
 -25.12911 -25.12911 -25.12911 -25.12911
 -25.24988 -25.24988 -25.24988 -25.24988 -25.24988 -25.24988 -25.24988 -25.24988
 -25.24988 -25.24988 -25.24988 -25.24988
 -25.37190 -25.37190 -25.37190 -25.37190 -25.37190 -25.37190 -25.37190 -25.37190
 -25.37190 -25.37190 -25.37190 -25.37190
 --------------------/ IGRD= 1  / IPRT= 0  /PLT     / Z1=33   / DATE= 11.01.08
 -74.00000 -74.00000 -74.00000 -74.00000 -74.00000 -74.00000 -74.00000 -74.00000
 -74.00000 -74.00000 -74.00000 -74.00000
 -71.01035 -71.01035 -71.01035 -71.01035 -71.01035 -71.01035 -71.01035 -71.01035
 -71.01035 -71.01035 -71.01035 -71.01035
 -50.86698 -50.86698 -50.86698 -50.86698 -50.86698 -50.86698 -50.86698 -50.86698
 -50.86698 -50.86698 -50.86698 -50.86698
 -39.52188 -39.52188 -39.52188 -39.52188 -39.52188 -39.52188 -39.52188 -39.52188
 -39.52188 -39.52188 -39.52188 -39.52188
 -33.11614 -33.11614 -33.11614 -33.11614 -33.11614 -33.11614 -33.11614 -33.11614
 -33.11614 -33.11614 -33.11614 -33.11614
 -29.34940 -29.34940 -29.34940 -29.34940 -29.34940 -29.34940 -29.34940 -29.34940
 -29.34940 -29.34940 -29.34940 -29.34940
 -27.08847 -27.08847 -27.08847 -27.08847 -27.08847 -27.08847 -27.08847 -27.08847
 -27.08847 -27.08847 -27.08847 -27.08847
 -25.80621 -25.80621 -25.80621 -25.80621 -25.80621 -25.80621 -25.80621 -25.80621
 -25.80621 -25.80621 -25.80621 -25.80621
 -25.12002 -25.12002 -25.12002 -25.12002 -25.12002 -25.12002 -25.12002 -25.12002
 -25.12002 -25.12002 -25.12002 -25.12002
 -24.77855 -24.77855 -24.77855 -24.77855 -24.77855 -24.77855 -24.77855 -24.77855
 -24.77855 -24.77855 -24.77855 -24.77855
 -24.63437 -24.63437 -24.63437 -24.63437 -24.63437 -24.63437 -24.63437 -24.63437
 -24.63437 -24.63437 -24.63437 -24.63437
 -24.60388 -24.60388 -24.60388 -24.60388 -24.60388 -24.60388 -24.60388 -24.60388
 -24.60388 -24.60388 -24.60388 -24.60388
 -24.63914 -24.63914 -24.63914 -24.63914 -24.63914 -24.63914 -24.63914 -24.63914
 -24.63914 -24.63914 -24.63914 -24.63914
 -24.71233 -24.71233 -24.71233 -24.71233 -24.71233 -24.71233 -24.71233 -24.71233
 -24.71233 -24.71233 -24.71233 -24.71233
 -24.80728 -24.80728 -24.80728 -24.80728 -24.80728 -24.80728 -24.80728 -24.80728
 -24.80728 -24.80728 -24.80728 -24.80728
 -24.91463 -24.91463 -24.91463 -24.91463 -24.91463 -24.91463 -24.91463 -24.91463
 -24.91463 -24.91463 -24.91463 -24.91463
 -25.02904 -25.02904 -25.02904 -25.02904 -25.02904 -25.02904 -25.02904 -25.02904
 -25.02904 -25.02904 -25.02904 -25.02904
 -25.14746 -25.14746 -25.14746 -25.14746 -25.14746 -25.14746 -25.14746 -25.14746
 -25.14746 -25.14746 -25.14746 -25.14746
 -25.26816 -25.26816 -25.26816 -25.26816 -25.26816 -25.26816 -25.26816 -25.26816
 -25.26816 -25.26816 -25.26816 -25.26816
 -25.39014 -25.39014 -25.39014 -25.39014 -25.39014 -25.39014 -25.39014 -25.39014
 -25.39014 -25.39014 -25.39014 -25.39014
 --------------------/ IGRD= 1  / IPRT= 0  /PLT     / Z1=34   / DATE= 11.01.08
 -74.00000 -74.00000 -74.00000 -74.00000 -74.00000 -74.00000 -74.00000 -74.00000
 -74.00000 -74.00000 -74.00000 -74.00000
 -69.93387 -69.93387 -69.93387 -69.93387 -69.93387 -69.93387 -69.93387 -69.93387
 -69.93387 -69.93387 -69.93387 -69.93387
 -50.25515 -50.25515 -50.25515 -50.25515 -50.25515 -50.25515 -50.25515 -50.25515
 -50.25515 -50.25515 -50.25515 -50.25515
 -39.16894 -39.16894 -39.16894 -39.16894 -39.16894 -39.16894 -39.16894 -39.16894
 -39.16894 -39.16894 -39.16894 -39.16894
 -32.90589 -32.90589 -32.90589 -32.90589 -32.90589 -32.90589 -32.90589 -32.90589
 -32.90589 -32.90589 -32.90589 -32.90589
 -29.23337 -29.23337 -29.23337 -29.23337 -29.23337 -29.23337 -29.23337 -29.23337
 -29.23337 -29.23337 -29.23337 -29.23337
 -27.02765 -27.02765 -27.02765 -27.02765 -27.02765 -27.02765 -27.02765 -27.02765
 -27.02765 -27.02765 -27.02765 -27.02765
 -25.77231 -25.77231 -25.77231 -25.77231 -25.77231 -25.77231 -25.77231 -25.77231
 -25.77231 -25.77231 -25.77231 -25.77231
 -25.10143 -25.10143 -25.10143 -25.10143 -25.10143 -25.10143 -25.10143 -25.10143
 -25.10143 -25.10143 -25.10143 -25.10143
 -24.77202 -24.77202 -24.77202 -24.77202 -24.77202 -24.77202 -24.77202 -24.77202
 -24.77202 -24.77202 -24.77202 -24.77202
 -24.63836 -24.63836 -24.63836 -24.63836 -24.63836 -24.63836 -24.63836 -24.63836
 -24.63836 -24.63836 -24.63836 -24.63836
 -24.61614 -24.61614 -24.61614 -24.61614 -24.61614 -24.61614 -24.61614 -24.61614
 -24.61614 -24.61614 -24.61614 -24.61614
 -24.65718 -24.65718 -24.65718 -24.65718 -24.65718 -24.65718 -24.65718 -24.65718
 -24.65718 -24.65718 -24.65718 -24.65718
 -24.73406 -24.73406 -24.73406 -24.73406 -24.73406 -24.73406 -24.73406 -24.73406
 -24.73406 -24.73406 -24.73406 -24.73406
 -24.83124 -24.83124 -24.83124 -24.83124 -24.83124 -24.83124 -24.83124 -24.83124
 -24.83124 -24.83124 -24.83124 -24.83124
 -24.93991 -24.93991 -24.93991 -24.93991 -24.93991 -24.93991 -24.93991 -24.93991
 -24.93991 -24.93991 -24.93991 -24.93991
 -25.05509 -25.05509 -25.05509 -25.05509 -25.05509 -25.05509 -25.05509 -25.05509
 -25.05509 -25.05509 -25.05509 -25.05509
 -25.17395 -25.17395 -25.17395 -25.17395 -25.17395 -25.17395 -25.17395 -25.17395
 -25.17395 -25.17395 -25.17395 -25.17395
 -25.29489 -25.29489 -25.29489 -25.29489 -25.29489 -25.29489 -25.29489 -25.29489
 -25.29489 -25.29489 -25.29489 -25.29489
 -25.41701 -25.41701 -25.41701 -25.41701 -25.41701 -25.41701 -25.41701 -25.41701
 -25.41701 -25.41701 -25.41701 -25.41701
 --------------------/ IGRD= 1  / IPRT= 0  /PLT     / Z1=35   / DATE= 11.01.08
 -74.00000 -74.00000 -74.00000 -74.00000 -74.00000 -74.00000 -74.00000 -74.00000
 -74.00000 -74.00000 -74.00000 -74.00000
 -70.70661 -70.70661 -70.70661 -70.70661 -70.70661 -70.70661 -70.70661 -70.70661
 -70.70661 -70.70661 -70.70661 -70.70661
 -50.60964 -50.60964 -50.60964 -50.60964 -50.60964 -50.60964 -50.60964 -50.60964
 -50.60964 -50.60964 -50.60964 -50.60964
 -39.29042 -39.29042 -39.29042 -39.29042 -39.29042 -39.29042 -39.29042 -39.29042
 -39.29042 -39.29042 -39.29042 -39.29042
 -32.90225 -32.90225 -32.90225 -32.90225 -32.90225 -32.90225 -32.90225 -32.90225
 -32.90225 -32.90225 -32.90225 -32.90225
 -29.19074 -29.19074 -29.19074 -29.19074 -29.19074 -29.19074 -29.19074 -29.19074
 -29.19074 -29.19074 -29.19074 -29.19074
 -27.00206 -27.00206 -27.00206 -27.00206 -27.00206 -27.00206 -27.00206 -27.00206
 -27.00206 -27.00206 -27.00206 -27.00206
 -25.76639 -25.76639 -25.76639 -25.76639 -25.76639 -25.76639 -25.76639 -25.76639
 -25.76639 -25.76639 -25.76639 -25.76639
 -25.10759 -25.10759 -25.10759 -25.10759 -25.10759 -25.10759 -25.10759 -25.10759
 -25.10759 -25.10759 -25.10759 -25.10759
 -24.78335 -24.78335 -24.78335 -24.78335 -24.78335 -24.78335 -24.78335 -24.78335
 -24.78335 -24.78335 -24.78335 -24.78335
 -24.64906 -24.64906 -24.64906 -24.64906 -24.64906 -24.64906 -24.64906 -24.64906
 -24.64906 -24.64906 -24.64906 -24.64906
 -24.62304 -24.62304 -24.62304 -24.62304 -24.62304 -24.62304 -24.62304 -24.62304
 -24.62304 -24.62304 -24.62304 -24.62304
 -24.65984 -24.65984 -24.65984 -24.65984 -24.65984 -24.65984 -24.65984 -24.65984
 -24.65984 -24.65984 -24.65984 -24.65984
 -24.73338 -24.73338 -24.73338 -24.73338 -24.73338 -24.73338 -24.73338 -24.73338
 -24.73338 -24.73338 -24.73338 -24.73338
 -24.82829 -24.82829 -24.82829 -24.82829 -24.82829 -24.82829 -24.82829 -24.82829
 -24.82829 -24.82829 -24.82829 -24.82829
 -24.93555 -24.93555 -24.93555 -24.93555 -24.93555 -24.93555 -24.93555 -24.93555
 -24.93555 -24.93555 -24.93555 -24.93555
 -25.04988 -25.04988 -25.04988 -25.04988 -25.04988 -25.04988 -25.04988 -25.04988
 -25.04988 -25.04988 -25.04988 -25.04988
 -25.16824 -25.16824 -25.16824 -25.16824 -25.16824 -25.16824 -25.16824 -25.16824
 -25.16824 -25.16824 -25.16824 -25.16824
 -25.28890 -25.28890 -25.28890 -25.28890 -25.28890 -25.28890 -25.28890 -25.28890
 -25.28890 -25.28890 -25.28890 -25.28890
 -25.41086 -25.41086 -25.41086 -25.41086 -25.41086 -25.41086 -25.41086 -25.41086
 -25.41086 -25.41086 -25.41086 -25.41086
 --------------------/ IGRD= 1  / IPRT= 0  /PLT     / Z1=36   / DATE= 11.01.08
 -74.00000 -74.00000 -74.00000 -74.00000 -74.00000 -74.00000 -74.00000 -74.00000
 -74.00000 -74.00000 -74.00000 -74.00000
 -74.00000 -74.00000 -74.00000 -74.00000 -74.00000 -74.00000 -74.00000 -74.00000
 -74.00000 -74.00000 -74.00000 -74.00000
 -54.16066 -54.16066 -54.16066 -54.16066 -54.16066 -54.16066 -54.16066 -54.16066
 -54.16066 -54.16066 -54.16066 -54.16066
 -41.03718 -41.03718 -41.03718 -41.03718 -41.03718 -41.03718 -41.03718 -41.03718
 -41.03718 -41.03718 -41.03718 -41.03718
 -33.66522 -33.66522 -33.66522 -33.66522 -33.66522 -33.66522 -33.66522 -33.66522
 -33.66522 -33.66522 -33.66522 -33.66522
 -29.54763 -29.54763 -29.54763 -29.54763 -29.54763 -29.54763 -29.54763 -29.54763
 -29.54763 -29.54763 -29.54763 -29.54763
 -27.27146 -27.27146 -27.27146 -27.27146 -27.27146 -27.27146 -27.27146 -27.27146
 -27.27146 -27.27146 -27.27146 -27.27146
 -26.03723 -26.03723 -26.03723 -26.03723 -26.03723 -26.03723 -26.03723 -26.03723
 -26.03723 -26.03723 -26.03723 -26.03723
 -25.39229 -25.39229 -25.39229 -25.39229 -25.39229 -25.39229 -25.39229 -25.39229
 -25.39229 -25.39229 -25.39229 -25.39229
 -25.07891 -25.07891 -25.07891 -25.07891 -25.07891 -25.07891 -25.07891 -25.07891
 -25.07891 -25.07891 -25.07891 -25.07891
 -24.94990 -24.94990 -24.94990 -24.94990 -24.94990 -24.94990 -24.94990 -24.94990
 -24.94990 -24.94990 -24.94990 -24.94990
 -24.92462 -24.92462 -24.92462 -24.92462 -24.92462 -24.92462 -24.92462 -24.92462
 -24.92462 -24.92462 -24.92462 -24.92462
 -24.96009 -24.96009 -24.96009 -24.96009 -24.96009 -24.96009 -24.96009 -24.96009
 -24.96009 -24.96009 -24.96009 -24.96009
 -25.03198 -25.03198 -25.03198 -25.03198 -25.03198 -25.03198 -25.03198 -25.03198
 -25.03198 -25.03198 -25.03198 -25.03198
 -25.12560 -25.12560 -25.12560 -25.12560 -25.12560 -25.12560 -25.12560 -25.12560
 -25.12560 -25.12560 -25.12560 -25.12560
 -25.23199 -25.23199 -25.23199 -25.23199 -25.23199 -25.23199 -25.23199 -25.23199
 -25.23199 -25.23199 -25.23199 -25.23199
 -25.34579 -25.34579 -25.34579 -25.34579 -25.34579 -25.34579 -25.34579 -25.34579
 -25.34579 -25.34579 -25.34579 -25.34579
 -25.46383 -25.46383 -25.46383 -25.46383 -25.46383 -25.46383 -25.46383 -25.46383
 -25.46383 -25.46383 -25.46383 -25.46383
 -25.58431 -25.58431 -25.58431 -25.58431 -25.58431 -25.58431 -25.58431 -25.58431
 -25.58431 -25.58431 -25.58431 -25.58431
 -25.70616 -25.70616 -25.70616 -25.70616 -25.70616 -25.70616 -25.70616 -25.70616
 -25.70616 -25.70616 -25.70616 -25.70616
 --------------------/ IGRD= 1  / IPRT= 0  /PLT     / Z1=37   / DATE= 11.01.08
 -74.00000 -74.00000 -74.00000 -74.00000 -74.00000 -74.00000 -74.00000 -74.00000
 -74.00000 -74.00000 -74.00000 -74.00000
 -70.72875 -70.72875 -70.72875 -70.72875 -70.72875 -70.72875 -70.72875 -70.72875
 -70.72875 -70.72875 -70.72875 -70.72875
 -50.51400 -50.51400 -50.51400 -50.51400 -50.51400 -50.51400 -50.51400 -50.51400
 -50.51400 -50.51400 -50.51400 -50.51400
 -39.12936 -39.12936 -39.12936 -39.12936 -39.12936 -39.12936 -39.12936 -39.12936
 -39.12936 -39.12936 -39.12936 -39.12936
 -32.73022 -32.73022 -32.73022 -32.73022 -32.73022 -32.73022 -32.73022 -32.73022
 -32.73022 -32.73022 -32.73022 -32.73022
 -29.08560 -29.08560 -29.08560 -29.08560 -29.08560 -29.08560 -29.08560 -29.08560
 -29.08560 -29.08560 -29.08560 -29.08560
 -26.94993 -26.94993 -26.94993 -26.94993 -26.94993 -26.94993 -26.94993 -26.94993
 -26.94993 -26.94993 -26.94993 -26.94993
 -25.72390 -25.72390 -25.72390 -25.72390 -25.72390 -25.72390 -25.72390 -25.72390
 -25.72390 -25.72390 -25.72390 -25.72390
 -25.06099 -25.06099 -25.06099 -25.06099 -25.06099 -25.06099 -25.06099 -25.06099
 -25.06099 -25.06099 -25.06099 -25.06099
 -24.73267 -24.73267 -24.73267 -24.73267 -24.73267 -24.73267 -24.73267 -24.73267
 -24.73267 -24.73267 -24.73267 -24.73267
 -24.59677 -24.59677 -24.59677 -24.59677 -24.59677 -24.59677 -24.59677 -24.59677
 -24.59677 -24.59677 -24.59677 -24.59677
 -24.57011 -24.57011 -24.57011 -24.57011 -24.57011 -24.57011 -24.57011 -24.57011
 -24.57011 -24.57011 -24.57011 -24.57011
 -24.60623 -24.60623 -24.60623 -24.60623 -24.60623 -24.60623 -24.60623 -24.60623
 -24.60623 -24.60623 -24.60623 -24.60623
 -24.67907 -24.67907 -24.67907 -24.67907 -24.67907 -24.67907 -24.67907 -24.67907
 -24.67907 -24.67907 -24.67907 -24.67907
 -24.77342 -24.77342 -24.77342 -24.77342 -24.77342 -24.77342 -24.77342 -24.77342
 -24.77342 -24.77342 -24.77342 -24.77342
 -24.88029 -24.88029 -24.88029 -24.88029 -24.88029 -24.88029 -24.88029 -24.88029
 -24.88029 -24.88029 -24.88029 -24.88029
 -24.99437 -24.99437 -24.99437 -24.99437 -24.99437 -24.99437 -24.99437 -24.99437
 -24.99437 -24.99437 -24.99437 -24.99437
 -25.11259 -25.11259 -25.11259 -25.11259 -25.11259 -25.11259 -25.11259 -25.11259
 -25.11259 -25.11259 -25.11259 -25.11259
 -25.23316 -25.23316 -25.23316 -25.23316 -25.23316 -25.23316 -25.23316 -25.23316
 -25.23316 -25.23316 -25.23316 -25.23316
 -25.35507 -25.35507 -25.35507 -25.35507 -25.35507 -25.35507 -25.35507 -25.35507
 -25.35507 -25.35507 -25.35507 -25.35507
 --------------------/ IGRD= 1  / IPRT= 0  /PLT     / Z1=38   / DATE= 11.01.08
 -74.00000 -74.00000 -74.00000 -74.00000 -74.00000 -74.00000 -74.00000 -74.00000
 -74.00000 -74.00000 -74.00000 -74.00000
 -70.56752 -70.56752 -70.56752 -70.56752 -70.56752 -70.56752 -70.56752 -70.56752
 -70.56752 -70.56752 -70.56752 -70.56752
 -50.36291 -50.36291 -50.36291 -50.36291 -50.36291 -50.36291 -50.36291 -50.36291
 -50.36291 -50.36291 -50.36291 -50.36291
 -38.98419 -38.98419 -38.98419 -38.98419 -38.98419 -38.98419 -38.98419 -38.98419
 -38.98419 -38.98419 -38.98419 -38.98419
 -32.59580 -32.59580 -32.59580 -32.59580 -32.59580 -32.59580 -32.59580 -32.59580
 -32.59580 -32.59580 -32.59580 -32.59580
 -28.99762 -28.99762 -28.99762 -28.99762 -28.99762 -28.99762 -28.99762 -28.99762
 -28.99762 -28.99762 -28.99762 -28.99762
 -26.92653 -26.92653 -26.92653 -26.92653 -26.92653 -26.92653 -26.92653 -26.92653
 -26.92653 -26.92653 -26.92653 -26.92653
 -25.73627 -25.73627 -25.73627 -25.73627 -25.73627 -25.73627 -25.73627 -25.73627
 -25.73627 -25.73627 -25.73627 -25.73627
 -25.08655 -25.08655 -25.08655 -25.08655 -25.08655 -25.08655 -25.08655 -25.08655
 -25.08655 -25.08655 -25.08655 -25.08655
 -24.76237 -24.76237 -24.76237 -24.76237 -24.76237 -24.76237 -24.76237 -24.76237
 -24.76237 -24.76237 -24.76237 -24.76237
 -24.62624 -24.62624 -24.62624 -24.62624 -24.62624 -24.62624 -24.62624 -24.62624
 -24.62624 -24.62624 -24.62624 -24.62624
 -24.59609 -24.59609 -24.59609 -24.59609 -24.59609 -24.59609 -24.59609 -24.59609
 -24.59609 -24.59609 -24.59609 -24.59609
 -24.62737 -24.62737 -24.62737 -24.62737 -24.62737 -24.62737 -24.62737 -24.62737
 -24.62737 -24.62737 -24.62737 -24.62737
 -24.69583 -24.69583 -24.69583 -24.69583 -24.69583 -24.69583 -24.69583 -24.69583
 -24.69583 -24.69583 -24.69583 -24.69583
 -24.78699 -24.78699 -24.78699 -24.78699 -24.78699 -24.78699 -24.78699 -24.78699
 -24.78699 -24.78699 -24.78699 -24.78699
 -24.89178 -24.89178 -24.89178 -24.89178 -24.89178 -24.89178 -24.89178 -24.89178
 -24.89178 -24.89178 -24.89178 -24.89178
 -25.00460 -25.00460 -25.00460 -25.00460 -25.00460 -25.00460 -25.00460 -25.00460
 -25.00460 -25.00460 -25.00460 -25.00460
 -25.12206 -25.12206 -25.12206 -25.12206 -25.12206 -25.12206 -25.12206 -25.12206
 -25.12206 -25.12206 -25.12206 -25.12206
 -25.24220 -25.24220 -25.24220 -25.24220 -25.24220 -25.24220 -25.24220 -25.24220
 -25.24220 -25.24220 -25.24220 -25.24220
 -25.36386 -25.36386 -25.36386 -25.36386 -25.36386 -25.36386 -25.36386 -25.36386
 -25.36386 -25.36386 -25.36386 -25.36386
 --------------------/ IGRD= 1  / IPRT= 0  /PLT     / Z1=39   / DATE= 11.01.08
 -74.00000 -74.00000 -74.00000 -74.00000 -74.00000 -74.00000 -74.00000 -74.00000
 -74.00000 -74.00000 -74.00000 -74.00000
 -70.53822 -70.53822 -70.53822 -70.53822 -70.53822 -70.53822 -70.53822 -70.53822
 -70.53822 -70.53822 -70.53822 -70.53822
 -50.25221 -50.25221 -50.25221 -50.25221 -50.25221 -50.25221 -50.25221 -50.25221
 -50.25221 -50.25221 -50.25221 -50.25221
 -38.82746 -38.82746 -38.82746 -38.82746 -38.82746 -38.82746 -38.82746 -38.82746
 -38.82746 -38.82746 -38.82746 -38.82746
 -32.41626 -32.41626 -32.41626 -32.41626 -32.41626 -32.41626 -32.41626 -32.41626
 -32.41626 -32.41626 -32.41626 -32.41626
 -28.83314 -28.83314 -28.83314 -28.83314 -28.83314 -28.83314 -28.83314 -28.83314
 -28.83314 -28.83314 -28.83314 -28.83314
 -26.81995 -26.81995 -26.81995 -26.81995 -26.81995 -26.81995 -26.81995 -26.81995
 -26.81995 -26.81995 -26.81995 -26.81995
 -25.67965 -25.67965 -25.67965 -25.67965 -25.67965 -25.67965 -25.67965 -25.67965
 -25.67965 -25.67965 -25.67965 -25.67965
 -25.05327 -25.05327 -25.05327 -25.05327 -25.05327 -25.05327 -25.05327 -25.05327
 -25.05327 -25.05327 -25.05327 -25.05327
 -24.73826 -24.73826 -24.73826 -24.73826 -24.73826 -24.73826 -24.73826 -24.73826
 -24.73826 -24.73826 -24.73826 -24.73826
 -24.60726 -24.60726 -24.60726 -24.60726 -24.60726 -24.60726 -24.60726 -24.60726
 -24.60726 -24.60726 -24.60726 -24.60726
 -24.56768 -24.56768 -24.56768 -24.56768 -24.56768 -24.56768 -24.56768 -24.56768
 -24.56768 -24.56768 -24.56768 -24.56768
 -24.54975 -24.54975 -24.54975 -24.54975 -24.54975 -24.54975 -24.54975 -24.54975
 -24.54975 -24.54975 -24.54975 -24.54975
 -24.54368 -24.54368 -24.54368 -24.54368 -24.54368 -24.54368 -24.54368 -24.54368
 -24.54368 -24.54368 -24.54368 -24.54368
 -24.56788 -24.56788 -24.56788 -24.56788 -24.56788 -24.56788 -24.56788 -24.56788
 -24.56788 -24.56788 -24.56788 -24.56788
 -24.62544 -24.62544 -24.62544 -24.62544 -24.62544 -24.62544 -24.62544 -24.62544
 -24.62544 -24.62544 -24.62544 -24.62544
 -24.70843 -24.70843 -24.70843 -24.70843 -24.70843 -24.70843 -24.70843 -24.70843
 -24.70843 -24.70843 -24.70843 -24.70843
 -24.80802 -24.80802 -24.80802 -24.80802 -24.80802 -24.80802 -24.80802 -24.80802
 -24.80802 -24.80802 -24.80802 -24.80802
 -24.91773 -24.91773 -24.91773 -24.91773 -24.91773 -24.91773 -24.91773 -24.91773
 -24.91773 -24.91773 -24.91773 -24.91773
 -25.03339 -25.03339 -25.03339 -25.03339 -25.03339 -25.03339 -25.03339 -25.03339
 -25.03339 -25.03339 -25.03339 -25.03339
 --------------------/ IGRD= 1  / IPRT= 0  /PLT     / Z1=40   / DATE= 11.01.08
 -74.00000 -74.00000 -74.00000 -74.00000 -74.00000 -74.00000 -74.00000 -74.00000
 -74.00000 -74.00000 -74.00000 -74.00000
 -69.95648 -69.95648 -69.95648 -69.95648 -69.95648 -69.95648 -69.95648 -69.95648
 -69.95648 -69.95648 -69.95648 -69.95648
 -49.98510 -49.98510 -49.98510 -49.98510 -49.98510 -49.98510 -49.98510 -49.98510
 -49.98510 -49.98510 -49.98510 -49.98510
 -38.73838 -38.73838 -38.73838 -38.73838 -38.73838 -38.73838 -38.73838 -38.73838
 -38.73838 -38.73838 -38.73838 -38.73838
 -32.42749 -32.42749 -32.42749 -32.42749 -32.42749 -32.42749 -32.42749 -32.42749
 -32.42749 -32.42749 -32.42749 -32.42749
 -28.89439 -28.89439 -28.89439 -28.89439 -28.89439 -28.89439 -28.89439 -28.89439
 -28.89439 -28.89439 -28.89439 -28.89439
 -26.88791 -26.88791 -26.88791 -26.88791 -26.88791 -26.88791 -26.88791 -26.88791
 -26.88791 -26.88791 -26.88791 -26.88791
 -25.73304 -25.73304 -25.73304 -25.73304 -25.73304 -25.73304 -25.73304 -25.73304
 -25.73304 -25.73304 -25.73304 -25.73304
 -25.09372 -25.09372 -25.09372 -25.09372 -25.09372 -25.09372 -25.09372 -25.09372
 -25.09372 -25.09372 -25.09372 -25.09372
 -24.77141 -24.77141 -24.77141 -24.77141 -24.77141 -24.77141 -24.77141 -24.77141
 -24.77141 -24.77141 -24.77141 -24.77141
 -24.63791 -24.63791 -24.63791 -24.63791 -24.63791 -24.63791 -24.63791 -24.63791
 -24.63791 -24.63791 -24.63791 -24.63791
 -24.61000 -24.61000 -24.61000 -24.61000 -24.61000 -24.61000 -24.61000 -24.61000
 -24.61000 -24.61000 -24.61000 -24.61000
 -24.63075 -24.63075 -24.63075 -24.63075 -24.63075 -24.63075 -24.63075 -24.63075
 -24.63075 -24.63075 -24.63075 -24.63075
 -24.67367 -24.67367 -24.67367 -24.67367 -24.67367 -24.67367 -24.67367 -24.67367
 -24.67367 -24.67367 -24.67367 -24.67367
 -24.73606 -24.73606 -24.73606 -24.73606 -24.73606 -24.73606 -24.73606 -24.73606
 -24.73606 -24.73606 -24.73606 -24.73606
 -24.81771 -24.81771 -24.81771 -24.81771 -24.81771 -24.81771 -24.81771 -24.81771
 -24.81771 -24.81771 -24.81771 -24.81771
 -24.91477 -24.91477 -24.91477 -24.91477 -24.91477 -24.91477 -24.91477 -24.91477
 -24.91477 -24.91477 -24.91477 -24.91477
 -25.02239 -25.02239 -25.02239 -25.02239 -25.02239 -25.02239 -25.02239 -25.02239
 -25.02239 -25.02239 -25.02239 -25.02239
 -25.13664 -25.13664 -25.13664 -25.13664 -25.13664 -25.13664 -25.13664 -25.13664
 -25.13664 -25.13664 -25.13664 -25.13664
 -25.25487 -25.25487 -25.25487 -25.25487 -25.25487 -25.25487 -25.25487 -25.25487
 -25.25487 -25.25487 -25.25487 -25.25487
 --------------------/ IGRD= 1  / IPRT= 0  /PLT     / Z1=41   / DATE= 11.01.08
 -74.00000 -74.00000 -74.00000 -74.00000 -74.00000 -74.00000 -74.00000 -74.00000
 -74.00000 -74.00000 -74.00000 -74.00000
 -63.49641 -63.49641 -63.49641 -63.49641 -63.49641 -63.49641 -63.49641 -63.49641
 -63.49641 -63.49641 -63.49641 -63.49641
 -47.14570 -47.14570 -47.14570 -47.14570 -47.14570 -47.14570 -47.14570 -47.14570
 -47.14570 -47.14570 -47.14570 -47.14570
 -37.90260 -37.90260 -37.90260 -37.90260 -37.90260 -37.90260 -37.90260 -37.90260
 -37.90260 -37.90260 -37.90260 -37.90260
 -32.34341 -32.34341 -32.34341 -32.34341 -32.34341 -32.34341 -32.34341 -32.34341
 -32.34341 -32.34341 -32.34341 -32.34341
 -28.91868 -28.91868 -28.91868 -28.91868 -28.91868 -28.91868 -28.91868 -28.91868
 -28.91868 -28.91868 -28.91868 -28.91868
 -26.91725 -26.91725 -26.91725 -26.91725 -26.91725 -26.91725 -26.91725 -26.91725
 -26.91725 -26.91725 -26.91725 -26.91725
 -25.75560 -25.75560 -25.75560 -25.75560 -25.75560 -25.75560 -25.75560 -25.75560
 -25.75560 -25.75560 -25.75560 -25.75560
 -25.11041 -25.11041 -25.11041 -25.11041 -25.11041 -25.11041 -25.11041 -25.11041
 -25.11041 -25.11041 -25.11041 -25.11041
 -24.78441 -24.78441 -24.78441 -24.78441 -24.78441 -24.78441 -24.78441 -24.78441
 -24.78441 -24.78441 -24.78441 -24.78441
 -24.64815 -24.64815 -24.64815 -24.64815 -24.64815 -24.64815 -24.64815 -24.64815
 -24.64815 -24.64815 -24.64815 -24.64815
 -24.61519 -24.61519 -24.61519 -24.61519 -24.61519 -24.61519 -24.61519 -24.61519
 -24.61519 -24.61519 -24.61519 -24.61519
 -24.62963 -24.62963 -24.62963 -24.62963 -24.62963 -24.62963 -24.62963 -24.62963
 -24.62963 -24.62963 -24.62963 -24.62963
 -24.67033 -24.67033 -24.67033 -24.67033 -24.67033 -24.67033 -24.67033 -24.67033
 -24.67033 -24.67033 -24.67033 -24.67033
 -24.73450 -24.73450 -24.73450 -24.73450 -24.73450 -24.73450 -24.73450 -24.73450
 -24.73450 -24.73450 -24.73450 -24.73450
 -24.81906 -24.81906 -24.81906 -24.81906 -24.81906 -24.81906 -24.81906 -24.81906
 -24.81906 -24.81906 -24.81906 -24.81906
 -24.91858 -24.91858 -24.91858 -24.91858 -24.91858 -24.91858 -24.91858 -24.91858
 -24.91858 -24.91858 -24.91858 -24.91858
 -25.02789 -25.02789 -25.02789 -25.02789 -25.02789 -25.02789 -25.02789 -25.02789
 -25.02789 -25.02789 -25.02789 -25.02789
 -25.14320 -25.14320 -25.14320 -25.14320 -25.14320 -25.14320 -25.14320 -25.14320
 -25.14320 -25.14320 -25.14320 -25.14320
 -25.26206 -25.26206 -25.26206 -25.26206 -25.26206 -25.26206 -25.26206 -25.26206
 -25.26206 -25.26206 -25.26206 -25.26206
 --------------------/ IGRD= 1  / IPRT= 0  /PLT     / Z1=42   / DATE= 11.01.08
 -74.00000 -74.00000 -74.00000 -74.00000 -74.00000 -74.00000 -74.00000 -74.00000
 -74.00000 -74.00000 -74.00000 -74.00000
 -69.86400 -69.86400 -69.86400 -69.86400 -69.86400 -69.86400 -69.86400 -69.86400
 -69.86400 -69.86400 -69.86400 -69.86400
 -50.08754 -50.08754 -50.08754 -50.08754 -50.08754 -50.08754 -50.08754 -50.08754
 -50.08754 -50.08754 -50.08754 -50.08754
 -38.95111 -38.95111 -38.95111 -38.95111 -38.95111 -38.95111 -38.95111 -38.95111
 -38.95111 -38.95111 -38.95111 -38.95111
 -32.70061 -32.70061 -32.70061 -32.70061 -32.70061 -32.70061 -32.70061 -32.70061
 -32.70061 -32.70061 -32.70061 -32.70061
 -29.17417 -29.17417 -29.17417 -29.17417 -29.17417 -29.17417 -29.17417 -29.17417
 -29.17417 -29.17417 -29.17417 -29.17417
 -27.10464 -27.10464 -27.10464 -27.10464 -27.10464 -27.10464 -27.10464 -27.10464
 -27.10464 -27.10464 -27.10464 -27.10464
 -25.88188 -25.88188 -25.88188 -25.88188 -25.88188 -25.88188 -25.88188 -25.88188
 -25.88188 -25.88188 -25.88188 -25.88188
 -25.20474 -25.20474 -25.20474 -25.20474 -25.20474 -25.20474 -25.20474 -25.20474
 -25.20474 -25.20474 -25.20474 -25.20474
 -24.86400 -24.86400 -24.86400 -24.86400 -24.86400 -24.86400 -24.86400 -24.86400
 -24.86400 -24.86400 -24.86400 -24.86400
 -24.71909 -24.71909 -24.71909 -24.71909 -24.71909 -24.71909 -24.71909 -24.71909
 -24.71909 -24.71909 -24.71909 -24.71909
 -24.68367 -24.68367 -24.68367 -24.68367 -24.68367 -24.68367 -24.68367 -24.68367
 -24.68367 -24.68367 -24.68367 -24.68367
 -24.71065 -24.71065 -24.71065 -24.71065 -24.71065 -24.71065 -24.71065 -24.71065
 -24.71065 -24.71065 -24.71065 -24.71065
 -24.77554 -24.77554 -24.77554 -24.77554 -24.77554 -24.77554 -24.77554 -24.77554
 -24.77554 -24.77554 -24.77554 -24.77554
 -24.86406 -24.86406 -24.86406 -24.86406 -24.86406 -24.86406 -24.86406 -24.86406
 -24.86406 -24.86406 -24.86406 -24.86406
 -24.96711 -24.96711 -24.96711 -24.96711 -24.96711 -24.96711 -24.96711 -24.96711
 -24.96711 -24.96711 -24.96711 -24.96711
 -25.07884 -25.07884 -25.07884 -25.07884 -25.07884 -25.07884 -25.07884 -25.07884
 -25.07884 -25.07884 -25.07884 -25.07884
 -25.19567 -25.19567 -25.19567 -25.19567 -25.19567 -25.19567 -25.19567 -25.19567
 -25.19567 -25.19567 -25.19567 -25.19567
 -25.31543 -25.31543 -25.31543 -25.31543 -25.31543 -25.31543 -25.31543 -25.31543
 -25.31543 -25.31543 -25.31543 -25.31543
 -25.43687 -25.43687 -25.43687 -25.43687 -25.43687 -25.43687 -25.43687 -25.43687
 -25.43687 -25.43687 -25.43687 -25.43687
 --------------------/ IGRD= 1  / IPRT= 0  /PLT     / Z1=43   / DATE= 11.01.08
 -74.00000 -74.00000 -74.00000 -74.00000 -74.00000 -74.00000 -74.00000 -74.00000
 -74.00000 -74.00000 -74.00000 -74.00000
 -74.00000 -74.00000 -74.00000 -74.00000 -74.00000 -74.00000 -74.00000 -74.00000
 -74.00000 -74.00000 -74.00000 -74.00000
 -57.46142 -57.46142 -57.46142 -57.46142 -57.46142 -57.46142 -57.46142 -57.46142
 -57.46142 -57.46142 -57.46142 -57.46142
 -42.82685 -42.82685 -42.82685 -42.82685 -42.82685 -42.82685 -42.82685 -42.82685
 -42.82685 -42.82685 -42.82685 -42.82685
 -34.59985 -34.59985 -34.59985 -34.59985 -34.59985 -34.59985 -34.59985 -34.59985
 -34.59985 -34.59985 -34.59985 -34.59985
 -29.99838 -29.99838 -29.99838 -29.99838 -29.99838 -29.99838 -29.99838 -29.99838
 -29.99838 -29.99838 -29.99838 -29.99838
 -27.44822 -27.44822 -27.44822 -27.44822 -27.44822 -27.44822 -27.44822 -27.44822
 -27.44822 -27.44822 -27.44822 -27.44822
 -26.05873 -26.05873 -26.05873 -26.05873 -26.05873 -26.05873 -26.05873 -26.05873
 -26.05873 -26.05873 -26.05873 -26.05873
 -25.32604 -25.32604 -25.32604 -25.32604 -25.32604 -25.32604 -25.32604 -25.32604
 -25.32604 -25.32604 -25.32604 -25.32604
 -24.96505 -24.96505 -24.96505 -24.96505 -24.96505 -24.96505 -24.96505 -24.96505
 -24.96505 -24.96505 -24.96505 -24.96505
 -24.81281 -24.81281 -24.81281 -24.81281 -24.81281 -24.81281 -24.81281 -24.81281
 -24.81281 -24.81281 -24.81281 -24.81281
 -24.76350 -24.76350 -24.76350 -24.76350 -24.76350 -24.76350 -24.76350 -24.76350
 -24.76350 -24.76350 -24.76350 -24.76350
 -24.74492 -24.74492 -24.74492 -24.74492 -24.74492 -24.74492 -24.74492 -24.74492
 -24.74492 -24.74492 -24.74492 -24.74492
 -24.74383 -24.74383 -24.74383 -24.74383 -24.74383 -24.74383 -24.74383 -24.74383
 -24.74383 -24.74383 -24.74383 -24.74383
 -24.77345 -24.77345 -24.77345 -24.77345 -24.77345 -24.77345 -24.77345 -24.77345
 -24.77345 -24.77345 -24.77345 -24.77345
 -24.83490 -24.83490 -24.83490 -24.83490 -24.83490 -24.83490 -24.83490 -24.83490
 -24.83490 -24.83490 -24.83490 -24.83490
 -24.92032 -24.92032 -24.92032 -24.92032 -24.92032 -24.92032 -24.92032 -24.92032
 -24.92032 -24.92032 -24.92032 -24.92032
 -25.02136 -25.02136 -25.02136 -25.02136 -25.02136 -25.02136 -25.02136 -25.02136
 -25.02136 -25.02136 -25.02136 -25.02136
 -25.13190 -25.13190 -25.13190 -25.13190 -25.13190 -25.13190 -25.13190 -25.13190
 -25.13190 -25.13190 -25.13190 -25.13190
 -25.24803 -25.24803 -25.24803 -25.24803 -25.24803 -25.24803 -25.24803 -25.24803
 -25.24803 -25.24803 -25.24803 -25.24803
 --------------------/ IGRD= 1  / IPRT= 0  /PLT     / Z1=44   / DATE= 11.01.08
 -74.00000 -74.00000 -74.00000 -74.00000 -74.00000 -74.00000 -74.00000 -74.00000
 -74.00000 -74.00000 -74.00000 -74.00000
 -74.00000 -74.00000 -74.00000 -74.00000 -74.00000 -74.00000 -74.00000 -74.00000
 -74.00000 -74.00000 -74.00000 -74.00000
 -59.73118 -59.73118 -59.73118 -59.73118 -59.73118 -59.73118 -59.73118 -59.73118
 -59.73118 -59.73118 -59.73118 -59.73118
 -44.35756 -44.35756 -44.35756 -44.35756 -44.35756 -44.35756 -44.35756 -44.35756
 -44.35756 -44.35756 -44.35756 -44.35756
 -35.71240 -35.71240 -35.71240 -35.71240 -35.71240 -35.71240 -35.71240 -35.71240
 -35.71240 -35.71240 -35.71240 -35.71240
 -30.87439 -30.87439 -30.87439 -30.87439 -30.87439 -30.87439 -30.87439 -30.87439
 -30.87439 -30.87439 -30.87439 -30.87439
 -28.19060 -28.19060 -28.19060 -28.19060 -28.19060 -28.19060 -28.19060 -28.19060
 -28.19060 -28.19060 -28.19060 -28.19060
 -26.72571 -26.72571 -26.72571 -26.72571 -26.72571 -26.72571 -26.72571 -26.72571
 -26.72571 -26.72571 -26.72571 -26.72571
 -25.95053 -25.95053 -25.95053 -25.95053 -25.95053 -25.95053 -25.95053 -25.95053
 -25.95053 -25.95053 -25.95053 -25.95053
 -25.56557 -25.56557 -25.56557 -25.56557 -25.56557 -25.56557 -25.56557 -25.56557
 -25.56557 -25.56557 -25.56557 -25.56557
 -25.39819 -25.39819 -25.39819 -25.39819 -25.39819 -25.39819 -25.39819 -25.39819
 -25.39819 -25.39819 -25.39819 -25.39819
 -25.30569 -25.30569 -25.30569 -25.30569 -25.30569 -25.30569 -25.30569 -25.30569
 -25.30569 -25.30569 -25.30569 -25.30569
 -25.15761 -25.15761 -25.15761 -25.15761 -25.15761 -25.15761 -25.15761 -25.15761
 -25.15761 -25.15761 -25.15761 -25.15761
 -25.01276 -25.01276 -25.01276 -25.01276 -25.01276 -25.01276 -25.01276 -25.01276
 -25.01276 -25.01276 -25.01276 -25.01276
 -24.94571 -24.94571 -24.94571 -24.94571 -24.94571 -24.94571 -24.94571 -24.94571
 -24.94571 -24.94571 -24.94571 -24.94571
 -24.95125 -24.95125 -24.95125 -24.95125 -24.95125 -24.95125 -24.95125 -24.95125
 -24.95125 -24.95125 -24.95125 -24.95125
 -25.00534 -25.00534 -25.00534 -25.00534 -25.00534 -25.00534 -25.00534 -25.00534
 -25.00534 -25.00534 -25.00534 -25.00534
 -25.08886 -25.08886 -25.08886 -25.08886 -25.08886 -25.08886 -25.08886 -25.08886
 -25.08886 -25.08886 -25.08886 -25.08886
 -25.18957 -25.18957 -25.18957 -25.18957 -25.18957 -25.18957 -25.18957 -25.18957
 -25.18957 -25.18957 -25.18957 -25.18957
 -25.30018 -25.30018 -25.30018 -25.30018 -25.30018 -25.30018 -25.30018 -25.30018
 -25.30018 -25.30018 -25.30018 -25.30018
 --------------------/ IGRD= 1  / IPRT= 0  /PLT     / Z1=45   / DATE= 11.01.08
 -64.89818 -64.89818 -64.89818 -64.89818 -64.89818 -64.89818 -64.89818 -64.89818
 -64.89818 -64.89818 -64.89818 -64.89818
 -47.32079 -47.32079 -47.32079 -47.32079 -47.32079 -47.32079 -47.32079 -47.32079
 -47.32079 -47.32079 -47.32079 -47.32079
 -37.42867 -37.42867 -37.42867 -37.42867 -37.42867 -37.42867 -37.42867 -37.42867
 -37.42867 -37.42867 -37.42867 -37.42867
 -31.88510 -31.88510 -31.88510 -31.88510 -31.88510 -31.88510 -31.88510 -31.88510
 -31.88510 -31.88510 -31.88510 -31.88510
 -28.80204 -28.80204 -28.80204 -28.80204 -28.80204 -28.80204 -28.80204 -28.80204
 -28.80204 -28.80204 -28.80204 -28.80204
 -27.10733 -27.10733 -27.10733 -27.10733 -27.10733 -27.10733 -27.10733 -27.10733
 -27.10733 -27.10733 -27.10733 -27.10733
 -26.15325 -26.15325 -26.15325 -26.15325 -26.15325 -26.15325 -26.15325 -26.15325
 -26.15325 -26.15325 -26.15325 -26.15325
 -25.54177 -25.54177 -25.54177 -25.54177 -25.54177 -25.54177 -25.54177 -25.54177
 -25.54177 -25.54177 -25.54177 -25.54177
 -25.15421 -25.15421 -25.15421 -25.15421 -25.15421 -25.15421 -25.15421 -25.15421
 -25.15421 -25.15421 -25.15421 -25.15421
 -24.95414 -24.95414 -24.95414 -24.95414 -24.95414 -24.95414 -24.95414 -24.95414
 -24.95414 -24.95414 -24.95414 -24.95414
 -24.88376 -24.88376 -24.88376 -24.88376 -24.88376 -24.88376 -24.88376 -24.88376
 -24.88376 -24.88376 -24.88376 -24.88376
 -24.87286 -24.87286 -24.87286 -24.87286 -24.87286 -24.87286 -24.87286 -24.87286
 -24.87286 -24.87286 -24.87286 -24.87286
 -24.83549 -24.83549 -24.83549 -24.83549 -24.83549 -24.83549 -24.83549 -24.83549
 -24.83549 -24.83549 -24.83549 -24.83549
 -24.77468 -24.77468 -24.77468 -24.77468 -24.77468 -24.77468 -24.77468 -24.77468
 -24.77468 -24.77468 -24.77468 -24.77468
 -24.74949 -24.74949 -24.74949 -24.74949 -24.74949 -24.74949 -24.74949 -24.74949
 -24.74949 -24.74949 -24.74949 -24.74949
 -24.77453 -24.77453 -24.77453 -24.77453 -24.77453 -24.77453 -24.77453 -24.77453
 -24.77453 -24.77453 -24.77453 -24.77453
 -24.83813 -24.83813 -24.83813 -24.83813 -24.83813 -24.83813 -24.83813 -24.83813
 -24.83813 -24.83813 -24.83813 -24.83813
 -24.92653 -24.92653 -24.92653 -24.92653 -24.92653 -24.92653 -24.92653 -24.92653
 -24.92653 -24.92653 -24.92653 -24.92653
 -25.02986 -25.02986 -25.02986 -25.02986 -25.02986 -25.02986 -25.02986 -25.02986
 -25.02986 -25.02986 -25.02986 -25.02986
 -25.14189 -25.14189 -25.14189 -25.14189 -25.14189 -25.14189 -25.14189 -25.14189
 -25.14189 -25.14189 -25.14189 -25.14189
 --------------------/ IGRD= 1  / IPRT= 0  /PLT     / Z1=46   / DATE= 11.01.08
 -67.54208 -67.54208 -67.54208 -67.54208 -67.54208 -67.54208 -67.54208 -67.54208
 -67.54208 -67.54208 -67.54208 -67.54208
 -48.89010 -48.89010 -48.89010 -48.89010 -48.89010 -48.89010 -48.89010 -48.89010
 -48.89010 -48.89010 -48.89010 -48.89010
 -38.38995 -38.38995 -38.38995 -38.38995 -38.38995 -38.38995 -38.38995 -38.38995
 -38.38995 -38.38995 -38.38995 -38.38995
 -32.50233 -32.50233 -32.50233 -32.50233 -32.50233 -32.50233 -32.50233 -32.50233
 -32.50233 -32.50233 -32.50233 -32.50233
 -29.22459 -29.22459 -29.22459 -29.22459 -29.22459 -29.22459 -29.22459 -29.22459
 -29.22459 -29.22459 -29.22459 -29.22459
 -27.41979 -27.41979 -27.41979 -27.41979 -27.41979 -27.41979 -27.41979 -27.41979
 -27.41979 -27.41979 -27.41979 -27.41979
 -26.41261 -26.41261 -26.41261 -26.41261 -26.41261 -26.41261 -26.41261 -26.41261
 -26.41261 -26.41261 -26.41261 -26.41261
 -25.80174 -25.80174 -25.80174 -25.80174 -25.80174 -25.80174 -25.80174 -25.80174
 -25.80174 -25.80174 -25.80174 -25.80174
 -25.43448 -25.43448 -25.43448 -25.43448 -25.43448 -25.43448 -25.43448 -25.43448
 -25.43448 -25.43448 -25.43448 -25.43448
 -25.24992 -25.24992 -25.24992 -25.24992 -25.24992 -25.24992 -25.24992 -25.24992
 -25.24992 -25.24992 -25.24992 -25.24992
 -25.18815 -25.18815 -25.18815 -25.18815 -25.18815 -25.18815 -25.18815 -25.18815
 -25.18815 -25.18815 -25.18815 -25.18815
 -25.17026 -25.17026 -25.17026 -25.17026 -25.17026 -25.17026 -25.17026 -25.17026
 -25.17026 -25.17026 -25.17026 -25.17026
 -25.08534 -25.08534 -25.08534 -25.08534 -25.08534 -25.08534 -25.08534 -25.08534
 -25.08534 -25.08534 -25.08534 -25.08534
 -24.96770 -24.96770 -24.96770 -24.96770 -24.96770 -24.96770 -24.96770 -24.96770
 -24.96770 -24.96770 -24.96770 -24.96770
 -24.90695 -24.90695 -24.90695 -24.90695 -24.90695 -24.90695 -24.90695 -24.90695
 -24.90695 -24.90695 -24.90695 -24.90695
 -24.91305 -24.91305 -24.91305 -24.91305 -24.91305 -24.91305 -24.91305 -24.91305
 -24.91305 -24.91305 -24.91305 -24.91305
 -24.96662 -24.96662 -24.96662 -24.96662 -24.96662 -24.96662 -24.96662 -24.96662
 -24.96662 -24.96662 -24.96662 -24.96662
 -25.04960 -25.04960 -25.04960 -25.04960 -25.04960 -25.04960 -25.04960 -25.04960
 -25.04960 -25.04960 -25.04960 -25.04960
 -25.14994 -25.14994 -25.14994 -25.14994 -25.14994 -25.14994 -25.14994 -25.14994
 -25.14994 -25.14994 -25.14994 -25.14994
 -25.26032 -25.26032 -25.26032 -25.26032 -25.26032 -25.26032 -25.26032 -25.26032
 -25.26032 -25.26032 -25.26032 -25.26032
 --------------------/ IGRD= 1  / IPRT= 0  /PLT     / Z1=47   / DATE= 11.01.08
 -74.00000 -74.00000 -74.00000 -74.00000 -74.00000 -74.00000 -74.00000 -74.00000
 -74.00000 -74.00000 -74.00000 -74.00000
 -74.00000 -74.00000 -74.00000 -74.00000 -74.00000 -74.00000 -74.00000 -74.00000
 -74.00000 -74.00000 -74.00000 -74.00000
 -74.00000 -74.00000 -74.00000 -74.00000 -74.00000 -74.00000 -74.00000 -74.00000
 -74.00000 -74.00000 -74.00000 -74.00000
 -74.00000 -74.00000 -74.00000 -74.00000 -74.00000 -74.00000 -74.00000 -74.00000
 -74.00000 -74.00000 -74.00000 -74.00000
 -74.00000 -74.00000 -74.00000 -74.00000 -74.00000 -74.00000 -74.00000 -74.00000
 -74.00000 -74.00000 -74.00000 -74.00000
 -69.61772 -69.61772 -69.61772 -69.61772 -69.61772 -69.61772 -69.61772 -69.61772
 -69.61772 -69.61772 -69.61772 -69.61772
 -50.45627 -50.45627 -50.45627 -50.45627 -50.45627 -50.45627 -50.45627 -50.45627
 -50.45627 -50.45627 -50.45627 -50.45627
 -39.66296 -39.66296 -39.66296 -39.66296 -39.66296 -39.66296 -39.66296 -39.66296
 -39.66296 -39.66296 -39.66296 -39.66296
 -33.48892 -33.48892 -33.48892 -33.48892 -33.48892 -33.48892 -33.48892 -33.48892
 -33.48892 -33.48892 -33.48892 -33.48892
 -29.71547 -29.71547 -29.71547 -29.71547 -29.71547 -29.71547 -29.71547 -29.71547
 -29.71547 -29.71547 -29.71547 -29.71547
 -27.45666 -27.45666 -27.45666 -27.45666 -27.45666 -27.45666 -27.45666 -27.45666
 -27.45666 -27.45666 -27.45666 -27.45666
 -26.16528 -26.16528 -26.16528 -26.16528 -26.16528 -26.16528 -26.16528 -26.16528
 -26.16528 -26.16528 -26.16528 -26.16528
 -25.45208 -25.45208 -25.45208 -25.45208 -25.45208 -25.45208 -25.45208 -25.45208
 -25.45208 -25.45208 -25.45208 -25.45208
 -25.08499 -25.08499 -25.08499 -25.08499 -25.08499 -25.08499 -25.08499 -25.08499
 -25.08499 -25.08499 -25.08499 -25.08499
 -24.92417 -24.92417 -24.92417 -24.92417 -24.92417 -24.92417 -24.92417 -24.92417
 -24.92417 -24.92417 -24.92417 -24.92417
 -24.88444 -24.88444 -24.88444 -24.88444 -24.88444 -24.88444 -24.88444 -24.88444
 -24.88444 -24.88444 -24.88444 -24.88444
 -24.91485 -24.91485 -24.91485 -24.91485 -24.91485 -24.91485 -24.91485 -24.91485
 -24.91485 -24.91485 -24.91485 -24.91485
 -24.98547 -24.98547 -24.98547 -24.98547 -24.98547 -24.98547 -24.98547 -24.98547
 -24.98547 -24.98547 -24.98547 -24.98547
 -25.07903 -25.07903 -25.07903 -25.07903 -25.07903 -25.07903 -25.07903 -25.07903
 -25.07903 -25.07903 -25.07903 -25.07903
 -25.18563 -25.18563 -25.18563 -25.18563 -25.18563 -25.18563 -25.18563 -25.18563
 -25.18563 -25.18563 -25.18563 -25.18563
 --------------------/ IGRD= 1  / IPRT= 0  /PLT     / Z1=48   / DATE= 11.01.08
 -74.00000 -74.00000 -74.00000 -74.00000 -74.00000 -74.00000 -74.00000 -74.00000
 -74.00000 -74.00000 -74.00000 -74.00000
 -74.00000 -74.00000 -74.00000 -74.00000 -74.00000 -74.00000 -74.00000 -74.00000
 -74.00000 -74.00000 -74.00000 -74.00000
 -74.00000 -74.00000 -74.00000 -74.00000 -74.00000 -74.00000 -74.00000 -74.00000
 -74.00000 -74.00000 -74.00000 -74.00000
 -59.67326 -59.67326 -59.67326 -59.67326 -59.67326 -59.67326 -59.67326 -59.67326
 -59.67326 -59.67326 -59.67326 -59.67326
 -44.59645 -44.59645 -44.59645 -44.59645 -44.59645 -44.59645 -44.59645 -44.59645
 -44.59645 -44.59645 -44.59645 -44.59645
 -36.11923 -36.11923 -36.11923 -36.11923 -36.11923 -36.11923 -36.11923 -36.11923
 -36.11923 -36.11923 -36.11923 -36.11923
 -31.37626 -31.37626 -31.37626 -31.37626 -31.37626 -31.37626 -31.37626 -31.37626
 -31.37626 -31.37626 -31.37626 -31.37626
 -28.74623 -28.74623 -28.74623 -28.74623 -28.74623 -28.74623 -28.74623 -28.74623
 -28.74623 -28.74623 -28.74623 -28.74623
 -27.31177 -27.31177 -27.31177 -27.31177 -27.31177 -27.31177 -27.31177 -27.31177
 -27.31177 -27.31177 -27.31177 -27.31177
 -26.55370 -26.55370 -26.55370 -26.55370 -26.55370 -26.55370 -26.55370 -26.55370
 -26.55370 -26.55370 -26.55370 -26.55370
 -26.16494 -26.16494 -26.16494 -26.16494 -26.16494 -26.16494 -26.16494 -26.16494
 -26.16494 -26.16494 -26.16494 -26.16494
 -25.83309 -25.83309 -25.83309 -25.83309 -25.83309 -25.83309 -25.83309 -25.83309
 -25.83309 -25.83309 -25.83309 -25.83309
 -25.42089 -25.42089 -25.42089 -25.42089 -25.42089 -25.42089 -25.42089 -25.42089
 -25.42089 -25.42089 -25.42089 -25.42089
 -25.13882 -25.13882 -25.13882 -25.13882 -25.13882 -25.13882 -25.13882 -25.13882
 -25.13882 -25.13882 -25.13882 -25.13882
 -25.01289 -25.01289 -25.01289 -25.01289 -25.01289 -25.01289 -25.01289 -25.01289
 -25.01289 -25.01289 -25.01289 -25.01289
 -24.99119 -24.99119 -24.99119 -24.99119 -24.99119 -24.99119 -24.99119 -24.99119
 -24.99119 -24.99119 -24.99119 -24.99119
 -25.03160 -25.03160 -25.03160 -25.03160 -25.03160 -25.03160 -25.03160 -25.03160
 -25.03160 -25.03160 -25.03160 -25.03160
 -25.10788 -25.10788 -25.10788 -25.10788 -25.10788 -25.10788 -25.10788 -25.10788
 -25.10788 -25.10788 -25.10788 -25.10788
 -25.20465 -25.20465 -25.20465 -25.20465 -25.20465 -25.20465 -25.20465 -25.20465
 -25.20465 -25.20465 -25.20465 -25.20465
 -25.31307 -25.31307 -25.31307 -25.31307 -25.31307 -25.31307 -25.31307 -25.31307
 -25.31307 -25.31307 -25.31307 -25.31307
 --------------------/ IGRD= 1  / IPRT= 0  /PLT     / Z1=49   / DATE= 11.01.08
 -74.00000 -74.00000 -74.00000 -74.00000 -74.00000 -74.00000 -74.00000 -74.00000
 -74.00000 -74.00000 -74.00000 -74.00000
 -74.00000 -74.00000 -74.00000 -74.00000 -74.00000 -74.00000 -74.00000 -74.00000
 -74.00000 -74.00000 -74.00000 -74.00000
 -74.00000 -74.00000 -74.00000 -74.00000 -74.00000 -74.00000 -74.00000 -74.00000
 -74.00000 -74.00000 -74.00000 -74.00000
 -59.09940 -59.09940 -59.09940 -59.09940 -59.09940 -59.09940 -59.09940 -59.09940
 -59.09940 -59.09940 -59.09940 -59.09940
 -44.20018 -44.20018 -44.20018 -44.20018 -44.20018 -44.20018 -44.20018 -44.20018
 -44.20018 -44.20018 -44.20018 -44.20018
 -35.82345 -35.82345 -35.82345 -35.82345 -35.82345 -35.82345 -35.82345 -35.82345
 -35.82345 -35.82345 -35.82345 -35.82345
 -31.13733 -31.13733 -31.13733 -31.13733 -31.13733 -31.13733 -31.13733 -31.13733
 -31.13733 -31.13733 -31.13733 -31.13733
 -28.53948 -28.53948 -28.53948 -28.53948 -28.53948 -28.53948 -28.53948 -28.53948
 -28.53948 -28.53948 -28.53948 -28.53948
 -27.12322 -27.12322 -27.12322 -27.12322 -27.12322 -27.12322 -27.12322 -27.12322
 -27.12322 -27.12322 -27.12322 -27.12322
 -26.37551 -26.37551 -26.37551 -26.37551 -26.37551 -26.37551 -26.37551 -26.37551
 -26.37551 -26.37551 -26.37551 -26.37551
 -26.00026 -26.00026 -26.00026 -26.00026 -26.00026 -26.00026 -26.00026 -26.00026
 -26.00026 -26.00026 -26.00026 -26.00026
 -25.76061 -25.76061 -25.76061 -25.76061 -25.76061 -25.76061 -25.76061 -25.76061
 -25.76061 -25.76061 -25.76061 -25.76061
 -25.48612 -25.48612 -25.48612 -25.48612 -25.48612 -25.48612 -25.48612 -25.48612
 -25.48612 -25.48612 -25.48612 -25.48612
 -25.26942 -25.26942 -25.26942 -25.26942 -25.26942 -25.26942 -25.26942 -25.26942
 -25.26942 -25.26942 -25.26942 -25.26942
 -25.16862 -25.16862 -25.16862 -25.16862 -25.16862 -25.16862 -25.16862 -25.16862
 -25.16862 -25.16862 -25.16862 -25.16862
 -25.15763 -25.15763 -25.15763 -25.15763 -25.15763 -25.15763 -25.15763 -25.15763
 -25.15763 -25.15763 -25.15763 -25.15763
 -25.20313 -25.20313 -25.20313 -25.20313 -25.20313 -25.20313 -25.20313 -25.20313
 -25.20313 -25.20313 -25.20313 -25.20313
 -25.28201 -25.28201 -25.28201 -25.28201 -25.28201 -25.28201 -25.28201 -25.28201
 -25.28201 -25.28201 -25.28201 -25.28201
 -25.38017 -25.38017 -25.38017 -25.38017 -25.38017 -25.38017 -25.38017 -25.38017
 -25.38017 -25.38017 -25.38017 -25.38017
 -25.48935 -25.48935 -25.48935 -25.48935 -25.48935 -25.48935 -25.48935 -25.48935
 -25.48935 -25.48935 -25.48935 -25.48935
 --------------------/ IGRD= 1  / IPRT= 0  /PLT     / Z1=50   / DATE= 11.01.08
 -74.00000 -74.00000 -74.00000 -74.00000 -74.00000 -74.00000 -74.00000 -74.00000
 -74.00000 -74.00000 -74.00000 -74.00000
 -74.00000 -74.00000 -74.00000 -74.00000 -74.00000 -74.00000 -74.00000 -74.00000
 -74.00000 -74.00000 -74.00000 -74.00000
 -74.00000 -74.00000 -74.00000 -74.00000 -74.00000 -74.00000 -74.00000 -74.00000
 -74.00000 -74.00000 -74.00000 -74.00000
 -58.36012 -58.36012 -58.36012 -58.36012 -58.36012 -58.36012 -58.36012 -58.36012
 -58.36012 -58.36012 -58.36012 -58.36012
 -43.71949 -43.71949 -43.71949 -43.71949 -43.71949 -43.71949 -43.71949 -43.71949
 -43.71949 -43.71949 -43.71949 -43.71949
 -35.48907 -35.48907 -35.48907 -35.48907 -35.48907 -35.48907 -35.48907 -35.48907
 -35.48907 -35.48907 -35.48907 -35.48907
 -30.88574 -30.88574 -30.88574 -30.88574 -30.88574 -30.88574 -30.88574 -30.88574
 -30.88574 -30.88574 -30.88574 -30.88574
 -28.33473 -28.33473 -28.33473 -28.33473 -28.33473 -28.33473 -28.33473 -28.33473
 -28.33473 -28.33473 -28.33473 -28.33473
 -26.94498 -26.94498 -26.94498 -26.94498 -26.94498 -26.94498 -26.94498 -26.94498
 -26.94498 -26.94498 -26.94498 -26.94498
 -26.21228 -26.21228 -26.21228 -26.21228 -26.21228 -26.21228 -26.21228 -26.21228
 -26.21228 -26.21228 -26.21228 -26.21228
 -25.84744 -25.84744 -25.84744 -25.84744 -25.84744 -25.84744 -25.84744 -25.84744
 -25.84744 -25.84744 -25.84744 -25.84744
 -25.64456 -25.64456 -25.64456 -25.64456 -25.64456 -25.64456 -25.64456 -25.64456
 -25.64456 -25.64456 -25.64456 -25.64456
 -25.45409 -25.45409 -25.45409 -25.45409 -25.45409 -25.45409 -25.45409 -25.45409
 -25.45409 -25.45409 -25.45409 -25.45409
 -25.30247 -25.30247 -25.30247 -25.30247 -25.30247 -25.30247 -25.30247 -25.30247
 -25.30247 -25.30247 -25.30247 -25.30247
 -25.23562 -25.23562 -25.23562 -25.23562 -25.23562 -25.23562 -25.23562 -25.23562
 -25.23562 -25.23562 -25.23562 -25.23562
 -25.24176 -25.24176 -25.24176 -25.24176 -25.24176 -25.24176 -25.24176 -25.24176
 -25.24176 -25.24176 -25.24176 -25.24176
 -25.29622 -25.29622 -25.29622 -25.29622 -25.29622 -25.29622 -25.29622 -25.29622
 -25.29622 -25.29622 -25.29622 -25.29622
 -25.37994 -25.37994 -25.37994 -25.37994 -25.37994 -25.37994 -25.37994 -25.37994
 -25.37994 -25.37994 -25.37994 -25.37994
 -25.48076 -25.48076 -25.48076 -25.48076 -25.48076 -25.48076 -25.48076 -25.48076
 -25.48076 -25.48076 -25.48076 -25.48076
 -25.59142 -25.59142 -25.59142 -25.59142 -25.59142 -25.59142 -25.59142 -25.59142
 -25.59142 -25.59142 -25.59142 -25.59142
 --------------------/ IGRD= 1  / IPRT= 0  /PLT     / Z1=51   / DATE= 11.01.08
 -74.00000 -74.00000 -74.00000 -74.00000 -74.00000 -74.00000 -74.00000 -74.00000
 -74.00000 -74.00000 -74.00000 -74.00000
 -74.00000 -74.00000 -74.00000 -74.00000 -74.00000 -74.00000 -74.00000 -74.00000
 -74.00000 -74.00000 -74.00000 -74.00000
 -74.00000 -74.00000 -74.00000 -74.00000 -74.00000 -74.00000 -74.00000 -74.00000
 -74.00000 -74.00000 -74.00000 -74.00000
 -57.57521 -57.57521 -57.57521 -57.57521 -57.57521 -57.57521 -57.57521 -57.57521
 -57.57521 -57.57521 -57.57521 -57.57521
 -43.23432 -43.23432 -43.23432 -43.23432 -43.23432 -43.23432 -43.23432 -43.23432
 -43.23432 -43.23432 -43.23432 -43.23432
 -35.17347 -35.17347 -35.17347 -35.17347 -35.17347 -35.17347 -35.17347 -35.17347
 -35.17347 -35.17347 -35.17347 -35.17347
 -30.66588 -30.66588 -30.66588 -30.66588 -30.66588 -30.66588 -30.66588 -30.66588
 -30.66588 -30.66588 -30.66588 -30.66588
 -28.16862 -28.16862 -28.16862 -28.16862 -28.16862 -28.16862 -28.16862 -28.16862
 -28.16862 -28.16862 -28.16862 -28.16862
 -26.80887 -26.80887 -26.80887 -26.80887 -26.80887 -26.80887 -26.80887 -26.80887
 -26.80887 -26.80887 -26.80887 -26.80887
 -26.09290 -26.09290 -26.09290 -26.09290 -26.09290 -26.09290 -26.09290 -26.09290
 -26.09290 -26.09290 -26.09290 -26.09290
 -25.73932 -25.73932 -25.73932 -25.73932 -25.73932 -25.73932 -25.73932 -25.73932
 -25.73932 -25.73932 -25.73932 -25.73932
 -25.56301 -25.56301 -25.56301 -25.56301 -25.56301 -25.56301 -25.56301 -25.56301
 -25.56301 -25.56301 -25.56301 -25.56301
 -25.42460 -25.42460 -25.42460 -25.42460 -25.42460 -25.42460 -25.42460 -25.42460
 -25.42460 -25.42460 -25.42460 -25.42460
 -25.31267 -25.31267 -25.31267 -25.31267 -25.31267 -25.31267 -25.31267 -25.31267
 -25.31267 -25.31267 -25.31267 -25.31267
 -25.26497 -25.26497 -25.26497 -25.26497 -25.26497 -25.26497 -25.26497 -25.26497
 -25.26497 -25.26497 -25.26497 -25.26497
 -25.27968 -25.27968 -25.27968 -25.27968 -25.27968 -25.27968 -25.27968 -25.27968
 -25.27968 -25.27968 -25.27968 -25.27968
 -25.33817 -25.33817 -25.33817 -25.33817 -25.33817 -25.33817 -25.33817 -25.33817
 -25.33817 -25.33817 -25.33817 -25.33817
 -25.42389 -25.42389 -25.42389 -25.42389 -25.42389 -25.42389 -25.42389 -25.42389
 -25.42389 -25.42389 -25.42389 -25.42389
 -25.52576 -25.52576 -25.52576 -25.52576 -25.52576 -25.52576 -25.52576 -25.52576
 -25.52576 -25.52576 -25.52576 -25.52576
 -25.63699 -25.63699 -25.63699 -25.63699 -25.63699 -25.63699 -25.63699 -25.63699
 -25.63699 -25.63699 -25.63699 -25.63699
 --------------------/ IGRD= 1  / IPRT= 0  /PLT     / Z1=52   / DATE= 11.01.08
 -74.00000 -74.00000 -74.00000 -74.00000 -74.00000 -74.00000 -74.00000 -74.00000
 -74.00000 -74.00000 -74.00000 -74.00000
 -74.00000 -74.00000 -74.00000 -74.00000 -74.00000 -74.00000 -74.00000 -74.00000
 -74.00000 -74.00000 -74.00000 -74.00000
 -74.00000 -74.00000 -74.00000 -74.00000 -74.00000 -74.00000 -74.00000 -74.00000
 -74.00000 -74.00000 -74.00000 -74.00000
 -56.68743 -56.68743 -56.68743 -56.68743 -56.68743 -56.68743 -56.68743 -56.68743
 -56.68743 -56.68743 -56.68743 -56.68743
 -42.69786 -42.69786 -42.69786 -42.69786 -42.69786 -42.69786 -42.69786 -42.69786
 -42.69786 -42.69786 -42.69786 -42.69786
 -34.83579 -34.83579 -34.83579 -34.83579 -34.83579 -34.83579 -34.83579 -34.83579
 -34.83579 -34.83579 -34.83579 -34.83579
 -30.44064 -30.44064 -30.44064 -30.44064 -30.44064 -30.44064 -30.44064 -30.44064
 -30.44064 -30.44064 -30.44064 -30.44064
 -28.00689 -28.00689 -28.00689 -28.00689 -28.00689 -28.00689 -28.00689 -28.00689
 -28.00689 -28.00689 -28.00689 -28.00689
 -26.68297 -26.68297 -26.68297 -26.68297 -26.68297 -26.68297 -26.68297 -26.68297
 -26.68297 -26.68297 -26.68297 -26.68297
 -25.98721 -25.98721 -25.98721 -25.98721 -25.98721 -25.98721 -25.98721 -25.98721
 -25.98721 -25.98721 -25.98721 -25.98721
 -25.64590 -25.64590 -25.64590 -25.64590 -25.64590 -25.64590 -25.64590 -25.64590
 -25.64590 -25.64590 -25.64590 -25.64590
 -25.48729 -25.48729 -25.48729 -25.48729 -25.48729 -25.48729 -25.48729 -25.48729
 -25.48729 -25.48729 -25.48729 -25.48729
 -25.38440 -25.38440 -25.38440 -25.38440 -25.38440 -25.38440 -25.38440 -25.38440
 -25.38440 -25.38440 -25.38440 -25.38440
 -25.30576 -25.30576 -25.30576 -25.30576 -25.30576 -25.30576 -25.30576 -25.30576
 -25.30576 -25.30576 -25.30576 -25.30576
 -25.27712 -25.27712 -25.27712 -25.27712 -25.27712 -25.27712 -25.27712 -25.27712
 -25.27712 -25.27712 -25.27712 -25.27712
 -25.30137 -25.30137 -25.30137 -25.30137 -25.30137 -25.30137 -25.30137 -25.30137
 -25.30137 -25.30137 -25.30137 -25.30137
 -25.36464 -25.36464 -25.36464 -25.36464 -25.36464 -25.36464 -25.36464 -25.36464
 -25.36464 -25.36464 -25.36464 -25.36464
 -25.45286 -25.45286 -25.45286 -25.45286 -25.45286 -25.45286 -25.45286 -25.45286
 -25.45286 -25.45286 -25.45286 -25.45286
 -25.55607 -25.55607 -25.55607 -25.55607 -25.55607 -25.55607 -25.55607 -25.55607
 -25.55607 -25.55607 -25.55607 -25.55607
 -25.66803 -25.66803 -25.66803 -25.66803 -25.66803 -25.66803 -25.66803 -25.66803
 -25.66803 -25.66803 -25.66803 -25.66803
 --------------------/ IGRD= 1  / IPRT= 0  /PLT     / Z1=53   / DATE= 11.01.08
 -74.00000 -74.00000 -74.00000 -74.00000 -74.00000 -74.00000 -74.00000 -74.00000
 -74.00000 -74.00000 -74.00000 -74.00000
 -74.00000 -74.00000 -74.00000 -74.00000 -74.00000 -74.00000 -74.00000 -74.00000
 -74.00000 -74.00000 -74.00000 -74.00000
 -74.00000 -74.00000 -74.00000 -74.00000 -74.00000 -74.00000 -74.00000 -74.00000
 -74.00000 -74.00000 -74.00000 -74.00000
 -56.13160 -56.13160 -56.13160 -56.13160 -56.13160 -56.13160 -56.13160 -56.13160
 -56.13160 -56.13160 -56.13160 -56.13160
 -42.34241 -42.34241 -42.34241 -42.34241 -42.34241 -42.34241 -42.34241 -42.34241
 -42.34241 -42.34241 -42.34241 -42.34241
 -34.59376 -34.59376 -34.59376 -34.59376 -34.59376 -34.59376 -34.59376 -34.59376
 -34.59376 -34.59376 -34.59376 -34.59376
 -30.26303 -30.26303 -30.26303 -30.26303 -30.26303 -30.26303 -30.26303 -30.26303
 -30.26303 -30.26303 -30.26303 -30.26303
 -27.86626 -27.86626 -27.86626 -27.86626 -27.86626 -27.86626 -27.86626 -27.86626
 -27.86626 -27.86626 -27.86626 -27.86626
 -26.56379 -26.56379 -26.56379 -26.56379 -26.56379 -26.56379 -26.56379 -26.56379
 -26.56379 -26.56379 -26.56379 -26.56379
 -25.88050 -25.88050 -25.88050 -25.88050 -25.88050 -25.88050 -25.88050 -25.88050
 -25.88050 -25.88050 -25.88050 -25.88050
 -25.54687 -25.54687 -25.54687 -25.54687 -25.54687 -25.54687 -25.54687 -25.54687
 -25.54687 -25.54687 -25.54687 -25.54687
 -25.39938 -25.39938 -25.39938 -25.39938 -25.39938 -25.39938 -25.39938 -25.39938
 -25.39938 -25.39938 -25.39938 -25.39938
 -25.32215 -25.32215 -25.32215 -25.32215 -25.32215 -25.32215 -25.32215 -25.32215
 -25.32215 -25.32215 -25.32215 -25.32215
 -25.27259 -25.27259 -25.27259 -25.27259 -25.27259 -25.27259 -25.27259 -25.27259
 -25.27259 -25.27259 -25.27259 -25.27259
 -25.26349 -25.26349 -25.26349 -25.26349 -25.26349 -25.26349 -25.26349 -25.26349
 -25.26349 -25.26349 -25.26349 -25.26349
 -25.29857 -25.29857 -25.29857 -25.29857 -25.29857 -25.29857 -25.29857 -25.29857
 -25.29857 -25.29857 -25.29857 -25.29857
 -25.36763 -25.36763 -25.36763 -25.36763 -25.36763 -25.36763 -25.36763 -25.36763
 -25.36763 -25.36763 -25.36763 -25.36763
 -25.45897 -25.45897 -25.45897 -25.45897 -25.45897 -25.45897 -25.45897 -25.45897
 -25.45897 -25.45897 -25.45897 -25.45897
 -25.56390 -25.56390 -25.56390 -25.56390 -25.56390 -25.56390 -25.56390 -25.56390
 -25.56390 -25.56390 -25.56390 -25.56390
 -25.67681 -25.67681 -25.67681 -25.67681 -25.67681 -25.67681 -25.67681 -25.67681
 -25.67681 -25.67681 -25.67681 -25.67681
 --------------------/ IGRD= 1  / IPRT= 0  /PLT     / Z1=54   / DATE= 11.01.08
 -74.00000 -74.00000 -74.00000 -74.00000 -74.00000 -74.00000 -74.00000 -74.00000
 -74.00000 -74.00000 -74.00000 -74.00000
 -74.00000 -74.00000 -74.00000 -74.00000 -74.00000 -74.00000 -74.00000 -74.00000
 -74.00000 -74.00000 -74.00000 -74.00000
 -65.93358 -65.93358 -65.93358 -65.93358 -65.93358 -65.93358 -65.93358 -65.93358
 -65.93358 -65.93358 -65.93358 -65.93358
 -48.81723 -48.81723 -48.81723 -48.81723 -48.81723 -48.81723 -48.81723 -48.81723
 -48.81723 -48.81723 -48.81723 -48.81723
 -39.18500 -39.18500 -39.18500 -39.18500 -39.18500 -39.18500 -39.18500 -39.18500
 -39.18500 -39.18500 -39.18500 -39.18500
 -33.67697 -33.67697 -33.67697 -33.67697 -33.67697 -33.67697 -33.67697 -33.67697
 -33.67697 -33.67697 -33.67697 -33.67697
 -30.03182 -30.03182 -30.03182 -30.03182 -30.03182 -30.03182 -30.03182 -30.03182
 -30.03182 -30.03182 -30.03182 -30.03182
 -27.77153 -27.77153 -27.77153 -27.77153 -27.77153 -27.77153 -27.77153 -27.77153
 -27.77153 -27.77153 -27.77153 -27.77153
 -26.51486 -26.51486 -26.51486 -26.51486 -26.51486 -26.51486 -26.51486 -26.51486
 -26.51486 -26.51486 -26.51486 -26.51486
 -25.84252 -25.84252 -25.84252 -25.84252 -25.84252 -25.84252 -25.84252 -25.84252
 -25.84252 -25.84252 -25.84252 -25.84252
 -25.50379 -25.50379 -25.50379 -25.50379 -25.50379 -25.50379 -25.50379 -25.50379
 -25.50379 -25.50379 -25.50379 -25.50379
 -25.35230 -25.35230 -25.35230 -25.35230 -25.35230 -25.35230 -25.35230 -25.35230
 -25.35230 -25.35230 -25.35230 -25.35230
 -25.28177 -25.28177 -25.28177 -25.28177 -25.28177 -25.28177 -25.28177 -25.28177
 -25.28177 -25.28177 -25.28177 -25.28177
 -25.23845 -25.23845 -25.23845 -25.23845 -25.23845 -25.23845 -25.23845 -25.23845
 -25.23845 -25.23845 -25.23845 -25.23845
 -25.22895 -25.22895 -25.22895 -25.22895 -25.22895 -25.22895 -25.22895 -25.22895
 -25.22895 -25.22895 -25.22895 -25.22895
 -25.26093 -25.26093 -25.26093 -25.26093 -25.26093 -25.26093 -25.26093 -25.26093
 -25.26093 -25.26093 -25.26093 -25.26093
 -25.32708 -25.32708 -25.32708 -25.32708 -25.32708 -25.32708 -25.32708 -25.32708
 -25.32708 -25.32708 -25.32708 -25.32708
 -25.41638 -25.41638 -25.41638 -25.41638 -25.41638 -25.41638 -25.41638 -25.41638
 -25.41638 -25.41638 -25.41638 -25.41638
 -25.52002 -25.52002 -25.52002 -25.52002 -25.52002 -25.52002 -25.52002 -25.52002
 -25.52002 -25.52002 -25.52002 -25.52002
 -25.63216 -25.63216 -25.63216 -25.63216 -25.63216 -25.63216 -25.63216 -25.63216
 -25.63216 -25.63216 -25.63216 -25.63216
 --------------------/ IGRD= 1  / IPRT= 0  /PLT     / Z1=55   / DATE= 11.01.08
 -74.00000 -74.00000 -74.00000 -74.00000 -74.00000 -74.00000 -74.00000 -74.00000
 -74.00000 -74.00000 -74.00000 -74.00000
 -74.00000 -74.00000 -74.00000 -74.00000 -74.00000 -74.00000 -74.00000 -74.00000
 -74.00000 -74.00000 -74.00000 -74.00000
 -74.00000 -74.00000 -74.00000 -74.00000 -74.00000 -74.00000 -74.00000 -74.00000
 -74.00000 -74.00000 -74.00000 -74.00000
 -54.27639 -54.27639 -54.27639 -54.27639 -54.27639 -54.27639 -54.27639 -54.27639
 -54.27639 -54.27639 -54.27639 -54.27639
 -41.30960 -41.30960 -41.30960 -41.30960 -41.30960 -41.30960 -41.30960 -41.30960
 -41.30960 -41.30960 -41.30960 -41.30960
 -34.02629 -34.02629 -34.02629 -34.02629 -34.02629 -34.02629 -34.02629 -34.02629
 -34.02629 -34.02629 -34.02629 -34.02629
 -29.95882 -29.95882 -29.95882 -29.95882 -29.95882 -29.95882 -29.95882 -29.95882
 -29.95882 -29.95882 -29.95882 -29.95882
 -27.70915 -27.70915 -27.70915 -27.70915 -27.70915 -27.70915 -27.70915 -27.70915
 -27.70915 -27.70915 -27.70915 -27.70915
 -26.47812 -26.47812 -26.47812 -26.47812 -26.47812 -26.47812 -26.47812 -26.47812
 -26.47812 -26.47812 -26.47812 -26.47812
 -25.81181 -25.81181 -25.81181 -25.81181 -25.81181 -25.81181 -25.81181 -25.81181
 -25.81181 -25.81181 -25.81181 -25.81181
 -25.46740 -25.46740 -25.46740 -25.46740 -25.46740 -25.46740 -25.46740 -25.46740
 -25.46740 -25.46740 -25.46740 -25.46740
 -25.31027 -25.31027 -25.31027 -25.31027 -25.31027 -25.31027 -25.31027 -25.31027
 -25.31027 -25.31027 -25.31027 -25.31027
 -25.24499 -25.24499 -25.24499 -25.24499 -25.24499 -25.24499 -25.24499 -25.24499
 -25.24499 -25.24499 -25.24499 -25.24499
 -25.21695 -25.21695 -25.21695 -25.21695 -25.21695 -25.21695 -25.21695 -25.21695
 -25.21695 -25.21695 -25.21695 -25.21695
 -25.22187 -25.22187 -25.22187 -25.22187 -25.22187 -25.22187 -25.22187 -25.22187
 -25.22187 -25.22187 -25.22187 -25.22187
 -25.26327 -25.26327 -25.26327 -25.26327 -25.26327 -25.26327 -25.26327 -25.26327
 -25.26327 -25.26327 -25.26327 -25.26327
 -25.33488 -25.33488 -25.33488 -25.33488 -25.33488 -25.33488 -25.33488 -25.33488
 -25.33488 -25.33488 -25.33488 -25.33488
 -25.42724 -25.42724 -25.42724 -25.42724 -25.42724 -25.42724 -25.42724 -25.42724
 -25.42724 -25.42724 -25.42724 -25.42724
 -25.53260 -25.53260 -25.53260 -25.53260 -25.53260 -25.53260 -25.53260 -25.53260
 -25.53260 -25.53260 -25.53260 -25.53260
 -25.64570 -25.64570 -25.64570 -25.64570 -25.64570 -25.64570 -25.64570 -25.64570
 -25.64570 -25.64570 -25.64570 -25.64570
 --------------------/ IGRD= 1  / IPRT= 0  /PLT     / Z1=56   / DATE= 11.01.08
 -74.00000 -74.00000 -74.00000 -74.00000 -74.00000 -74.00000 -74.00000 -74.00000
 -74.00000 -74.00000 -74.00000 -74.00000
 -74.00000 -74.00000 -74.00000 -74.00000 -74.00000 -74.00000 -74.00000 -74.00000
 -74.00000 -74.00000 -74.00000 -74.00000
 -62.01228 -62.01228 -62.01228 -62.01228 -62.01228 -62.01228 -62.01228 -62.01228
 -62.01228 -62.01228 -62.01228 -62.01228
 -46.47228 -46.47228 -46.47228 -46.47228 -46.47228 -46.47228 -46.47228 -46.47228
 -46.47228 -46.47228 -46.47228 -46.47228
 -37.73250 -37.73250 -37.73250 -37.73250 -37.73250 -37.73250 -37.73250 -37.73250
 -37.73250 -37.73250 -37.73250 -37.73250
 -32.77484 -32.77484 -32.77484 -32.77484 -32.77484 -32.77484 -32.77484 -32.77484
 -32.77484 -32.77484 -32.77484 -32.77484
 -29.54352 -29.54352 -29.54352 -29.54352 -29.54352 -29.54352 -29.54352 -29.54352
 -29.54352 -29.54352 -29.54352 -29.54352
 -27.46327 -27.46327 -27.46327 -27.46327 -27.46327 -27.46327 -27.46327 -27.46327
 -27.46327 -27.46327 -27.46327 -27.46327
 -26.28248 -26.28248 -26.28248 -26.28248 -26.28248 -26.28248 -26.28248 -26.28248
 -26.28248 -26.28248 -26.28248 -26.28248
 -25.62861 -25.62861 -25.62861 -25.62861 -25.62861 -25.62861 -25.62861 -25.62861
 -25.62861 -25.62861 -25.62861 -25.62861
 -25.28209 -25.28209 -25.28209 -25.28209 -25.28209 -25.28209 -25.28209 -25.28209
 -25.28209 -25.28209 -25.28209 -25.28209
 -25.12229 -25.12229 -25.12229 -25.12229 -25.12229 -25.12229 -25.12229 -25.12229
 -25.12229 -25.12229 -25.12229 -25.12229
 -25.06375 -25.06375 -25.06375 -25.06375 -25.06375 -25.06375 -25.06375 -25.06375
 -25.06375 -25.06375 -25.06375 -25.06375
 -25.05048 -25.05048 -25.05048 -25.05048 -25.05048 -25.05048 -25.05048 -25.05048
 -25.05048 -25.05048 -25.05048 -25.05048
 -25.06846 -25.06846 -25.06846 -25.06846 -25.06846 -25.06846 -25.06846 -25.06846
 -25.06846 -25.06846 -25.06846 -25.06846
 -25.11796 -25.11796 -25.11796 -25.11796 -25.11796 -25.11796 -25.11796 -25.11796
 -25.11796 -25.11796 -25.11796 -25.11796
 -25.19403 -25.19403 -25.19403 -25.19403 -25.19403 -25.19403 -25.19403 -25.19403
 -25.19403 -25.19403 -25.19403 -25.19403
 -25.28879 -25.28879 -25.28879 -25.28879 -25.28879 -25.28879 -25.28879 -25.28879
 -25.28879 -25.28879 -25.28879 -25.28879
 -25.39545 -25.39545 -25.39545 -25.39545 -25.39545 -25.39545 -25.39545 -25.39545
 -25.39545 -25.39545 -25.39545 -25.39545
 -25.50927 -25.50927 -25.50927 -25.50927 -25.50927 -25.50927 -25.50927 -25.50927
 -25.50927 -25.50927 -25.50927 -25.50927
 --------------------/ IGRD= 1  / IPRT= 0  /PLT     / Z1=57   / DATE= 11.01.08
 -74.00000 -74.00000 -74.00000 -74.00000 -74.00000 -74.00000 -74.00000 -74.00000
 -74.00000 -74.00000 -74.00000 -74.00000
 -74.00000 -74.00000 -74.00000 -74.00000 -74.00000 -74.00000 -74.00000 -74.00000
 -74.00000 -74.00000 -74.00000 -74.00000
 -59.92571 -59.92571 -59.92571 -59.92571 -59.92571 -59.92571 -59.92571 -59.92571
 -59.92571 -59.92571 -59.92571 -59.92571
 -45.15440 -45.15440 -45.15440 -45.15440 -45.15440 -45.15440 -45.15440 -45.15440
 -45.15440 -45.15440 -45.15440 -45.15440
 -36.84985 -36.84985 -36.84985 -36.84985 -36.84985 -36.84985 -36.84985 -36.84985
 -36.84985 -36.84985 -36.84985 -36.84985
 -32.17884 -32.17884 -32.17884 -32.17884 -32.17884 -32.17884 -32.17884 -32.17884
 -32.17884 -32.17884 -32.17884 -32.17884
 -29.32426 -29.32426 -29.32426 -29.32426 -29.32426 -29.32426 -29.32426 -29.32426
 -29.32426 -29.32426 -29.32426 -29.32426
 -27.44554 -27.44554 -27.44554 -27.44554 -27.44554 -27.44554 -27.44554 -27.44554
 -27.44554 -27.44554 -27.44554 -27.44554
 -26.33626 -26.33626 -26.33626 -26.33626 -26.33626 -26.33626 -26.33626 -26.33626
 -26.33626 -26.33626 -26.33626 -26.33626
 -25.70544 -25.70544 -25.70544 -25.70544 -25.70544 -25.70544 -25.70544 -25.70544
 -25.70544 -25.70544 -25.70544 -25.70544
 -25.36299 -25.36299 -25.36299 -25.36299 -25.36299 -25.36299 -25.36299 -25.36299
 -25.36299 -25.36299 -25.36299 -25.36299
 -25.20243 -25.20243 -25.20243 -25.20243 -25.20243 -25.20243 -25.20243 -25.20243
 -25.20243 -25.20243 -25.20243 -25.20243
 -25.13919 -25.13919 -25.13919 -25.13919 -25.13919 -25.13919 -25.13919 -25.13919
 -25.13919 -25.13919 -25.13919 -25.13919
 -25.10954 -25.10954 -25.10954 -25.10954 -25.10954 -25.10954 -25.10954 -25.10954
 -25.10954 -25.10954 -25.10954 -25.10954
 -25.10417 -25.10417 -25.10417 -25.10417 -25.10417 -25.10417 -25.10417 -25.10417
 -25.10417 -25.10417 -25.10417 -25.10417
 -25.13356 -25.13356 -25.13356 -25.13356 -25.13356 -25.13356 -25.13356 -25.13356
 -25.13356 -25.13356 -25.13356 -25.13356
 -25.19589 -25.19589 -25.19589 -25.19589 -25.19589 -25.19589 -25.19589 -25.19589
 -25.19589 -25.19589 -25.19589 -25.19589
 -25.28216 -25.28216 -25.28216 -25.28216 -25.28216 -25.28216 -25.28216 -25.28216
 -25.28216 -25.28216 -25.28216 -25.28216
 -25.38379 -25.38379 -25.38379 -25.38379 -25.38379 -25.38379 -25.38379 -25.38379
 -25.38379 -25.38379 -25.38379 -25.38379
 -25.49471 -25.49471 -25.49471 -25.49471 -25.49471 -25.49471 -25.49471 -25.49471
 -25.49471 -25.49471 -25.49471 -25.49471
 --------------------/ IGRD= 1  / IPRT= 0  /PLT     / Z1=58   / DATE= 11.01.08
 -74.00000 -74.00000 -74.00000 -74.00000 -74.00000 -74.00000 -74.00000 -74.00000
 -74.00000 -74.00000 -74.00000 -74.00000
 -74.00000 -74.00000 -74.00000 -74.00000 -74.00000 -74.00000 -74.00000 -74.00000
 -74.00000 -74.00000 -74.00000 -74.00000
 -72.60681 -72.60681 -72.60681 -72.60681 -72.60681 -72.60681 -72.60681 -72.60681
 -72.60681 -72.60681 -72.60681 -72.60681
 -51.77206 -51.77206 -51.77206 -51.77206 -51.77206 -51.77206 -51.77206 -51.77206
 -51.77206 -51.77206 -51.77206 -51.77206
 -40.03683 -40.03683 -40.03683 -40.03683 -40.03683 -40.03683 -40.03683 -40.03683
 -40.03683 -40.03683 -40.03683 -40.03683
 -33.45038 -33.45038 -33.45038 -33.45038 -33.45038 -33.45038 -33.45038 -33.45038
 -33.45038 -33.45038 -33.45038 -33.45038
 -29.77712 -29.77712 -29.77712 -29.77712 -29.77712 -29.77712 -29.77712 -29.77712
 -29.77712 -29.77712 -29.77712 -29.77712
 -27.74656 -27.74656 -27.74656 -27.74656 -27.74656 -27.74656 -27.74656 -27.74656
 -27.74656 -27.74656 -27.74656 -27.74656
 -26.61226 -26.61226 -26.61226 -26.61226 -26.61226 -26.61226 -26.61226 -26.61226
 -26.61226 -26.61226 -26.61226 -26.61226
 -25.95219 -25.95219 -25.95219 -25.95219 -25.95219 -25.95219 -25.95219 -25.95219
 -25.95219 -25.95219 -25.95219 -25.95219
 -25.58036 -25.58036 -25.58036 -25.58036 -25.58036 -25.58036 -25.58036 -25.58036
 -25.58036 -25.58036 -25.58036 -25.58036
 -25.39537 -25.39537 -25.39537 -25.39537 -25.39537 -25.39537 -25.39537 -25.39537
 -25.39537 -25.39537 -25.39537 -25.39537
 -25.28489 -25.28489 -25.28489 -25.28489 -25.28489 -25.28489 -25.28489 -25.28489
 -25.28489 -25.28489 -25.28489 -25.28489
 -25.17464 -25.17464 -25.17464 -25.17464 -25.17464 -25.17464 -25.17464 -25.17464
 -25.17464 -25.17464 -25.17464 -25.17464
 -25.09866 -25.09866 -25.09866 -25.09866 -25.09866 -25.09866 -25.09866 -25.09866
 -25.09866 -25.09866 -25.09866 -25.09866
 -25.08446 -25.08446 -25.08446 -25.08446 -25.08446 -25.08446 -25.08446 -25.08446
 -25.08446 -25.08446 -25.08446 -25.08446
 -25.12256 -25.12256 -25.12256 -25.12256 -25.12256 -25.12256 -25.12256 -25.12256
 -25.12256 -25.12256 -25.12256 -25.12256
 -25.19557 -25.19557 -25.19557 -25.19557 -25.19557 -25.19557 -25.19557 -25.19557
 -25.19557 -25.19557 -25.19557 -25.19557
 -25.28989 -25.28989 -25.28989 -25.28989 -25.28989 -25.28989 -25.28989 -25.28989
 -25.28989 -25.28989 -25.28989 -25.28989
 -25.39674 -25.39674 -25.39674 -25.39674 -25.39674 -25.39674 -25.39674 -25.39674
 -25.39674 -25.39674 -25.39674 -25.39674
 --------------------/ IGRD= 1  / IPRT= 0  /PLT     / Z1=59   / DATE= 11.01.08
 -74.00000 -74.00000 -74.00000 -74.00000 -74.00000 -74.00000 -74.00000 -74.00000
 -74.00000 -74.00000 -74.00000 -74.00000
 -74.00000 -74.00000 -74.00000 -74.00000 -74.00000 -74.00000 -74.00000 -74.00000
 -74.00000 -74.00000 -74.00000 -74.00000
 -71.23959 -71.23959 -71.23959 -71.23959 -71.23959 -71.23959 -71.23959 -71.23959
 -71.23959 -71.23959 -71.23959 -71.23959
 -51.20426 -51.20426 -51.20426 -51.20426 -51.20426 -51.20426 -51.20426 -51.20426
 -51.20426 -51.20426 -51.20426 -51.20426
 -39.92136 -39.92136 -39.92136 -39.92136 -39.92136 -39.92136 -39.92136 -39.92136
 -39.92136 -39.92136 -39.92136 -39.92136
 -33.59084 -33.59084 -33.59084 -33.59084 -33.59084 -33.59084 -33.59084 -33.59084
 -33.59084 -33.59084 -33.59084 -33.59084
 -30.06228 -30.06228 -30.06228 -30.06228 -30.06228 -30.06228 -30.06228 -30.06228
 -30.06228 -30.06228 -30.06228 -30.06228
 -28.11030 -28.11030 -28.11030 -28.11030 -28.11030 -28.11030 -28.11030 -28.11030
 -28.11030 -28.11030 -28.11030 -28.11030
 -27.00141 -27.00141 -27.00141 -27.00141 -27.00141 -27.00141 -27.00141 -27.00141
 -27.00141 -27.00141 -27.00141 -27.00141
 -26.32871 -26.32871 -26.32871 -26.32871 -26.32871 -26.32871 -26.32871 -26.32871
 -26.32871 -26.32871 -26.32871 -26.32871
 -25.93866 -25.93866 -25.93866 -25.93866 -25.93866 -25.93866 -25.93866 -25.93866
 -25.93866 -25.93866 -25.93866 -25.93866
 -25.73234 -25.73234 -25.73234 -25.73234 -25.73234 -25.73234 -25.73234 -25.73234
 -25.73234 -25.73234 -25.73234 -25.73234
 -25.54050 -25.54050 -25.54050 -25.54050 -25.54050 -25.54050 -25.54050 -25.54050
 -25.54050 -25.54050 -25.54050 -25.54050
 -25.30577 -25.30577 -25.30577 -25.30577 -25.30577 -25.30577 -25.30577 -25.30577
 -25.30577 -25.30577 -25.30577 -25.30577
 -25.14775 -25.14775 -25.14775 -25.14775 -25.14775 -25.14775 -25.14775 -25.14775
 -25.14775 -25.14775 -25.14775 -25.14775
 -25.09170 -25.09170 -25.09170 -25.09170 -25.09170 -25.09170 -25.09170 -25.09170
 -25.09170 -25.09170 -25.09170 -25.09170
 -25.10865 -25.10865 -25.10865 -25.10865 -25.10865 -25.10865 -25.10865 -25.10865
 -25.10865 -25.10865 -25.10865 -25.10865
 -25.17059 -25.17059 -25.17059 -25.17059 -25.17059 -25.17059 -25.17059 -25.17059
 -25.17059 -25.17059 -25.17059 -25.17059
 -25.25894 -25.25894 -25.25894 -25.25894 -25.25894 -25.25894 -25.25894 -25.25894
 -25.25894 -25.25894 -25.25894 -25.25894
 -25.36250 -25.36250 -25.36250 -25.36250 -25.36250 -25.36250 -25.36250 -25.36250
 -25.36250 -25.36250 -25.36250 -25.36250
 --------------------/ IGRD= 1  / IPRT= 0  /PLT     / Z1=60   / DATE= 11.01.08
 -74.00000 -74.00000 -74.00000 -74.00000 -74.00000 -74.00000 -74.00000 -74.00000
 -74.00000 -74.00000 -74.00000 -74.00000
 -74.00000 -74.00000 -74.00000 -74.00000 -74.00000 -74.00000 -74.00000 -74.00000
 -74.00000 -74.00000 -74.00000 -74.00000
 -68.89362 -68.89362 -68.89362 -68.89362 -68.89362 -68.89362 -68.89362 -68.89362
 -68.89362 -68.89362 -68.89362 -68.89362
 -49.78242 -49.78242 -49.78242 -49.78242 -49.78242 -49.78242 -49.78242 -49.78242
 -49.78242 -49.78242 -49.78242 -49.78242
 -39.02243 -39.02243 -39.02243 -39.02243 -39.02243 -39.02243 -39.02243 -39.02243
 -39.02243 -39.02243 -39.02243 -39.02243
 -32.98779 -32.98779 -32.98779 -32.98779 -32.98779 -32.98779 -32.98779 -32.98779
 -32.98779 -32.98779 -32.98779 -32.98779
 -29.62641 -29.62641 -29.62641 -29.62641 -29.62641 -29.62641 -29.62641 -29.62641
 -29.62641 -29.62641 -29.62641 -29.62641
 -27.75950 -27.75950 -27.75950 -27.75950 -27.75950 -27.75950 -27.75950 -27.75950
 -27.75950 -27.75950 -27.75950 -27.75950
 -26.64031 -26.64031 -26.64031 -26.64031 -26.64031 -26.64031 -26.64031 -26.64031
 -26.64031 -26.64031 -26.64031 -26.64031
 -25.89878 -25.89878 -25.89878 -25.89878 -25.89878 -25.89878 -25.89878 -25.89878
 -25.89878 -25.89878 -25.89878 -25.89878
 -25.45923 -25.45923 -25.45923 -25.45923 -25.45923 -25.45923 -25.45923 -25.45923
 -25.45923 -25.45923 -25.45923 -25.45923
 -25.24337 -25.24337 -25.24337 -25.24337 -25.24337 -25.24337 -25.24337 -25.24337
 -25.24337 -25.24337 -25.24337 -25.24337
 -25.16316 -25.16316 -25.16316 -25.16316 -25.16316 -25.16316 -25.16316 -25.16316
 -25.16316 -25.16316 -25.16316 -25.16316
 -25.15271 -25.15271 -25.15271 -25.15271 -25.15271 -25.15271 -25.15271 -25.15271
 -25.15271 -25.15271 -25.15271 -25.15271
 -25.18108 -25.18108 -25.18108 -25.18108 -25.18108 -25.18108 -25.18108 -25.18108
 -25.18108 -25.18108 -25.18108 -25.18108
 -25.23895 -25.23895 -25.23895 -25.23895 -25.23895 -25.23895 -25.23895 -25.23895
 -25.23895 -25.23895 -25.23895 -25.23895
 -25.32011 -25.32011 -25.32011 -25.32011 -25.32011 -25.32011 -25.32011 -25.32011
 -25.32011 -25.32011 -25.32011 -25.32011
 -25.41773 -25.41773 -25.41773 -25.41773 -25.41773 -25.41773 -25.41773 -25.41773
 -25.41773 -25.41773 -25.41773 -25.41773
 -25.52598 -25.52598 -25.52598 -25.52598 -25.52598 -25.52598 -25.52598 -25.52598
 -25.52598 -25.52598 -25.52598 -25.52598
 -25.64068 -25.64068 -25.64068 -25.64068 -25.64068 -25.64068 -25.64068 -25.64068
 -25.64068 -25.64068 -25.64068 -25.64068
 --------------------/ IGRD= 1  / IPRT= 0  /PLT     / Z1=61   / DATE= 11.01.08
 -74.00000 -74.00000 -74.00000 -74.00000 -74.00000 -74.00000 -74.00000 -74.00000
 -74.00000 -74.00000 -74.00000 -74.00000
 -74.00000 -74.00000 -74.00000 -74.00000 -74.00000 -74.00000 -74.00000 -74.00000
 -74.00000 -74.00000 -74.00000 -74.00000
 -74.00000 -74.00000 -74.00000 -74.00000 -74.00000 -74.00000 -74.00000 -74.00000
 -74.00000 -74.00000 -74.00000 -74.00000
 -70.47399 -70.47399 -70.47399 -70.47399 -70.47399 -70.47399 -70.47399 -70.47399
 -70.47399 -70.47399 -70.47399 -70.47399
 -50.36071 -50.36071 -50.36071 -50.36071 -50.36071 -50.36071 -50.36071 -50.36071
 -50.36071 -50.36071 -50.36071 -50.36071
 -39.03371 -39.03371 -39.03371 -39.03371 -39.03371 -39.03371 -39.03371 -39.03371
 -39.03371 -39.03371 -39.03371 -39.03371
 -32.67825 -32.67825 -32.67825 -32.67825 -32.67825 -32.67825 -32.67825 -32.67825
 -32.67825 -32.67825 -32.67825 -32.67825
 -29.13582 -29.13582 -29.13582 -29.13582 -29.13582 -29.13582 -29.13582 -29.13582
 -29.13582 -29.13582 -29.13582 -29.13582
 -27.18510 -27.18510 -27.18510 -27.18510 -27.18510 -27.18510 -27.18510 -27.18510
 -27.18510 -27.18510 -27.18510 -27.18510
 -26.13502 -26.13502 -26.13502 -26.13502 -26.13502 -26.13502 -26.13502 -26.13502
 -26.13502 -26.13502 -26.13502 -26.13502
 -25.59453 -25.59453 -25.59453 -25.59453 -25.59453 -25.59453 -25.59453 -25.59453
 -25.59453 -25.59453 -25.59453 -25.59453
 -25.34167 -25.34167 -25.34167 -25.34167 -25.34167 -25.34167 -25.34167 -25.34167
 -25.34167 -25.34167 -25.34167 -25.34167
 -25.24396 -25.24396 -25.24396 -25.24396 -25.24396 -25.24396 -25.24396 -25.24396
 -25.24396 -25.24396 -25.24396 -25.24396
 -25.21760 -25.21760 -25.21760 -25.21760 -25.21760 -25.21760 -25.21760 -25.21760
 -25.21760 -25.21760 -25.21760 -25.21760
 -25.22778 -25.22778 -25.22778 -25.22778 -25.22778 -25.22778 -25.22778 -25.22778
 -25.22778 -25.22778 -25.22778 -25.22778
 -25.26958 -25.26958 -25.26958 -25.26958 -25.26958 -25.26958 -25.26958 -25.26958
 -25.26958 -25.26958 -25.26958 -25.26958
 -25.33925 -25.33925 -25.33925 -25.33925 -25.33925 -25.33925 -25.33925 -25.33925
 -25.33925 -25.33925 -25.33925 -25.33925
 -25.42957 -25.42957 -25.42957 -25.42957 -25.42957 -25.42957 -25.42957 -25.42957
 -25.42957 -25.42957 -25.42957 -25.42957
 -25.53340 -25.53340 -25.53340 -25.53340 -25.53340 -25.53340 -25.53340 -25.53340
 -25.53340 -25.53340 -25.53340 -25.53340
 -25.64553 -25.64553 -25.64553 -25.64553 -25.64553 -25.64553 -25.64553 -25.64553
 -25.64553 -25.64553 -25.64553 -25.64553
 --------------------/ IGRD= 1  / IPRT= 0  /PLT     / Z1=62   / DATE= 11.01.08
 -74.00000 -74.00000 -74.00000 -74.00000 -74.00000 -74.00000 -74.00000 -74.00000
 -74.00000 -74.00000 -74.00000 -74.00000
 -66.66266 -66.66266 -66.66266 -66.66266 -66.66266 -66.66266 -66.66266 -66.66266
 -66.66266 -66.66266 -66.66266 -66.66266
 -48.63871 -48.63871 -48.63871 -48.63871 -48.63871 -48.63871 -48.63871 -48.63871
 -48.63871 -48.63871 -48.63871 -48.63871
 -38.49392 -38.49392 -38.49392 -38.49392 -38.49392 -38.49392 -38.49392 -38.49392
 -38.49392 -38.49392 -38.49392 -38.49392
 -32.80738 -32.80738 -32.80738 -32.80738 -32.80738 -32.80738 -32.80738 -32.80738
 -32.80738 -32.80738 -32.80738 -32.80738
 -29.64346 -29.64346 -29.64346 -29.64346 -29.64346 -29.64346 -29.64346 -29.64346
 -29.64346 -29.64346 -29.64346 -29.64346
 -27.90689 -27.90689 -27.90689 -27.90689 -27.90689 -27.90689 -27.90689 -27.90689
 -27.90689 -27.90689 -27.90689 -27.90689
 -26.97439 -26.97439 -26.97439 -26.97439 -26.97439 -26.97439 -26.97439 -26.97439
 -26.97439 -26.97439 -26.97439 -26.97439
 -26.42255 -26.42255 -26.42255 -26.42255 -26.42255 -26.42255 -26.42255 -26.42255
 -26.42255 -26.42255 -26.42255 -26.42255
 -25.92664 -25.92664 -25.92664 -25.92664 -25.92664 -25.92664 -25.92664 -25.92664
 -25.92664 -25.92664 -25.92664 -25.92664
 -25.55096 -25.55096 -25.55096 -25.55096 -25.55096 -25.55096 -25.55096 -25.55096
 -25.55096 -25.55096 -25.55096 -25.55096
 -25.35456 -25.35456 -25.35456 -25.35456 -25.35456 -25.35456 -25.35456 -25.35456
 -25.35456 -25.35456 -25.35456 -25.35456
 -25.28452 -25.28452 -25.28452 -25.28452 -25.28452 -25.28452 -25.28452 -25.28452
 -25.28452 -25.28452 -25.28452 -25.28452
 -25.28167 -25.28167 -25.28167 -25.28167 -25.28167 -25.28167 -25.28167 -25.28167
 -25.28167 -25.28167 -25.28167 -25.28167
 -25.31425 -25.31425 -25.31425 -25.31425 -25.31425 -25.31425 -25.31425 -25.31425
 -25.31425 -25.31425 -25.31425 -25.31425
 -25.37337 -25.37337 -25.37337 -25.37337 -25.37337 -25.37337 -25.37337 -25.37337
 -25.37337 -25.37337 -25.37337 -25.37337
 -25.45443 -25.45443 -25.45443 -25.45443 -25.45443 -25.45443 -25.45443 -25.45443
 -25.45443 -25.45443 -25.45443 -25.45443
 -25.55164 -25.55164 -25.55164 -25.55164 -25.55164 -25.55164 -25.55164 -25.55164
 -25.55164 -25.55164 -25.55164 -25.55164
 -25.65951 -25.65951 -25.65951 -25.65951 -25.65951 -25.65951 -25.65951 -25.65951
 -25.65951 -25.65951 -25.65951 -25.65951
 -25.77395 -25.77395 -25.77395 -25.77395 -25.77395 -25.77395 -25.77395 -25.77395
 -25.77395 -25.77395 -25.77395 -25.77395
 --------------------/ IGRD= 1  / IPRT= 0  /PLT     / Z1=63   / DATE= 11.01.08
 -74.00000 -74.00000 -74.00000 -74.00000 -74.00000 -74.00000 -74.00000 -74.00000
 -74.00000 -74.00000 -74.00000 -74.00000
 -62.90077 -62.90077 -62.90077 -62.90077 -62.90077 -62.90077 -62.90077 -62.90077
 -62.90077 -62.90077 -62.90077 -62.90077
 -46.38225 -46.38225 -46.38225 -46.38225 -46.38225 -46.38225 -46.38225 -46.38225
 -46.38225 -46.38225 -46.38225 -46.38225
 -37.08927 -37.08927 -37.08927 -37.08927 -37.08927 -37.08927 -37.08927 -37.08927
 -37.08927 -37.08927 -37.08927 -37.08927
 -31.88471 -31.88471 -31.88471 -31.88471 -31.88471 -31.88471 -31.88471 -31.88471
 -31.88471 -31.88471 -31.88471 -31.88471
 -28.99350 -28.99350 -28.99350 -28.99350 -28.99350 -28.99350 -28.99350 -28.99350
 -28.99350 -28.99350 -28.99350 -28.99350
 -27.41125 -27.41125 -27.41125 -27.41125 -27.41125 -27.41125 -27.41125 -27.41125
 -27.41125 -27.41125 -27.41125 -27.41125
 -26.56784 -26.56784 -26.56784 -26.56784 -26.56784 -26.56784 -26.56784 -26.56784
 -26.56784 -26.56784 -26.56784 -26.56784
 -26.10793 -26.10793 -26.10793 -26.10793 -26.10793 -26.10793 -26.10793 -26.10793
 -26.10793 -26.10793 -26.10793 -26.10793
 -25.77165 -25.77165 -25.77165 -25.77165 -25.77165 -25.77165 -25.77165 -25.77165
 -25.77165 -25.77165 -25.77165 -25.77165
 -25.51496 -25.51496 -25.51496 -25.51496 -25.51496 -25.51496 -25.51496 -25.51496
 -25.51496 -25.51496 -25.51496 -25.51496
 -25.37761 -25.37761 -25.37761 -25.37761 -25.37761 -25.37761 -25.37761 -25.37761
 -25.37761 -25.37761 -25.37761 -25.37761
 -25.34089 -25.34089 -25.34089 -25.34089 -25.34089 -25.34089 -25.34089 -25.34089
 -25.34089 -25.34089 -25.34089 -25.34089
 -25.36538 -25.36538 -25.36538 -25.36538 -25.36538 -25.36538 -25.36538 -25.36538
 -25.36538 -25.36538 -25.36538 -25.36538
 -25.38979 -25.38979 -25.38979 -25.38979 -25.38979 -25.38979 -25.38979 -25.38979
 -25.38979 -25.38979 -25.38979 -25.38979
 -25.36903 -25.36903 -25.36903 -25.36903 -25.36903 -25.36903 -25.36903 -25.36903
 -25.36903 -25.36903 -25.36903 -25.36903
 -25.34545 -25.34545 -25.34545 -25.34545 -25.34545 -25.34545 -25.34545 -25.34545
 -25.34545 -25.34545 -25.34545 -25.34545
 -25.35954 -25.35954 -25.35954 -25.35954 -25.35954 -25.35954 -25.35954 -25.35954
 -25.35954 -25.35954 -25.35954 -25.35954
 -25.41290 -25.41290 -25.41290 -25.41290 -25.41290 -25.41290 -25.41290 -25.41290
 -25.41290 -25.41290 -25.41290 -25.41290
 -25.49426 -25.49426 -25.49426 -25.49426 -25.49426 -25.49426 -25.49426 -25.49426
 -25.49426 -25.49426 -25.49426 -25.49426
 --------------------/ IGRD= 1  / IPRT= 0  /PLT     / Z1=64   / DATE= 11.01.08
 -74.00000 -74.00000 -74.00000 -74.00000 -74.00000 -74.00000 -74.00000 -74.00000
 -74.00000 -74.00000 -74.00000 -74.00000
 -64.96309 -64.96309 -64.96309 -64.96309 -64.96309 -64.96309 -64.96309 -64.96309
 -64.96309 -64.96309 -64.96309 -64.96309
 -47.64054 -47.64054 -47.64054 -47.64054 -47.64054 -47.64054 -47.64054 -47.64054
 -47.64054 -47.64054 -47.64054 -47.64054
 -37.89261 -37.89261 -37.89261 -37.89261 -37.89261 -37.89261 -37.89261 -37.89261
 -37.89261 -37.89261 -37.89261 -37.89261
 -32.43063 -32.43063 -32.43063 -32.43063 -32.43063 -32.43063 -32.43063 -32.43063
 -32.43063 -32.43063 -32.43063 -32.43063
 -29.39377 -29.39377 -29.39377 -29.39377 -29.39377 -29.39377 -29.39377 -29.39377
 -29.39377 -29.39377 -29.39377 -29.39377
 -27.72910 -27.72910 -27.72910 -27.72910 -27.72910 -27.72910 -27.72910 -27.72910
 -27.72910 -27.72910 -27.72910 -27.72910
 -26.83911 -26.83911 -26.83911 -26.83911 -26.83911 -26.83911 -26.83911 -26.83911
 -26.83911 -26.83911 -26.83911 -26.83911
 -26.35740 -26.35740 -26.35740 -26.35740 -26.35740 -26.35740 -26.35740 -26.35740
 -26.35740 -26.35740 -26.35740 -26.35740
 -26.02881 -26.02881 -26.02881 -26.02881 -26.02881 -26.02881 -26.02881 -26.02881
 -26.02881 -26.02881 -26.02881 -26.02881
 -25.79110 -25.79110 -25.79110 -25.79110 -25.79110 -25.79110 -25.79110 -25.79110
 -25.79110 -25.79110 -25.79110 -25.79110
 -25.66670 -25.66670 -25.66670 -25.66670 -25.66670 -25.66670 -25.66670 -25.66670
 -25.66670 -25.66670 -25.66670 -25.66670
 -25.63708 -25.63708 -25.63708 -25.63708 -25.63708 -25.63708 -25.63708 -25.63708
 -25.63708 -25.63708 -25.63708 -25.63708
 -25.66428 -25.66428 -25.66428 -25.66428 -25.66428 -25.66428 -25.66428 -25.66428
 -25.66428 -25.66428 -25.66428 -25.66428
 -25.67141 -25.67141 -25.67141 -25.67141 -25.67141 -25.67141 -25.67141 -25.67141
 -25.67141 -25.67141 -25.67141 -25.67141
 -25.59835 -25.59835 -25.59835 -25.59835 -25.59835 -25.59835 -25.59835 -25.59835
 -25.59835 -25.59835 -25.59835 -25.59835
 -25.52392 -25.52392 -25.52392 -25.52392 -25.52392 -25.52392 -25.52392 -25.52392
 -25.52392 -25.52392 -25.52392 -25.52392
 -25.50607 -25.50607 -25.50607 -25.50607 -25.50607 -25.50607 -25.50607 -25.50607
 -25.50607 -25.50607 -25.50607 -25.50607
 -25.54146 -25.54146 -25.54146 -25.54146 -25.54146 -25.54146 -25.54146 -25.54146
 -25.54146 -25.54146 -25.54146 -25.54146
 -25.61286 -25.61286 -25.61286 -25.61286 -25.61286 -25.61286 -25.61286 -25.61286
 -25.61286 -25.61286 -25.61286 -25.61286
 --------------------/ IGRD= 1  / IPRT= 0  /PLT     / Z1=65   / DATE= 11.01.08
 -74.00000 -74.00000 -74.00000 -74.00000 -74.00000 -74.00000 -74.00000 -74.00000
 -74.00000 -74.00000 -74.00000 -74.00000
 -74.00000 -74.00000 -74.00000 -74.00000 -74.00000 -74.00000 -74.00000 -74.00000
 -74.00000 -74.00000 -74.00000 -74.00000
 -74.00000 -74.00000 -74.00000 -74.00000 -74.00000 -74.00000 -74.00000 -74.00000
 -74.00000 -74.00000 -74.00000 -74.00000
 -74.00000 -74.00000 -74.00000 -74.00000 -74.00000 -74.00000 -74.00000 -74.00000
 -74.00000 -74.00000 -74.00000 -74.00000
 -74.00000 -74.00000 -74.00000 -74.00000 -74.00000 -74.00000 -74.00000 -74.00000
 -74.00000 -74.00000 -74.00000 -74.00000
 -74.00000 -74.00000 -74.00000 -74.00000 -74.00000 -74.00000 -74.00000 -74.00000
 -74.00000 -74.00000 -74.00000 -74.00000
 -74.00000 -74.00000 -74.00000 -74.00000 -74.00000 -74.00000 -74.00000 -74.00000
 -74.00000 -74.00000 -74.00000 -74.00000
 -74.00000 -74.00000 -74.00000 -74.00000 -74.00000 -74.00000 -74.00000 -74.00000
 -74.00000 -74.00000 -74.00000 -74.00000
 -65.93290 -65.93290 -65.93290 -65.93290 -65.93290 -65.93290 -65.93290 -65.93290
 -65.93290 -65.93290 -65.93290 -65.93290
 -48.13114 -48.13114 -48.13114 -48.13114 -48.13114 -48.13114 -48.13114 -48.13114
 -48.13114 -48.13114 -48.13114 -48.13114
 -38.10899 -38.10899 -38.10899 -38.10899 -38.10899 -38.10899 -38.10899 -38.10899
 -38.10899 -38.10899 -38.10899 -38.10899
 -32.47273 -32.47273 -32.47273 -32.47273 -32.47273 -32.47273 -32.47273 -32.47273
 -32.47273 -32.47273 -32.47273 -32.47273
 -29.29496 -29.29496 -29.29496 -29.29496 -29.29496 -29.29496 -29.29496 -29.29496
 -29.29496 -29.29496 -29.29496 -29.29496
 -27.49929 -27.49929 -27.49929 -27.49929 -27.49929 -27.49929 -27.49929 -27.49929
 -27.49929 -27.49929 -27.49929 -27.49929
 -26.49471 -26.49471 -26.49471 -26.49471 -26.49471 -26.49471 -26.49471 -26.49471
 -26.49471 -26.49471 -26.49471 -26.49471
 -25.95553 -25.95553 -25.95553 -25.95553 -25.95553 -25.95553 -25.95553 -25.95553
 -25.95553 -25.95553 -25.95553 -25.95553
 -25.69341 -25.69341 -25.69341 -25.69341 -25.69341 -25.69341 -25.69341 -25.69341
 -25.69341 -25.69341 -25.69341 -25.69341
 -25.59477 -25.59477 -25.59477 -25.59477 -25.59477 -25.59477 -25.59477 -25.59477
 -25.59477 -25.59477 -25.59477 -25.59477
 -25.59127 -25.59127 -25.59127 -25.59127 -25.59127 -25.59127 -25.59127 -25.59127
 -25.59127 -25.59127 -25.59127 -25.59127
 -25.64252 -25.64252 -25.64252 -25.64252 -25.64252 -25.64252 -25.64252 -25.64252
 -25.64252 -25.64252 -25.64252 -25.64252
 --------------------/ IGRD= 1  / IPRT= 0  /PLT     / Z1=66   / DATE= 11.01.08
 -74.00000 -74.00000 -74.00000 -74.00000 -74.00000 -74.00000 -74.00000 -74.00000
 -74.00000 -74.00000 -74.00000 -74.00000
 -74.00000 -74.00000 -74.00000 -74.00000 -74.00000 -74.00000 -74.00000 -74.00000
 -74.00000 -74.00000 -74.00000 -74.00000
 -74.00000 -74.00000 -74.00000 -74.00000 -74.00000 -74.00000 -74.00000 -74.00000
 -74.00000 -74.00000 -74.00000 -74.00000
 -74.00000 -74.00000 -74.00000 -74.00000 -74.00000 -74.00000 -74.00000 -74.00000
 -74.00000 -74.00000 -74.00000 -74.00000
 -74.00000 -74.00000 -74.00000 -74.00000 -74.00000 -74.00000 -74.00000 -74.00000
 -74.00000 -74.00000 -74.00000 -74.00000
 -72.91023 -72.91023 -72.91023 -72.91023 -72.91023 -72.91023 -72.91023 -72.91023
 -72.91023 -72.91023 -72.91023 -72.91023
 -52.33619 -52.33619 -52.33619 -52.33619 -52.33619 -52.33619 -52.33619 -52.33619
 -52.33619 -52.33619 -52.33619 -52.33619
 -40.74848 -40.74848 -40.74848 -40.74848 -40.74848 -40.74848 -40.74848 -40.74848
 -40.74848 -40.74848 -40.74848 -40.74848
 -34.24549 -34.24549 -34.24549 -34.24549 -34.24549 -34.24549 -34.24549 -34.24549
 -34.24549 -34.24549 -34.24549 -34.24549
 -30.61959 -30.61959 -30.61959 -30.61959 -30.61959 -30.61959 -30.61959 -30.61959
 -30.61959 -30.61959 -30.61959 -30.61959
 -28.62164 -28.62164 -28.62164 -28.62164 -28.62164 -28.62164 -28.62164 -28.62164
 -28.62164 -28.62164 -28.62164 -28.62164
 -27.54483 -27.54483 -27.54483 -27.54483 -27.54483 -27.54483 -27.54483 -27.54483
 -27.54483 -27.54483 -27.54483 -27.54483
 -26.98849 -26.98849 -26.98849 -26.98849 -26.98849 -26.98849 -26.98849 -26.98849
 -26.98849 -26.98849 -26.98849 -26.98849
 -26.68819 -26.68819 -26.68819 -26.68819 -26.68819 -26.68819 -26.68819 -26.68819
 -26.68819 -26.68819 -26.68819 -26.68819
 -26.34267 -26.34267 -26.34267 -26.34267 -26.34267 -26.34267 -26.34267 -26.34267
 -26.34267 -26.34267 -26.34267 -26.34267
 -25.98217 -25.98217 -25.98217 -25.98217 -25.98217 -25.98217 -25.98217 -25.98217
 -25.98217 -25.98217 -25.98217 -25.98217
 -25.77137 -25.77137 -25.77137 -25.77137 -25.77137 -25.77137 -25.77137 -25.77137
 -25.77137 -25.77137 -25.77137 -25.77137
 -25.69382 -25.69382 -25.69382 -25.69382 -25.69382 -25.69382 -25.69382 -25.69382
 -25.69382 -25.69382 -25.69382 -25.69382
 -25.70097 -25.70097 -25.70097 -25.70097 -25.70097 -25.70097 -25.70097 -25.70097
 -25.70097 -25.70097 -25.70097 -25.70097
 -25.75802 -25.75802 -25.75802 -25.75802 -25.75802 -25.75802 -25.75802 -25.75802
 -25.75802 -25.75802 -25.75802 -25.75802
 --------------------/ IGRD= 1  / IPRT= 0  /PLT     / Z1=67   / DATE= 11.01.08
 -74.00000 -74.00000 -74.00000 -74.00000 -74.00000 -74.00000 -74.00000 -74.00000
 -74.00000 -74.00000 -74.00000 -74.00000
 -74.00000 -74.00000 -74.00000 -74.00000 -74.00000 -74.00000 -74.00000 -74.00000
 -74.00000 -74.00000 -74.00000 -74.00000
 -74.00000 -74.00000 -74.00000 -74.00000 -74.00000 -74.00000 -74.00000 -74.00000
 -74.00000 -74.00000 -74.00000 -74.00000
 -74.00000 -74.00000 -74.00000 -74.00000 -74.00000 -74.00000 -74.00000 -74.00000
 -74.00000 -74.00000 -74.00000 -74.00000
 -74.00000 -74.00000 -74.00000 -74.00000 -74.00000 -74.00000 -74.00000 -74.00000
 -74.00000 -74.00000 -74.00000 -74.00000
 -72.07761 -72.07761 -72.07761 -72.07761 -72.07761 -72.07761 -72.07761 -72.07761
 -72.07761 -72.07761 -72.07761 -72.07761
 -51.74781 -51.74781 -51.74781 -51.74781 -51.74781 -51.74781 -51.74781 -51.74781
 -51.74781 -51.74781 -51.74781 -51.74781
 -40.29830 -40.29830 -40.29830 -40.29830 -40.29830 -40.29830 -40.29830 -40.29830
 -40.29830 -40.29830 -40.29830 -40.29830
 -33.87351 -33.87351 -33.87351 -33.87351 -33.87351 -33.87351 -33.87351 -33.87351
 -33.87351 -33.87351 -33.87351 -33.87351
 -30.29186 -30.29186 -30.29186 -30.29186 -30.29186 -30.29186 -30.29186 -30.29186
 -30.29186 -30.29186 -30.29186 -30.29186
 -28.31894 -28.31894 -28.31894 -28.31894 -28.31894 -28.31894 -28.31894 -28.31894
 -28.31894 -28.31894 -28.31894 -28.31894
 -27.25630 -27.25630 -27.25630 -27.25630 -27.25630 -27.25630 -27.25630 -27.25630
 -27.25630 -27.25630 -27.25630 -27.25630
 -26.70849 -26.70849 -26.70849 -26.70849 -26.70849 -26.70849 -26.70849 -26.70849
 -26.70849 -26.70849 -26.70849 -26.70849
 -26.43864 -26.43864 -26.43864 -26.43864 -26.43864 -26.43864 -26.43864 -26.43864
 -26.43864 -26.43864 -26.43864 -26.43864
 -26.23152 -26.23152 -26.23152 -26.23152 -26.23152 -26.23152 -26.23152 -26.23152
 -26.23152 -26.23152 -26.23152 -26.23152
 -25.99572 -25.99572 -25.99572 -25.99572 -25.99572 -25.99572 -25.99572 -25.99572
 -25.99572 -25.99572 -25.99572 -25.99572
 -25.83345 -25.83345 -25.83345 -25.83345 -25.83345 -25.83345 -25.83345 -25.83345
 -25.83345 -25.83345 -25.83345 -25.83345
 -25.77305 -25.77305 -25.77305 -25.77305 -25.77305 -25.77305 -25.77305 -25.77305
 -25.77305 -25.77305 -25.77305 -25.77305
 -25.78698 -25.78698 -25.78698 -25.78698 -25.78698 -25.78698 -25.78698 -25.78698
 -25.78698 -25.78698 -25.78698 -25.78698
 -25.84704 -25.84704 -25.84704 -25.84704 -25.84704 -25.84704 -25.84704 -25.84704
 -25.84704 -25.84704 -25.84704 -25.84704
 --------------------/ IGRD= 1  / IPRT= 0  /PLT     / Z1=68   / DATE= 11.01.08
 -74.00000 -74.00000 -74.00000 -74.00000 -74.00000 -74.00000 -74.00000 -74.00000
 -74.00000 -74.00000 -74.00000 -74.00000
 -74.00000 -74.00000 -74.00000 -74.00000 -74.00000 -74.00000 -74.00000 -74.00000
 -74.00000 -74.00000 -74.00000 -74.00000
 -74.00000 -74.00000 -74.00000 -74.00000 -74.00000 -74.00000 -74.00000 -74.00000
 -74.00000 -74.00000 -74.00000 -74.00000
 -74.00000 -74.00000 -74.00000 -74.00000 -74.00000 -74.00000 -74.00000 -74.00000
 -74.00000 -74.00000 -74.00000 -74.00000
 -74.00000 -74.00000 -74.00000 -74.00000 -74.00000 -74.00000 -74.00000 -74.00000
 -74.00000 -74.00000 -74.00000 -74.00000
 -71.28960 -71.28960 -71.28960 -71.28960 -71.28960 -71.28960 -71.28960 -71.28960
 -71.28960 -71.28960 -71.28960 -71.28960
 -51.24245 -51.24245 -51.24245 -51.24245 -51.24245 -51.24245 -51.24245 -51.24245
 -51.24245 -51.24245 -51.24245 -51.24245
 -39.95286 -39.95286 -39.95286 -39.95286 -39.95286 -39.95286 -39.95286 -39.95286
 -39.95286 -39.95286 -39.95286 -39.95286
 -33.61857 -33.61857 -33.61857 -33.61857 -33.61857 -33.61857 -33.61857 -33.61857
 -33.61857 -33.61857 -33.61857 -33.61857
 -30.08812 -30.08812 -30.08812 -30.08812 -30.08812 -30.08812 -30.08812 -30.08812
 -30.08812 -30.08812 -30.08812 -30.08812
 -28.14418 -28.14418 -28.14418 -28.14418 -28.14418 -28.14418 -28.14418 -28.14418
 -28.14418 -28.14418 -28.14418 -28.14418
 -27.09793 -27.09793 -27.09793 -27.09793 -27.09793 -27.09793 -27.09793 -27.09793
 -27.09793 -27.09793 -27.09793 -27.09793
 -26.55955 -26.55955 -26.55955 -26.55955 -26.55955 -26.55955 -26.55955 -26.55955
 -26.55955 -26.55955 -26.55955 -26.55955
 -26.30280 -26.30280 -26.30280 -26.30280 -26.30280 -26.30280 -26.30280 -26.30280
 -26.30280 -26.30280 -26.30280 -26.30280
 -26.15307 -26.15307 -26.15307 -26.15307 -26.15307 -26.15307 -26.15307 -26.15307
 -26.15307 -26.15307 -26.15307 -26.15307
 -25.99575 -25.99575 -25.99575 -25.99575 -25.99575 -25.99575 -25.99575 -25.99575
 -25.99575 -25.99575 -25.99575 -25.99575
 -25.87463 -25.87463 -25.87463 -25.87463 -25.87463 -25.87463 -25.87463 -25.87463
 -25.87463 -25.87463 -25.87463 -25.87463
 -25.83009 -25.83009 -25.83009 -25.83009 -25.83009 -25.83009 -25.83009 -25.83009
 -25.83009 -25.83009 -25.83009 -25.83009
 -25.85021 -25.85021 -25.85021 -25.85021 -25.85021 -25.85021 -25.85021 -25.85021
 -25.85021 -25.85021 -25.85021 -25.85021
 -25.91291 -25.91291 -25.91291 -25.91291 -25.91291 -25.91291 -25.91291 -25.91291
 -25.91291 -25.91291 -25.91291 -25.91291
 --------------------/ IGRD= 1  / IPRT= 0  /PLT     / Z1=69   / DATE= 11.01.08
 -74.00000 -74.00000 -74.00000 -74.00000 -74.00000 -74.00000 -74.00000 -74.00000
 -74.00000 -74.00000 -74.00000 -74.00000
 -74.00000 -74.00000 -74.00000 -74.00000 -74.00000 -74.00000 -74.00000 -74.00000
 -74.00000 -74.00000 -74.00000 -74.00000
 -74.00000 -74.00000 -74.00000 -74.00000 -74.00000 -74.00000 -74.00000 -74.00000
 -74.00000 -74.00000 -74.00000 -74.00000
 -74.00000 -74.00000 -74.00000 -74.00000 -74.00000 -74.00000 -74.00000 -74.00000
 -74.00000 -74.00000 -74.00000 -74.00000
 -74.00000 -74.00000 -74.00000 -74.00000 -74.00000 -74.00000 -74.00000 -74.00000
 -74.00000 -74.00000 -74.00000 -74.00000
 -70.55444 -70.55444 -70.55444 -70.55444 -70.55444 -70.55444 -70.55444 -70.55444
 -70.55444 -70.55444 -70.55444 -70.55444
 -50.79168 -50.79168 -50.79168 -50.79168 -50.79168 -50.79168 -50.79168 -50.79168
 -50.79168 -50.79168 -50.79168 -50.79168
 -39.66301 -39.66301 -39.66301 -39.66301 -39.66301 -39.66301 -39.66301 -39.66301
 -39.66301 -39.66301 -39.66301 -39.66301
 -33.41977 -33.41977 -33.41977 -33.41977 -33.41977 -33.41977 -33.41977 -33.41977
 -33.41977 -33.41977 -33.41977 -33.41977
 -29.94085 -29.94085 -29.94085 -29.94085 -29.94085 -29.94085 -29.94085 -29.94085
 -29.94085 -29.94085 -29.94085 -29.94085
 -28.02605 -28.02605 -28.02605 -28.02605 -28.02605 -28.02605 -28.02605 -28.02605
 -28.02605 -28.02605 -28.02605 -28.02605
 -26.99630 -26.99630 -26.99630 -26.99630 -26.99630 -26.99630 -26.99630 -26.99630
 -26.99630 -26.99630 -26.99630 -26.99630
 -26.46729 -26.46729 -26.46729 -26.46729 -26.46729 -26.46729 -26.46729 -26.46729
 -26.46729 -26.46729 -26.46729 -26.46729
 -26.21872 -26.21872 -26.21872 -26.21872 -26.21872 -26.21872 -26.21872 -26.21872
 -26.21872 -26.21872 -26.21872 -26.21872
 -26.09405 -26.09405 -26.09405 -26.09405 -26.09405 -26.09405 -26.09405 -26.09405
 -26.09405 -26.09405 -26.09405 -26.09405
 -25.97373 -25.97373 -25.97373 -25.97373 -25.97373 -25.97373 -25.97373 -25.97373
 -25.97373 -25.97373 -25.97373 -25.97373
 -25.87168 -25.87168 -25.87168 -25.87168 -25.87168 -25.87168 -25.87168 -25.87168
 -25.87168 -25.87168 -25.87168 -25.87168
 -25.83231 -25.83231 -25.83231 -25.83231 -25.83231 -25.83231 -25.83231 -25.83231
 -25.83231 -25.83231 -25.83231 -25.83231
 -25.85303 -25.85303 -25.85303 -25.85303 -25.85303 -25.85303 -25.85303 -25.85303
 -25.85303 -25.85303 -25.85303 -25.85303
 -25.91534 -25.91534 -25.91534 -25.91534 -25.91534 -25.91534 -25.91534 -25.91534
 -25.91534 -25.91534 -25.91534 -25.91534
 --------------------/ IGRD= 1  / IPRT= 0  /PLT     / Z1=70   / DATE= 11.01.08
 -74.00000 -74.00000 -74.00000 -74.00000 -74.00000 -74.00000 -74.00000 -74.00000
 -74.00000 -74.00000 -74.00000 -74.00000
 -74.00000 -74.00000 -74.00000 -74.00000 -74.00000 -74.00000 -74.00000 -74.00000
 -74.00000 -74.00000 -74.00000 -74.00000
 -63.10941 -63.10941 -63.10941 -63.10941 -63.10941 -63.10941 -63.10941 -63.10941
 -63.10941 -63.10941 -63.10941 -63.10941
 -46.75895 -46.75895 -46.75895 -46.75895 -46.75895 -46.75895 -46.75895 -46.75895
 -46.75895 -46.75895 -46.75895 -46.75895
 -37.56107 -37.56107 -37.56107 -37.56107 -37.56107 -37.56107 -37.56107 -37.56107
 -37.56107 -37.56107 -37.56107 -37.56107
 -32.41032 -32.41032 -32.41032 -32.41032 -32.41032 -32.41032 -32.41032 -32.41032
 -32.41032 -32.41032 -32.41032 -32.41032
 -29.54956 -29.54956 -29.54956 -29.54956 -29.54956 -29.54956 -29.54956 -29.54956
 -29.54956 -29.54956 -29.54956 -29.54956
 -27.98455 -27.98455 -27.98455 -27.98455 -27.98455 -27.98455 -27.98455 -27.98455
 -27.98455 -27.98455 -27.98455 -27.98455
 -27.15270 -27.15270 -27.15270 -27.15270 -27.15270 -27.15270 -27.15270 -27.15270
 -27.15270 -27.15270 -27.15270 -27.15270
 -26.73571 -26.73571 -26.73571 -26.73571 -26.73571 -26.73571 -26.73571 -26.73571
 -26.73571 -26.73571 -26.73571 -26.73571
 -26.55345 -26.55345 -26.55345 -26.55345 -26.55345 -26.55345 -26.55345 -26.55345
 -26.55345 -26.55345 -26.55345 -26.55345
 -26.50401 -26.50401 -26.50401 -26.50401 -26.50401 -26.50401 -26.50401 -26.50401
 -26.50401 -26.50401 -26.50401 -26.50401
 -26.52948 -26.52948 -26.52948 -26.52948 -26.52948 -26.52948 -26.52948 -26.52948
 -26.52948 -26.52948 -26.52948 -26.52948
 -26.56360 -26.56360 -26.56360 -26.56360 -26.56360 -26.56360 -26.56360 -26.56360
 -26.56360 -26.56360 -26.56360 -26.56360
 -26.31489 -26.31489 -26.31489 -26.31489 -26.31489 -26.31489 -26.31489 -26.31489
 -26.31489 -26.31489 -26.31489 -26.31489
 -25.90687 -25.90687 -25.90687 -25.90687 -25.90687 -25.90687 -25.90687 -25.90687
 -25.90687 -25.90687 -25.90687 -25.90687
 -25.66383 -25.66383 -25.66383 -25.66383 -25.66383 -25.66383 -25.66383 -25.66383
 -25.66383 -25.66383 -25.66383 -25.66383
 -25.57037 -25.57037 -25.57037 -25.57037 -25.57037 -25.57037 -25.57037 -25.57037
 -25.57037 -25.57037 -25.57037 -25.57037
 -25.56935 -25.56935 -25.56935 -25.56935 -25.56935 -25.56935 -25.56935 -25.56935
 -25.56935 -25.56935 -25.56935 -25.56935
 -25.62203 -25.62203 -25.62203 -25.62203 -25.62203 -25.62203 -25.62203 -25.62203
 -25.62203 -25.62203 -25.62203 -25.62203
 --------------------/ IGRD= 1  / IPRT= 0  /PLT     / Z1=71   / DATE= 11.01.08
 -74.00000 -74.00000 -74.00000 -74.00000 -74.00000 -74.00000 -74.00000 -74.00000
 -74.00000 -74.00000 -74.00000 -74.00000
 -74.00000 -74.00000 -74.00000 -74.00000 -74.00000 -74.00000 -74.00000 -74.00000
 -74.00000 -74.00000 -74.00000 -74.00000
 -53.98110 -53.98110 -53.98110 -53.98110 -53.98110 -53.98110 -53.98110 -53.98110
 -53.98110 -53.98110 -53.98110 -53.98110
 -41.50877 -41.50877 -41.50877 -41.50877 -41.50877 -41.50877 -41.50877 -41.50877
 -41.50877 -41.50877 -41.50877 -41.50877
 -34.50524 -34.50524 -34.50524 -34.50524 -34.50524 -34.50524 -34.50524 -34.50524
 -34.50524 -34.50524 -34.50524 -34.50524
 -30.59613 -30.59613 -30.59613 -30.59613 -30.59613 -30.59613 -30.59613 -30.59613
 -30.59613 -30.59613 -30.59613 -30.59613
 -28.43792 -28.43792 -28.43792 -28.43792 -28.43792 -28.43792 -28.43792 -28.43792
 -28.43792 -28.43792 -28.43792 -28.43792
 -27.27043 -27.27043 -27.27043 -27.27043 -27.27043 -27.27043 -27.27043 -27.27043
 -27.27043 -27.27043 -27.27043 -27.27043
 -26.66352 -26.66352 -26.66352 -26.66352 -26.66352 -26.66352 -26.66352 -26.66352
 -26.66352 -26.66352 -26.66352 -26.66352
 -26.37380 -26.37380 -26.37380 -26.37380 -26.37380 -26.37380 -26.37380 -26.37380
 -26.37380 -26.37380 -26.37380 -26.37380
 -26.26356 -26.26356 -26.26356 -26.26356 -26.26356 -26.26356 -26.26356 -26.26356
 -26.26356 -26.26356 -26.26356 -26.26356
 -26.25486 -26.25486 -26.25486 -26.25486 -26.25486 -26.25486 -26.25486 -26.25486
 -26.25486 -26.25486 -26.25486 -26.25486
 -26.30344 -26.30344 -26.30344 -26.30344 -26.30344 -26.30344 -26.30344 -26.30344
 -26.30344 -26.30344 -26.30344 -26.30344
 -26.36341 -26.36341 -26.36341 -26.36341 -26.36341 -26.36341 -26.36341 -26.36341
 -26.36341 -26.36341 -26.36341 -26.36341
 -26.24505 -26.24505 -26.24505 -26.24505 -26.24505 -26.24505 -26.24505 -26.24505
 -26.24505 -26.24505 -26.24505 -26.24505
 -25.95705 -25.95705 -25.95705 -25.95705 -25.95705 -25.95705 -25.95705 -25.95705
 -25.95705 -25.95705 -25.95705 -25.95705
 -25.76297 -25.76297 -25.76297 -25.76297 -25.76297 -25.76297 -25.76297 -25.76297
 -25.76297 -25.76297 -25.76297 -25.76297
 -25.69115 -25.69115 -25.69115 -25.69115 -25.69115 -25.69115 -25.69115 -25.69115
 -25.69115 -25.69115 -25.69115 -25.69115
 -25.70095 -25.70095 -25.70095 -25.70095 -25.70095 -25.70095 -25.70095 -25.70095
 -25.70095 -25.70095 -25.70095 -25.70095
 -25.75938 -25.75938 -25.75938 -25.75938 -25.75938 -25.75938 -25.75938 -25.75938
 -25.75938 -25.75938 -25.75938 -25.75938
 --------------------/ IGRD= 1  / IPRT= 0  /PLT     / Z1=72   / DATE= 11.01.08
 -74.00000 -74.00000 -74.00000 -74.00000 -74.00000 -74.00000 -74.00000 -74.00000
 -74.00000 -74.00000 -74.00000 -74.00000
 -74.00000 -74.00000 -74.00000 -74.00000 -74.00000 -74.00000 -74.00000 -74.00000
 -74.00000 -74.00000 -74.00000 -74.00000
 -53.10692 -53.10692 -53.10692 -53.10692 -53.10692 -53.10692 -53.10692 -53.10692
 -53.10692 -53.10692 -53.10692 -53.10692
 -40.91096 -40.91096 -40.91096 -40.91096 -40.91096 -40.91096 -40.91096 -40.91096
 -40.91096 -40.91096 -40.91096 -40.91096
 -34.06381 -34.06381 -34.06381 -34.06381 -34.06381 -34.06381 -34.06381 -34.06381
 -34.06381 -34.06381 -34.06381 -34.06381
 -30.24317 -30.24317 -30.24317 -30.24317 -30.24317 -30.24317 -30.24317 -30.24317
 -30.24317 -30.24317 -30.24317 -30.24317
 -28.13503 -28.13503 -28.13503 -28.13503 -28.13503 -28.13503 -28.13503 -28.13503
 -28.13503 -28.13503 -28.13503 -28.13503
 -26.99587 -26.99587 -26.99587 -26.99587 -26.99587 -26.99587 -26.99587 -26.99587
 -26.99587 -26.99587 -26.99587 -26.99587
 -26.40499 -26.40499 -26.40499 -26.40499 -26.40499 -26.40499 -26.40499 -26.40499
 -26.40499 -26.40499 -26.40499 -26.40499
 -26.12434 -26.12434 -26.12434 -26.12434 -26.12434 -26.12434 -26.12434 -26.12434
 -26.12434 -26.12434 -26.12434 -26.12434
 -26.01923 -26.01923 -26.01923 -26.01923 -26.01923 -26.01923 -26.01923 -26.01923
 -26.01923 -26.01923 -26.01923 -26.01923
 -26.01344 -26.01344 -26.01344 -26.01344 -26.01344 -26.01344 -26.01344 -26.01344
 -26.01344 -26.01344 -26.01344 -26.01344
 -26.06386 -26.06386 -26.06386 -26.06386 -26.06386 -26.06386 -26.06386 -26.06386
 -26.06386 -26.06386 -26.06386 -26.06386
 -26.14607 -26.14607 -26.14607 -26.14607 -26.14607 -26.14607 -26.14607 -26.14607
 -26.14607 -26.14607 -26.14607 -26.14607
 -26.24627 -26.24627 -26.24627 -26.24627 -26.24627 -26.24627 -26.24627 -26.24627
 -26.24627 -26.24627 -26.24627 -26.24627
 -26.35133 -26.35133 -26.35133 -26.35133 -26.35133 -26.35133 -26.35133 -26.35133
 -26.35133 -26.35133 -26.35133 -26.35133
 -26.32156 -26.32156 -26.32156 -26.32156 -26.32156 -26.32156 -26.32156 -26.32156
 -26.32156 -26.32156 -26.32156 -26.32156
 -25.98501 -25.98501 -25.98501 -25.98501 -25.98501 -25.98501 -25.98501 -25.98501
 -25.98501 -25.98501 -25.98501 -25.98501
 -25.69657 -25.69657 -25.69657 -25.69657 -25.69657 -25.69657 -25.69657 -25.69657
 -25.69657 -25.69657 -25.69657 -25.69657
 -25.56231 -25.56231 -25.56231 -25.56231 -25.56231 -25.56231 -25.56231 -25.56231
 -25.56231 -25.56231 -25.56231 -25.56231
 --------------------/ IGRD= 1  / IPRT= 0  /PLT     / Z1=73   / DATE= 11.01.08
 -74.00000 -74.00000 -74.00000 -74.00000 -74.00000 -74.00000 -74.00000 -74.00000
 -74.00000 -74.00000 -74.00000 -74.00000
 -74.00000 -74.00000 -74.00000 -74.00000 -74.00000 -74.00000 -74.00000 -74.00000
 -74.00000 -74.00000 -74.00000 -74.00000
 -74.00000 -74.00000 -74.00000 -74.00000 -74.00000 -74.00000 -74.00000 -74.00000
 -74.00000 -74.00000 -74.00000 -74.00000
 -74.00000 -74.00000 -74.00000 -74.00000 -74.00000 -74.00000 -74.00000 -74.00000
 -74.00000 -74.00000 -74.00000 -74.00000
 -74.00000 -74.00000 -74.00000 -74.00000 -74.00000 -74.00000 -74.00000 -74.00000
 -74.00000 -74.00000 -74.00000 -74.00000
 -74.00000 -74.00000 -74.00000 -74.00000 -74.00000 -74.00000 -74.00000 -74.00000
 -74.00000 -74.00000 -74.00000 -74.00000
 -74.00000 -74.00000 -74.00000 -74.00000 -74.00000 -74.00000 -74.00000 -74.00000
 -74.00000 -74.00000 -74.00000 -74.00000
 -74.00000 -74.00000 -74.00000 -74.00000 -74.00000 -74.00000 -74.00000 -74.00000
 -74.00000 -74.00000 -74.00000 -74.00000
 -74.00000 -74.00000 -74.00000 -74.00000 -74.00000 -74.00000 -74.00000 -74.00000
 -74.00000 -74.00000 -74.00000 -74.00000
 -74.00000 -74.00000 -74.00000 -74.00000 -74.00000 -74.00000 -74.00000 -74.00000
 -74.00000 -74.00000 -74.00000 -74.00000
 -74.00000 -74.00000 -74.00000 -74.00000 -74.00000 -74.00000 -74.00000 -74.00000
 -74.00000 -74.00000 -74.00000 -74.00000
 -74.00000 -74.00000 -74.00000 -74.00000 -74.00000 -74.00000 -74.00000 -74.00000
 -74.00000 -74.00000 -74.00000 -74.00000
 -53.76825 -53.76825 -53.76825 -53.76825 -53.76825 -53.76825 -53.76825 -53.76825
 -53.76825 -53.76825 -53.76825 -53.76825
 -41.66098 -41.66098 -41.66098 -41.66098 -41.66098 -41.66098 -41.66098 -41.66098
 -41.66098 -41.66098 -41.66098 -41.66098
 -34.86131 -34.86131 -34.86131 -34.86131 -34.86131 -34.86131 -34.86131 -34.86131
 -34.86131 -34.86131 -34.86131 -34.86131
 -31.05625 -31.05625 -31.05625 -31.05625 -31.05625 -31.05625 -31.05625 -31.05625
 -31.05625 -31.05625 -31.05625 -31.05625
 -28.93870 -28.93870 -28.93870 -28.93870 -28.93870 -28.93870 -28.93870 -28.93870
 -28.93870 -28.93870 -28.93870 -28.93870
 -27.77918 -27.77918 -27.77918 -27.77918 -27.77918 -27.77918 -27.77918 -27.77918
 -27.77918 -27.77918 -27.77918 -27.77918
 -27.16873 -27.16873 -27.16873 -27.16873 -27.16873 -27.16873 -27.16873 -27.16873
 -27.16873 -27.16873 -27.16873 -27.16873
 -26.87365 -26.87365 -26.87365 -26.87365 -26.87365 -26.87365 -26.87365 -26.87365
 -26.87365 -26.87365 -26.87365 -26.87365
 --------------------/ IGRD= 1  / IPRT= 0  /PLT     / Z1=74   / DATE= 11.01.08
 -74.00000 -74.00000 -74.00000 -74.00000 -74.00000 -74.00000 -74.00000 -74.00000
 -74.00000 -74.00000 -74.00000 -74.00000
 -74.00000 -74.00000 -74.00000 -74.00000 -74.00000 -74.00000 -74.00000 -74.00000
 -74.00000 -74.00000 -74.00000 -74.00000
 -74.00000 -74.00000 -74.00000 -74.00000 -74.00000 -74.00000 -74.00000 -74.00000
 -74.00000 -74.00000 -74.00000 -74.00000
 -74.00000 -74.00000 -74.00000 -74.00000 -74.00000 -74.00000 -74.00000 -74.00000
 -74.00000 -74.00000 -74.00000 -74.00000
 -74.00000 -74.00000 -74.00000 -74.00000 -74.00000 -74.00000 -74.00000 -74.00000
 -74.00000 -74.00000 -74.00000 -74.00000
 -74.00000 -74.00000 -74.00000 -74.00000 -74.00000 -74.00000 -74.00000 -74.00000
 -74.00000 -74.00000 -74.00000 -74.00000
 -74.00000 -74.00000 -74.00000 -74.00000 -74.00000 -74.00000 -74.00000 -74.00000
 -74.00000 -74.00000 -74.00000 -74.00000
 -74.00000 -74.00000 -74.00000 -74.00000 -74.00000 -74.00000 -74.00000 -74.00000
 -74.00000 -74.00000 -74.00000 -74.00000
 -74.00000 -74.00000 -74.00000 -74.00000 -74.00000 -74.00000 -74.00000 -74.00000
 -74.00000 -74.00000 -74.00000 -74.00000
 -74.00000 -74.00000 -74.00000 -74.00000 -74.00000 -74.00000 -74.00000 -74.00000
 -74.00000 -74.00000 -74.00000 -74.00000
 -74.00000 -74.00000 -74.00000 -74.00000 -74.00000 -74.00000 -74.00000 -74.00000
 -74.00000 -74.00000 -74.00000 -74.00000
 -74.00000 -74.00000 -74.00000 -74.00000 -74.00000 -74.00000 -74.00000 -74.00000
 -74.00000 -74.00000 -74.00000 -74.00000
 -54.46952 -54.46952 -54.46952 -54.46952 -54.46952 -54.46952 -54.46952 -54.46952
 -54.46952 -54.46952 -54.46952 -54.46952
 -42.18704 -42.18704 -42.18704 -42.18704 -42.18704 -42.18704 -42.18704 -42.18704
 -42.18704 -42.18704 -42.18704 -42.18704
 -35.28853 -35.28853 -35.28853 -35.28853 -35.28853 -35.28853 -35.28853 -35.28853
 -35.28853 -35.28853 -35.28853 -35.28853
 -31.42833 -31.42833 -31.42833 -31.42833 -31.42833 -31.42833 -31.42833 -31.42833
 -31.42833 -31.42833 -31.42833 -31.42833
 -29.28027 -29.28027 -29.28027 -29.28027 -29.28027 -29.28027 -29.28027 -29.28027
 -29.28027 -29.28027 -29.28027 -29.28027
 -28.10369 -28.10369 -28.10369 -28.10369 -28.10369 -28.10369 -28.10369 -28.10369
 -28.10369 -28.10369 -28.10369 -28.10369
 -27.48358 -27.48358 -27.48358 -27.48358 -27.48358 -27.48358 -27.48358 -27.48358
 -27.48358 -27.48358 -27.48358 -27.48358
 -27.18300 -27.18300 -27.18300 -27.18300 -27.18300 -27.18300 -27.18300 -27.18300
 -27.18300 -27.18300 -27.18300 -27.18300
C-------------------------------------------------------------------------------
C
C  Generate total line power from : 
C     /home/adas/adas/adf03/atompars/atompars_arf#w.dat
C
C  CODE     : ADAS408
C  PRODUCER : Adam Foster                   
C  DATE     : 11.01.08
C
C  This file was used at JET and in SOLPS under the name plt89_w_01.dat
C  but was not in central ADAS. Although more sophisticated methods of
C  choosing the configurations for the adf04 files, which are the basis of
C  the coefficients in the adf03 file, have been developed this version
C  of the adf11 plt file is chosen for ADAS for data provenance 
C  considerations. Better plt data for tungsten within ADAS should be
C  preferred for modelling application.
C
C  Martin O'Mullane
C  14-06-2019
C 
C-------------------------------------------------------------------------------

C-----------------------------------------------------------------------
C                               OPEN-ADAS
C                               +++++++++
C
C This file has been downloaded from OPEN-ADAS (http://open.adas.ac.uk)
C on 21-Jul-2026.
C
C TERMS AND CONDITIONS
C --------------------
C
C The user of the OPEN-ADAS system and data (hereinafter "the User")
C accepts the following terms and conditions:
C
C   1. The University of Strathclyde uses all reasonable endeavours to
C      ensure the accuracy of the data provided and any information
C      given, but the University makes no warranty, expressed or implied
C      as to its accuracy, integrity, fitness for purpose and shall not
C      be responsible for the use to which the data is put by the User
C      and/or any consequences arising out of any inaccuracies or
C      omissions.
C
C   2. Any downloaded OPEN-ADAS file is made available for the
C      personal use of the User only.  It must not be used for any
C      commercial application, incorporated into any web site or in
C      any form re-distributed without express prior written permission
C      from the ADAS Project. In particular, but not by way of
C      limitation, it must not be:
C        *  inserted into a managed database structure,
C        *  redistributed along with a modelling or analysis code,
C        *  made available on a public website.
C
C Permission for OPEN-ADAS data incorporation in non-commercial
C code/system development for scientific advance will not be
C unreasonably withheld, but will be subject to written agreement
C on a case by case basis.
C
C The User will indemnify the University of Strathclyde and keep it
C fully and effectively indemnified against each and every claim made
C against the University as a result of the User's use of the data.
C
C-----------------------------------------------------------------------
