   74   12   20    1   74     /TUNGSTEN           /ABELS-VAN MAANEN 1985   ADF11
 -------------------------------------------------------------------------------
   9.00000   9.54545  10.09091  10.63636  11.18182  11.72727  12.27273  12.81818
  13.36364  13.90909  14.45455  15.00000
   0.00000   0.24731   0.49463   0.74194   0.98926   1.23657   1.48389   1.73120
   1.97851   2.22583   2.47314   2.72046   2.96777   3.21508   3.46240   3.70971
   3.95703   4.20434   4.45166   4.69897
 --------------------/ IPRT= 1  / IGRD= 1  /PRB CALC/ Z1= 1   / DATE= 11.01.08
 -31.20272 -31.20563 -31.20964 -31.21543 -31.22421 -31.22421 -31.22421 -31.22421
 -31.22421 -31.22421 -31.22421 -31.22421
 -31.22561 -31.22791 -31.23109 -31.23565 -31.24256 -31.24256 -31.24256 -31.24256
 -31.24256 -31.24256 -31.24256 -31.24256
 -31.21055 -31.21348 -31.21579 -31.21910 -31.22409 -31.22409 -31.22409 -31.22409
 -31.22409 -31.22409 -31.22409 -31.22409
 -31.16092 -31.16176 -31.16443 -31.16664 -31.16996 -31.16996 -31.16996 -31.16996
 -31.16996 -31.16996 -31.16996 -31.16996
 -31.08359 -31.08412 -31.08483 -31.08719 -31.08926 -31.08926 -31.08926 -31.08926
 -31.08926 -31.08926 -31.08926 -31.08926
 -30.98976 -30.99033 -30.99076 -30.99135 -30.99218 -30.99344 -30.99344 -30.99344
 -30.99344 -30.99344 -30.99344 -30.99344
 -30.88631 -30.88664 -30.88690 -30.88724 -30.88774 -30.88848 -30.88848 -30.88848
 -30.88848 -30.88848 -30.88848 -30.88848
 -30.77725 -30.77734 -30.77760 -30.77780 -30.77809 -30.77852 -30.77852 -30.77852
 -30.77852 -30.77852 -30.77852 -30.77852
 -30.66851 -30.66860 -30.66866 -30.66887 -30.66904 -30.66929 -30.66929 -30.66929
 -30.66929 -30.66929 -30.66929 -30.66929
 -30.56249 -30.56251 -30.56258 -30.56263 -30.56270 -30.56280 -30.56295 -30.56295
 -30.56295 -30.56295 -30.56295 -30.56295
 -30.45528 -30.45531 -30.45535 -30.45538 -30.45542 -30.45548 -30.45557 -30.45557
 -30.45557 -30.45557 -30.45557 -30.45557
 -30.34660 -30.34662 -30.34663 -30.34666 -30.34668 -30.34672 -30.34677 -30.34677
 -30.34677 -30.34677 -30.34677 -30.34677
 -30.23525 -30.23526 -30.23527 -30.23528 -30.23530 -30.23532 -30.23535 -30.23535
 -30.23535 -30.23535 -30.23535 -30.23535
 -30.12304 -30.12305 -30.12305 -30.12306 -30.12306 -30.12308 -30.12308 -30.12310
 -30.12310 -30.12310 -30.12310 -30.12310
 -30.00843 -30.00843 -30.00843 -30.00844 -30.00844 -30.00845 -30.00845 -30.00846
 -30.00846 -30.00846 -30.00846 -30.00846
 -29.89239 -29.89239 -29.89240 -29.89240 -29.89240 -29.89240 -29.89241 -29.89241
 -29.89241 -29.89241 -29.89241 -29.89241
 -29.77426 -29.77426 -29.77426 -29.77426 -29.77426 -29.77426 -29.77426 -29.77427
 -29.77427 -29.77427 -29.77427 -29.77427
 -29.65494 -29.65494 -29.65494 -29.65494 -29.65494 -29.65494 -29.65494 -29.65494
 -29.65494 -29.65494 -29.65494 -29.65494
 -29.53520 -29.53520 -29.53520 -29.53520 -29.53520 -29.53520 -29.53520 -29.53520
 -29.53520 -29.53520 -29.53520 -29.53520
 -29.41493 -29.41493 -29.41493 -29.41493 -29.41493 -29.41493 -29.41493 -29.41494
 -29.41494 -29.41494 -29.41494 -29.41494
 --------------------/ IPRT= 1  / IGRD= 1  /PRB CALC/ Z1= 2   / DATE= 11.01.08
 -30.32929 -30.33268 -30.33785 -30.34636 -30.35288 -30.36197 -30.37524 -30.39582
 -30.39583 -30.39584 -30.39585 -30.39585
 -30.26409 -30.28411 -30.30380 -30.32094 -30.34222 -30.36064 -30.38108 -30.40617
 -30.41438 -30.42145 -30.42750 -30.43267
 -29.29336 -29.35709 -29.42137 -29.48600 -29.55037 -29.61540 -29.67971 -29.74417
 -29.80488 -29.86382 -29.92067 -29.97515
 -28.58526 -28.65275 -28.72145 -28.79116 -28.86164 -28.93274 -29.00431 -29.07622
 -29.14844 -29.22009 -29.29144 -29.36230
 -28.15988 -28.22761 -28.29669 -28.36694 -28.43817 -28.51019 -28.58287 -28.65608
 -28.72972 -28.80346 -28.87731 -28.95114
 -27.91123 -27.97874 -28.04768 -28.11785 -28.18906 -28.26116 -28.33397 -28.40738
 -28.48127 -28.55543 -28.62982 -28.70432
 -27.86980 -27.93691 -28.00550 -28.07534 -28.14626 -28.21808 -28.29064 -28.36379
 -28.43742 -28.51134 -28.58547 -28.65970
 -27.98674 -28.05328 -28.12131 -28.19059 -28.26093 -28.33214 -28.40404 -28.47649
 -28.54932 -28.62234 -28.69543 -28.76847
 -28.20162 -28.26723 -28.33428 -28.40250 -28.47167 -28.54157 -28.61200 -28.68274
 -28.75361 -28.82443 -28.89491 -28.96491
 -28.46984 -28.53362 -28.59861 -28.66451 -28.73103 -28.79791 -28.86483 -28.93155
 -28.99777 -29.06323 -29.12753 -29.19046
 -28.75693 -28.81663 -28.87696 -28.93754 -28.99797 -29.05788 -29.11690 -29.17465
 -29.23077 -29.28495 -29.33674 -29.38593
 -29.02616 -29.07716 -29.12770 -29.17734 -29.22563 -29.27218 -29.31662 -29.35869
 -29.39810 -29.43471 -29.46828 -29.49885
 -29.22898 -29.26516 -29.29984 -29.33269 -29.36347 -29.39198 -29.41812 -29.44184
 -29.46318 -29.48222 -29.49909 -29.51383
 -29.32403 -29.34373 -29.36193 -29.37857 -29.39362 -29.40710 -29.41907 -29.42960
 -29.43881 -29.44682 -29.45377 -29.45969
 -29.31571 -29.32413 -29.33174 -29.33855 -29.34459 -29.34989 -29.35452 -29.35855
 -29.36202 -29.36501 -29.36758 -29.36974
 -29.24581 -29.24894 -29.25175 -29.25423 -29.25642 -29.25833 -29.25999 -29.26142
 -29.26266 -29.26372 -29.26464 -29.26539
 -29.14737 -29.14846 -29.14944 -29.15030 -29.15106 -29.15172 -29.15229 -29.15279
 -29.15321 -29.15359 -29.15389 -29.15417
 -29.03732 -29.03769 -29.03802 -29.03831 -29.03857 -29.03880 -29.03899 -29.03916
 -29.03931 -29.03943 -29.03954 -29.03964
 -28.92181 -28.92193 -28.92204 -28.92214 -28.92223 -28.92231 -28.92237 -28.92243
 -28.92248 -28.92252 -28.92256 -28.92260
 -28.80347 -28.80351 -28.80355 -28.80358 -28.80361 -28.80364 -28.80366 -28.80368
 -28.80370 -28.80371 -28.80373 -28.80374
 --------------------/ IPRT= 1  / IGRD= 1  /PRB CALC/ Z1= 3   / DATE= 11.01.08
 -29.69632 -29.69965 -29.70320 -29.70830 -29.71598 -29.72829 -29.73887 -29.75345
 -29.77424 -29.80556 -29.85740 -29.86341
 -28.84411 -28.84885 -28.85554 -28.86474 -28.87757 -28.89475 -28.91893 -28.95032
 -28.99141 -29.04414 -29.11084 -29.18218
 -28.01725 -28.02368 -28.03171 -28.04206 -28.05571 -28.07392 -28.09815 -28.13035
 -28.17220 -28.22559 -28.29127 -28.37102
 -27.60416 -27.61778 -27.63207 -27.64769 -27.66557 -27.68693 -27.71323 -27.74625
 -27.78798 -27.84018 -27.90419 -27.98121
 -27.33883 -27.36711 -27.39507 -27.42309 -27.45187 -27.48241 -27.51603 -27.55436
 -27.59925 -27.65254 -27.71583 -27.79011
 -27.16449 -27.20634 -27.24790 -27.28921 -27.33057 -27.37255 -27.41607 -27.46237
 -27.51298 -27.56954 -27.63354 -27.70599
 -27.14747 -27.19624 -27.24515 -27.29407 -27.34305 -27.39235 -27.44254 -27.49450
 -27.54940 -27.60856 -27.67330 -27.74459
 -27.27274 -27.32449 -27.37671 -27.42919 -27.48185 -27.53481 -27.58841 -27.64327
 -27.70034 -27.76068 -27.82547 -27.89554
 -27.49269 -27.54556 -27.59911 -27.65306 -27.70728 -27.76178 -27.81677 -27.87273
 -27.93037 -27.99063 -28.05454 -28.12293
 -27.76806 -27.82093 -27.87454 -27.92861 -27.98293 -28.03745 -28.09227 -28.14775
 -28.20444 -28.26312 -28.32466 -28.38981
 -28.07008 -28.12163 -28.17383 -28.22635 -28.27893 -28.33145 -28.38391 -28.43650
 -28.48967 -28.54395 -28.60000 -28.65836
 -28.37179 -28.41949 -28.46744 -28.51525 -28.56262 -28.60932 -28.65528 -28.70056
 -28.74536 -28.79008 -28.83501 -28.88046
 -28.63663 -28.67587 -28.71458 -28.75240 -28.78902 -28.82424 -28.85794 -28.89016
 -28.92100 -28.95066 -28.97945 -29.00724
 -28.81646 -28.84242 -28.86731 -28.89089 -28.91301 -28.93358 -28.95263 -28.97021
 -28.98648 -29.00157 -29.01566 -29.02889
 -28.88106 -28.89412 -28.90630 -28.91753 -28.92780 -28.93711 -28.94551 -28.95308
 -28.95991 -28.96614 -28.97181 -28.97704
 -28.85191 -28.85720 -28.86206 -28.86649 -28.87048 -28.87405 -28.87724 -28.88007
 -28.88261 -28.88490 -28.88696 -28.88885
 -28.77154 -28.77345 -28.77519 -28.77678 -28.77820 -28.77946 -28.78059 -28.78158
 -28.78247 -28.78327 -28.78399 -28.78465
 -28.67003 -28.67069 -28.67129 -28.67183 -28.67232 -28.67275 -28.67314 -28.67348
 -28.67379 -28.67406 -28.67431 -28.67453
 -28.55895 -28.55917 -28.55937 -28.55956 -28.55972 -28.55987 -28.56000 -28.56012
 -28.56022 -28.56031 -28.56040 -28.56048
 -28.44386 -28.44393 -28.44400 -28.44406 -28.44412 -28.44417 -28.44421 -28.44425
 -28.44429 -28.44432 -28.44435 -28.44437
 --------------------/ IPRT= 1  / IGRD= 1  /PRB CALC/ Z1= 4   / DATE= 11.01.08
 -29.28936 -29.29187 -29.29486 -29.29779 -29.30472 -29.31250 -29.31808 -29.33539
 -29.34947 -29.37033 -29.40344 -29.46178
 -29.12438 -29.12623 -29.12889 -29.13284 -29.13759 -29.14445 -29.15465 -29.16548
 -29.18754 -29.21129 -29.24553 -29.26678
 -28.19245 -28.19623 -28.20061 -28.20576 -28.21228 -28.22065 -28.23152 -28.24641
 -28.26606 -28.29236 -28.32717 -28.37254
 -27.57993 -27.59412 -27.60793 -27.62160 -27.63550 -27.65022 -27.66654 -27.68553
 -27.70843 -27.73693 -27.77287 -27.81822
 -27.15585 -27.19079 -27.22507 -27.25854 -27.29123 -27.32335 -27.35537 -27.38806
 -27.42254 -27.46019 -27.50275 -27.55210
 -26.86634 -26.91489 -26.96382 -27.01278 -27.06151 -27.10987 -27.15789 -27.20584
 -27.25426 -27.30407 -27.35641 -27.41275
 -26.78948 -26.84288 -26.89737 -26.95260 -27.00825 -27.06408 -27.11994 -27.17586
 -27.23204 -27.28897 -27.34741 -27.40834
 -26.88514 -26.94007 -26.99645 -27.05393 -27.11220 -27.17097 -27.23005 -27.28934
 -27.34893 -27.40906 -27.47025 -27.53322
 -27.09008 -27.14531 -27.20215 -27.26029 -27.31940 -27.37918 -27.43940 -27.49992
 -27.56071 -27.62195 -27.68395 -27.74728
 -27.35837 -27.41317 -27.46966 -27.52751 -27.58638 -27.64596 -27.70600 -27.76627
 -27.82673 -27.88742 -27.94855 -28.01055
 -27.65929 -27.71278 -27.76789 -27.82426 -27.88153 -27.93935 -27.99741 -28.05546
 -28.11334 -28.17099 -28.22851 -28.28625
 -27.96770 -28.01804 -28.06963 -28.12208 -28.17496 -28.22787 -28.28044 -28.33234
 -28.38330 -28.43324 -28.48205 -28.52985
 -28.25192 -28.29522 -28.33898 -28.38271 -28.42599 -28.46837 -28.50947 -28.54899
 -28.58671 -28.62252 -28.65635 -28.68828
 -28.46605 -28.49703 -28.52751 -28.55709 -28.58547 -28.61235 -28.63754 -28.66091
 -28.68242 -28.70206 -28.72002 -28.73632
 -28.57005 -28.58704 -28.60327 -28.61855 -28.63277 -28.64584 -28.65773 -28.66845
 -28.67805 -28.68661 -28.69420 -28.70102
 -28.56835 -28.57565 -28.58249 -28.58881 -28.59459 -28.59982 -28.60450 -28.60866
 -28.61234 -28.61559 -28.61843 -28.62094
 -28.50240 -28.50511 -28.50763 -28.50994 -28.51205 -28.51394 -28.51562 -28.51711
 -28.51842 -28.51958 -28.52059 -28.52148
 -28.40656 -28.40750 -28.40838 -28.40918 -28.40991 -28.41056 -28.41114 -28.41166
 -28.41211 -28.41251 -28.41286 -28.41318
 -28.29940 -28.29972 -28.30001 -28.30029 -28.30053 -28.30075 -28.30095 -28.30113
 -28.30129 -28.30142 -28.30154 -28.30165
 -28.18635 -28.18646 -28.18656 -28.18665 -28.18673 -28.18681 -28.18687 -28.18693
 -28.18699 -28.18703 -28.18708 -28.18711
 --------------------/ IPRT= 1  / IGRD= 1  /PRB CALC/ Z1= 5   / DATE= 11.01.08
 -28.94987 -28.94987 -28.95266 -28.95600 -28.95927 -28.96392 -28.97087 -28.98199
 -28.99024 -29.01739 -29.04109 -29.07907
 -29.06058 -29.06058 -29.06249 -29.06530 -29.06972 -29.07423 -29.08098 -29.09175
 -29.09974 -29.11062 -29.14887 -29.18543
 -29.11277 -29.11873 -29.12521 -29.13230 -29.14007 -29.14739 -29.15920 -29.16660
 -29.18214 -29.19452 -29.21077 -29.23366
 -28.30129 -28.35093 -28.40133 -28.45236 -28.50341 -28.55400 -28.60410 -28.65379
 -28.70363 -28.75170 -28.79990 -28.84952
 -27.28386 -27.33865 -27.39508 -27.45283 -27.51152 -27.57084 -27.63053 -27.69035
 -27.75008 -27.81003 -27.87007 -27.93083
 -26.74870 -26.80260 -26.85815 -26.91500 -26.97278 -27.03117 -27.08986 -27.14863
 -27.20735 -27.26603 -27.32496 -27.38449
 -26.57568 -26.62785 -26.68153 -26.73635 -26.79195 -26.84795 -26.90407 -26.96005
 -27.01579 -27.07134 -27.12695 -27.18315
 -26.62564 -26.67614 -26.72803 -26.78094 -26.83447 -26.88826 -26.94199 -26.99543
 -27.04845 -27.10114 -27.15375 -27.20689
 -26.80692 -26.85605 -26.90652 -26.95793 -27.00989 -27.06201 -27.11397 -27.16552
 -27.21654 -27.26708 -27.31746 -27.36820
 -27.06331 -27.11125 -27.16050 -27.21065 -27.26129 -27.31205 -27.36256 -27.41257
 -27.46195 -27.51072 -27.55913 -27.60776
 -27.35970 -27.40623 -27.45401 -27.50262 -27.55164 -27.60067 -27.64935 -27.69739
 -27.74464 -27.79108 -27.83690 -27.88255
 -27.67002 -27.71410 -27.75923 -27.80496 -27.85087 -27.89653 -27.94158 -27.98570
 -28.02870 -28.07055 -28.11138 -28.15149
 -27.96479 -28.00370 -28.04315 -28.08269 -28.12190 -28.16035 -28.19770 -28.23367
 -28.26808 -28.30089 -28.33215 -28.36222
 -28.19974 -28.22898 -28.25803 -28.28652 -28.31409 -28.34047 -28.36543 -28.38880
 -28.41056 -28.43067 -28.44932 -28.46672
 -28.32895 -28.34594 -28.36240 -28.37811 -28.39291 -28.40670 -28.41940 -28.43099
 -28.44149 -28.45099 -28.45958 -28.46735
 -28.34718 -28.35480 -28.36205 -28.36885 -28.37514 -28.38090 -28.38613 -28.39083
 -28.39504 -28.39879 -28.40212 -28.40514
 -28.29202 -28.29491 -28.29764 -28.30018 -28.30252 -28.30465 -28.30657 -28.30828
 -28.30981 -28.31116 -28.31237 -28.31346
 -28.20155 -28.20256 -28.20351 -28.20440 -28.20521 -28.20596 -28.20662 -28.20722
 -28.20776 -28.20823 -28.20865 -28.20903
 -28.09652 -28.09686 -28.09719 -28.09749 -28.09777 -28.09802 -28.09825 -28.09845
 -28.09864 -28.09880 -28.09894 -28.09908
 -27.98562 -27.98573 -27.98584 -27.98594 -27.98603 -27.98612 -27.98620 -27.98626
 -27.98633 -27.98638 -27.98643 -27.98648
 --------------------/ IPRT= 1  / IGRD= 1  /PRB CALC/ Z1= 6   / DATE= 11.01.08
 -28.66625 -28.66625 -28.66687 -28.66926 -28.67287 -28.67868 -28.68479 -28.69422
 -28.70101 -28.72222 -28.73959 -28.76558
 -28.78028 -28.78028 -28.78028 -28.78235 -28.78541 -28.79021 -28.79512 -28.80248
 -28.81425 -28.82301 -28.85188 -28.87718
 -28.88556 -28.88575 -28.88593 -28.88807 -28.89115 -28.89409 -28.90072 -28.90788
 -28.91925 -28.92771 -28.93920 -28.95544
 -28.42473 -28.46188 -28.49882 -28.53551 -28.57168 -28.60712 -28.64109 -28.67419
 -28.70707 -28.74131 -28.77266 -28.80535
 -27.15636 -27.20528 -27.25549 -27.30657 -27.35812 -27.40974 -27.46109 -27.51185
 -27.56190 -27.61104 -27.65988 -27.70836
 -26.51598 -26.56304 -26.61125 -26.66019 -26.70944 -26.75859 -26.80728 -26.85523
 -26.90228 -26.94842 -26.99383 -27.03909
 -26.30283 -26.34790 -26.39399 -26.44067 -26.48752 -26.53411 -26.58009 -26.62520
 -26.66927 -26.71233 -26.75460 -26.79658
 -26.33562 -26.37912 -26.42357 -26.46854 -26.51358 -26.55830 -26.60234 -26.64542
 -26.68740 -26.72828 -26.76833 -26.80800
 -26.50934 -26.55167 -26.59493 -26.63869 -26.68251 -26.72598 -26.76875 -26.81053
 -26.85116 -26.89066 -26.92925 -26.96737
 -26.76296 -26.80434 -26.84667 -26.88950 -26.93241 -26.97499 -27.01685 -27.05771
 -27.09742 -27.13594 -27.17344 -27.21039
 -27.05986 -27.10022 -27.14153 -27.18335 -27.22525 -27.26681 -27.30765 -27.34748
 -27.38610 -27.42347 -27.45974 -27.49525
 -27.37481 -27.41351 -27.45308 -27.49309 -27.53310 -27.57270 -27.61151 -27.64921
 -27.68562 -27.72067 -27.75443 -27.78727
 -27.68210 -27.71729 -27.75309 -27.78907 -27.82479 -27.85986 -27.89392 -27.92671
 -27.95802 -27.98780 -28.01614 -28.04328
 -27.94254 -27.97061 -27.99878 -28.02665 -28.05388 -28.08014 -28.10518 -28.12882
 -28.15095 -28.17156 -28.19076 -28.20867
 -28.10598 -28.12362 -28.14095 -28.15773 -28.17374 -28.18882 -28.20287 -28.21584
 -28.22769 -28.23849 -28.24832 -28.25732
 -28.15331 -28.16175 -28.16990 -28.17765 -28.18491 -28.19163 -28.19780 -28.20340
 -28.20845 -28.21298 -28.21705 -28.22073
 -28.11415 -28.11747 -28.12064 -28.12363 -28.12641 -28.12896 -28.13129 -28.13339
 -28.13528 -28.13696 -28.13846 -28.13981
 -28.03157 -28.03275 -28.03387 -28.03493 -28.03591 -28.03682 -28.03764 -28.03838
 -28.03904 -28.03964 -28.04017 -28.04065
 -27.92941 -27.92981 -27.93019 -27.93055 -27.93089 -27.93119 -27.93147 -27.93173
 -27.93196 -27.93216 -27.93235 -27.93251
 -27.82060 -27.82073 -27.82086 -27.82098 -27.82110 -27.82120 -27.82130 -27.82138
 -27.82146 -27.82153 -27.82160 -27.82165
 --------------------/ IPRT= 1  / IGRD= 1  /PRB CALC/ Z1= 7   / DATE= 11.01.08
 -28.27885 -28.27885 -28.27885 -28.27986 -28.28193 -28.28510 -28.28826 -28.29286
 -28.29993 -28.31165 -28.32068 -28.33338
 -28.39715 -28.39715 -28.39715 -28.39762 -28.39941 -28.40211 -28.40644 -28.41098
 -28.41796 -28.42296 -28.43844 -28.45096
 -28.51080 -28.51087 -28.51093 -28.51099 -28.51259 -28.51493 -28.51855 -28.52225
 -28.52774 -28.53645 -28.54289 -28.56383
 -28.24190 -28.27162 -28.30091 -28.32940 -28.35755 -28.38479 -28.41128 -28.43624
 -28.46069 -28.48570 -28.50774 -28.52995
 -26.97048 -27.01924 -27.06973 -27.12155 -27.17432 -27.22763 -27.28108 -27.33427
 -27.38691 -27.43882 -27.48999 -27.54010
 -26.27725 -26.32419 -26.37273 -26.42246 -26.47297 -26.52382 -26.57460 -26.62494
 -26.67451 -26.72312 -26.77064 -26.81727
 -26.03369 -26.07857 -26.12489 -26.17224 -26.22018 -26.26827 -26.31608 -26.36325
 -26.40948 -26.45455 -26.49843 -26.54128
 -26.04968 -26.09295 -26.13758 -26.18314 -26.22920 -26.27530 -26.32104 -26.36603
 -26.40997 -26.45269 -26.49413 -26.53444
 -26.21421 -26.25628 -26.29968 -26.34399 -26.38877 -26.43357 -26.47796 -26.52158
 -26.56412 -26.60539 -26.64533 -26.68410
 -26.46311 -26.50422 -26.54668 -26.59005 -26.63391 -26.67779 -26.72129 -26.76400
 -26.80563 -26.84597 -26.88495 -26.92270
 -26.75852 -26.79868 -26.84020 -26.88265 -26.92559 -26.96857 -27.01117 -27.05300
 -27.09374 -27.13315 -27.17118 -27.20787
 -27.07582 -27.11461 -27.15471 -27.19571 -27.23715 -27.27858 -27.31959 -27.35977
 -27.39881 -27.43646 -27.47263 -27.50738
 -27.39285 -27.42896 -27.46617 -27.50407 -27.54219 -27.58012 -27.61742 -27.65372
 -27.68871 -27.72219 -27.75404 -27.78431
 -27.67759 -27.70807 -27.73916 -27.77046 -27.80155 -27.83203 -27.86157 -27.88986
 -27.91666 -27.94184 -27.96535 -27.98727
 -27.88126 -27.90227 -27.92329 -27.94402 -27.96417 -27.98348 -28.00175 -28.01884
 -28.03465 -28.04917 -28.06241 -28.07447
 -27.96774 -27.97871 -27.98947 -27.99986 -28.00976 -28.01904 -28.02766 -28.03557
 -28.04275 -28.04922 -28.05502 -28.06023
 -27.95407 -27.95862 -27.96303 -27.96724 -27.97121 -27.97490 -27.97828 -27.98136
 -27.98413 -27.98662 -27.98883 -27.99080
 -27.88309 -27.88475 -27.88635 -27.88787 -27.88930 -27.89062 -27.89184 -27.89294
 -27.89393 -27.89482 -27.89560 -27.89631
 -27.78681 -27.78738 -27.78793 -27.78845 -27.78894 -27.78940 -27.78982 -27.79020
 -27.79054 -27.79085 -27.79113 -27.79137
 -27.67960 -27.67979 -27.67998 -27.68015 -27.68032 -27.68047 -27.68061 -27.68074
 -27.68086 -27.68097 -27.68106 -27.68115
 --------------------/ IPRT= 1  / IGRD= 1  /PRB CALC/ Z1= 8   / DATE= 11.01.08
 -28.11140 -28.11140 -28.11140 -28.11140 -28.11327 -28.11602 -28.12033 -28.12475
 -28.13135 -28.14188 -28.14969 -28.16032
 -28.23032 -28.23032 -28.23032 -28.23032 -28.23148 -28.23385 -28.23750 -28.24114
 -28.25005 -28.25460 -28.26818 -28.27868
 -28.34564 -28.34564 -28.34564 -28.34564 -28.34617 -28.34909 -28.35129 -28.35624
 -28.36143 -28.36943 -28.38274 -28.39302
 -28.45471 -28.45471 -28.45471 -28.45471 -28.45471 -28.45721 -28.46018 -28.46309
 -28.46998 -28.47771 -28.48324 -28.50045
 -28.55330 -28.55330 -28.55330 -28.55330 -28.55330 -28.55495 -28.55738 -28.56120
 -28.56510 -28.57091 -28.58018 -28.58703
 -28.63495 -28.63495 -28.63495 -28.63495 -28.63495 -28.63589 -28.63865 -28.64077
 -28.64565 -28.65091 -28.65458 -28.66546
 -28.69107 -28.69107 -28.69107 -28.69107 -28.69107 -28.69187 -28.69352 -28.69605
 -28.69857 -28.70222 -28.70782 -28.71706
 -28.71220 -28.71220 -28.71220 -28.71220 -28.71220 -28.71250 -28.71364 -28.71536
 -28.71811 -28.72098 -28.72537 -28.72850
 -28.69156 -28.69156 -28.69156 -28.69156 -28.69156 -28.69156 -28.69228 -28.69335
 -28.69502 -28.69671 -28.69922 -28.70318
 -28.63711 -28.63711 -28.63711 -28.63711 -28.63711 -28.63711 -28.63759 -28.63830
 -28.63941 -28.64053 -28.64219 -28.64479
 -28.55370 -28.55370 -28.55370 -28.55370 -28.55370 -28.55370 -28.55389 -28.55427
 -28.55486 -28.55544 -28.55628 -28.55755
 -28.45142 -28.45142 -28.45142 -28.45142 -28.45142 -28.45142 -28.45147 -28.45167
 -28.45197 -28.45245 -28.45295 -28.45370
 -28.34130 -28.34130 -28.34130 -28.34130 -28.34130 -28.34130 -28.34130 -28.34145
 -28.34162 -28.34179 -28.34219 -28.34239
 -28.22761 -28.22761 -28.22761 -28.22761 -28.22761 -28.22761 -28.22761 -28.22767
 -28.22776 -28.22789 -28.22803 -28.22824
 -28.11179 -28.11179 -28.11179 -28.11179 -28.11179 -28.11179 -28.11179 -28.11181
 -28.11185 -28.11192 -28.11203 -28.11215
 -27.99805 -27.99805 -27.99805 -27.99805 -27.99805 -27.99805 -27.99805 -27.99806
 -27.99809 -27.99813 -27.99817 -27.99822
 -27.88929 -27.88929 -27.88929 -27.88929 -27.88929 -27.88929 -27.88929 -27.88929
 -27.88930 -27.88932 -27.88935 -27.88939
 -27.78083 -27.78083 -27.78083 -27.78083 -27.78083 -27.78083 -27.78083 -27.78083
 -27.78083 -27.78084 -27.78086 -27.78087
 -27.67194 -27.67194 -27.67194 -27.67194 -27.67194 -27.67194 -27.67194 -27.67194
 -27.67194 -27.67195 -27.67195 -27.67197
 -27.56049 -27.56049 -27.56049 -27.56049 -27.56049 -27.56049 -27.56049 -27.56049
 -27.56049 -27.56050 -27.56050 -27.56050
 --------------------/ IPRT= 1  / IGRD= 1  /PRB CALC/ Z1= 9   / DATE= 11.01.08
 -27.92602 -27.92602 -27.92602 -27.92602 -27.92659 -27.92879 -27.93211 -27.93745
 -27.94306 -27.95171 -27.95792 -27.97728
 -28.04578 -28.04578 -28.04578 -28.04578 -28.04578 -28.04853 -28.05181 -28.05503
 -28.05961 -28.06645 -28.07738 -28.08550
 -28.16234 -28.16234 -28.16235 -28.16235 -28.16235 -28.16424 -28.16705 -28.17145
 -28.17595 -28.18268 -28.19343 -28.20141
 -28.13987 -28.13990 -28.13993 -28.13999 -28.14007 -28.14104 -28.14295 -28.14587
 -28.14888 -28.15325 -28.15991 -28.17079
 -27.27326 -27.27335 -27.27348 -27.27366 -27.27392 -27.27433 -27.27509 -27.27601
 -27.27747 -27.27941 -27.28222 -27.28578
 -26.66733 -26.66742 -26.66755 -26.66772 -26.66798 -26.66835 -26.66891 -26.66970
 -26.67081 -26.67243 -26.67465 -26.67789
 -26.47249 -26.47257 -26.47268 -26.47285 -26.47309 -26.47343 -26.47392 -26.47464
 -26.47566 -26.47710 -26.47916 -26.48211
 -26.52137 -26.52145 -26.52156 -26.52171 -26.52193 -26.52224 -26.52269 -26.52335
 -26.52428 -26.52562 -26.52752 -26.53020
 -26.70796 -26.70802 -26.70812 -26.70826 -26.70846 -26.70875 -26.70917 -26.70977
 -26.71063 -26.71186 -26.71360 -26.71609
 -26.96947 -26.96953 -26.96962 -26.96975 -26.96993 -26.97019 -26.97057 -26.97112
 -26.97191 -26.97305 -26.97465 -26.97694
 -27.26470 -27.26475 -27.26483 -27.26494 -27.26510 -27.26533 -27.26566 -27.26616
 -27.26687 -27.26790 -27.26933 -27.27138
 -27.55546 -27.55551 -27.55557 -27.55567 -27.55580 -27.55599 -27.55626 -27.55669
 -27.55730 -27.55815 -27.55941 -27.56116
 -27.79123 -27.79126 -27.79130 -27.79137 -27.79146 -27.79160 -27.79179 -27.79210
 -27.79255 -27.79320 -27.79410 -27.79537
 -27.91849 -27.91851 -27.91853 -27.91857 -27.91862 -27.91869 -27.91880 -27.91896
 -27.91922 -27.91961 -27.92017 -27.92091
 -27.92828 -27.92829 -27.92830 -27.92831 -27.92833 -27.92836 -27.92841 -27.92847
 -27.92860 -27.92879 -27.92902 -27.92936
 -27.86411 -27.86411 -27.86411 -27.86412 -27.86413 -27.86414 -27.86415 -27.86417
 -27.86422 -27.86430 -27.86441 -27.86455
 -27.77112 -27.77112 -27.77112 -27.77112 -27.77112 -27.77113 -27.77113 -27.77114
 -27.77116 -27.77119 -27.77124 -27.77131
 -27.66914 -27.66914 -27.66914 -27.66914 -27.66914 -27.66914 -27.66914 -27.66914
 -27.66915 -27.66917 -27.66919 -27.66921
 -27.56260 -27.56260 -27.56260 -27.56260 -27.56260 -27.56260 -27.56260 -27.56260
 -27.56260 -27.56261 -27.56262 -27.56263
 -27.45311 -27.45311 -27.45311 -27.45311 -27.45311 -27.45311 -27.45311 -27.45311
 -27.45311 -27.45312 -27.45312 -27.45313
 --------------------/ IPRT= 1  / IGRD= 1  /PRB CALC/ Z1=10   / DATE= 11.01.08
 -27.76191 -27.76191 -27.76191 -27.76191 -27.76191 -27.76394 -27.76695 -27.76983
 -27.77650 -27.78373 -27.79529 -27.80389
 -27.88228 -27.88228 -27.88228 -27.88228 -27.88228 -27.88354 -27.88614 -27.89014
 -27.89413 -27.89996 -27.90894 -27.92392
 -28.00005 -28.00005 -28.00005 -28.00005 -28.00005 -28.00064 -28.00289 -28.00628
 -28.01175 -28.01749 -28.02635 -28.03271
 -28.03897 -28.03898 -28.03900 -28.03902 -28.03905 -28.03910 -28.04150 -28.04439
 -28.04726 -28.05133 -28.05741 -28.06705
 -27.28179 -27.28185 -27.28193 -27.28205 -27.28222 -27.28247 -27.28304 -27.28386
 -27.28507 -27.28660 -27.28882 -27.29209
 -26.63491 -26.63497 -26.63506 -26.63518 -26.63536 -26.63561 -26.63599 -26.63655
 -26.63736 -26.63852 -26.64015 -26.64237
 -26.40964 -26.40969 -26.40977 -26.40989 -26.41005 -26.41028 -26.41062 -26.41113
 -26.41184 -26.41285 -26.41430 -26.41636
 -26.44076 -26.44082 -26.44089 -26.44099 -26.44115 -26.44136 -26.44167 -26.44213
 -26.44278 -26.44371 -26.44505 -26.44694
 -26.61721 -26.61726 -26.61733 -26.61742 -26.61756 -26.61776 -26.61804 -26.61846
 -26.61907 -26.61993 -26.62115 -26.62288
 -26.87297 -26.87301 -26.87307 -26.87316 -26.87328 -26.87346 -26.87372 -26.87410
 -26.87467 -26.87545 -26.87659 -26.87819
 -27.16515 -27.16519 -27.16525 -27.16532 -27.16543 -27.16559 -27.16582 -27.16617
 -27.16667 -27.16740 -27.16841 -27.16985
 -27.45498 -27.45501 -27.45506 -27.45512 -27.45521 -27.45534 -27.45553 -27.45582
 -27.45625 -27.45688 -27.45779 -27.45904
 -27.69161 -27.69163 -27.69166 -27.69171 -27.69177 -27.69187 -27.69200 -27.69219
 -27.69255 -27.69303 -27.69369 -27.69462
 -27.82101 -27.82102 -27.82104 -27.82106 -27.82110 -27.82115 -27.82122 -27.82133
 -27.82153 -27.82183 -27.82226 -27.82283
 -27.83291 -27.83292 -27.83292 -27.83293 -27.83295 -27.83297 -27.83300 -27.83304
 -27.83313 -27.83327 -27.83348 -27.83375
 -27.76886 -27.76887 -27.76887 -27.76887 -27.76888 -27.76888 -27.76889 -27.76891
 -27.76894 -27.76901 -27.76909 -27.76923
 -27.67429 -27.67429 -27.67429 -27.67429 -27.67429 -27.67429 -27.67430 -27.67430
 -27.67431 -27.67434 -27.67438 -27.67443
 -27.57208 -27.57208 -27.57208 -27.57209 -27.57209 -27.57209 -27.57209 -27.57209
 -27.57209 -27.57210 -27.57212 -27.57215
 -27.46564 -27.46564 -27.46564 -27.46564 -27.46564 -27.46564 -27.46564 -27.46564
 -27.46564 -27.46565 -27.46566 -27.46567
 -27.35703 -27.35703 -27.35703 -27.35703 -27.35703 -27.35703 -27.35703 -27.35703
 -27.35703 -27.35703 -27.35704 -27.35705
 --------------------/ IPRT= 1  / IGRD= 1  /PRB CALC/ Z1=11   / DATE= 11.01.08
 -27.62736 -27.62736 -27.62736 -27.62736 -27.62736 -27.62800 -27.63048 -27.63420
 -27.64021 -27.64653 -27.65629 -27.66332
 -27.74811 -27.74811 -27.74811 -27.74811 -27.74811 -27.74811 -27.75120 -27.75490
 -27.75853 -27.76369 -27.77143 -27.78381
 -27.86656 -27.86657 -27.86657 -27.86658 -27.86658 -27.86659 -27.86873 -27.87191
 -27.87689 -27.88200 -27.88964 -27.90187
 -27.89885 -27.90690 -27.91467 -27.92206 -27.92900 -27.93542 -27.94248 -27.95029
 -27.95896 -27.96972 -27.98063 -27.98900
 -27.01701 -27.06023 -27.10579 -27.15335 -27.20254 -27.25296 -27.30426 -27.35641
 -27.40872 -27.46065 -27.51225 -27.56367
 -26.28771 -26.33238 -26.37980 -26.42970 -26.48179 -26.53572 -26.59113 -26.64767
 -26.70494 -26.76252 -26.82020 -26.87751
 -26.00396 -26.04650 -26.09159 -26.13894 -26.18820 -26.23900 -26.29093 -26.34357
 -26.39649 -26.44927 -26.50149 -26.55281
 -25.97909 -26.01971 -26.06270 -26.10777 -26.15456 -26.20266 -26.25163 -26.30105
 -26.35046 -26.39940 -26.44752 -26.49441
 -26.09453 -26.13393 -26.17566 -26.21941 -26.26484 -26.31153 -26.35904 -26.40693
 -26.45474 -26.50203 -26.54838 -26.59345
 -26.29512 -26.33369 -26.37461 -26.41758 -26.46225 -26.50823 -26.55507 -26.60232
 -26.64953 -26.69625 -26.74207 -26.78663
 -26.55212 -26.58976 -26.62975 -26.67180 -26.71557 -26.76065 -26.80661 -26.85299
 -26.89936 -26.94525 -26.99023 -27.03393
 -26.84106 -26.87710 -26.91539 -26.95562 -26.99745 -27.04047 -27.08423 -27.12827
 -27.17217 -27.21545 -27.25771 -27.29856
 -27.13367 -27.16641 -27.20103 -27.23722 -27.27460 -27.31276 -27.35123 -27.38957
 -27.42734 -27.46414 -27.49961 -27.53339
 -27.38896 -27.41518 -27.44258 -27.47081 -27.49952 -27.52831 -27.55679 -27.58457
 -27.61134 -27.63686 -27.66081 -27.68316
 -27.55338 -27.56999 -27.58701 -27.60419 -27.62126 -27.63797 -27.65409 -27.66942
 -27.68380 -27.69718 -27.70945 -27.72058
 -27.59867 -27.60658 -27.61454 -27.62244 -27.63014 -27.63755 -27.64457 -27.65112
 -27.65717 -27.66271 -27.66772 -27.67223
 -27.55576 -27.55882 -27.56188 -27.56489 -27.56781 -27.57059 -27.57321 -27.57563
 -27.57785 -27.57988 -27.58172 -27.58335
 -27.47312 -27.47420 -27.47528 -27.47634 -27.47736 -27.47834 -27.47926 -27.48011
 -27.48089 -27.48160 -27.48225 -27.48283
 -27.37406 -27.37443 -27.37480 -27.37516 -27.37551 -27.37584 -27.37615 -27.37645
 -27.37671 -27.37696 -27.37718 -27.37739
 -27.26846 -27.26858 -27.26870 -27.26882 -27.26894 -27.26905 -27.26916 -27.26926
 -27.26935 -27.26943 -27.26951 -27.26958
 --------------------/ IPRT= 1  / IGRD= 1  /PRB CALC/ Z1=12   / DATE= 11.01.08
 -27.46573 -27.46573 -27.46573 -27.46573 -27.46573 -27.46573 -27.46786 -27.47101
 -27.47597 -27.48104 -27.48863 -27.50079
 -27.58700 -27.58700 -27.58700 -27.58700 -27.58700 -27.58700 -27.58833 -27.59106
 -27.59527 -27.60223 -27.60978 -27.61506
 -27.70644 -27.70644 -27.70644 -27.70644 -27.70644 -27.70644 -27.70706 -27.71046
 -27.71462 -27.71878 -27.72485 -27.73422
 -27.82266 -27.82266 -27.82266 -27.82266 -27.82266 -27.82266 -27.82326 -27.82560
 -27.82912 -27.83479 -27.84075 -27.84995
 -27.93161 -27.93161 -27.93161 -27.93161 -27.93161 -27.93161 -27.93161 -27.93361
 -27.93656 -27.94119 -27.94593 -27.95303
 -27.68310 -27.68312 -27.68314 -27.68318 -27.68323 -27.68330 -27.68341 -27.68441
 -27.68588 -27.68738 -27.69058 -27.69417
 -26.68952 -26.68955 -26.68959 -26.68964 -26.68973 -26.68985 -26.69002 -26.69030
 -26.69074 -26.69136 -26.69220 -26.69341
 -26.15001 -26.15003 -26.15007 -26.15013 -26.15021 -26.15032 -26.15048 -26.15072
 -26.15107 -26.15156 -26.15228 -26.15329
 -25.99455 -25.99458 -25.99462 -25.99467 -25.99474 -25.99484 -25.99499 -25.99521
 -25.99553 -25.99598 -25.99662 -25.99753
 -26.06439 -26.06442 -26.06445 -26.06449 -26.06456 -26.06466 -26.06480 -26.06499
 -26.06528 -26.06570 -26.06629 -26.06713
 -26.26220 -26.26222 -26.26225 -26.26229 -26.26235 -26.26244 -26.26257 -26.26275
 -26.26301 -26.26339 -26.26394 -26.26471
 -26.52942 -26.52944 -26.52947 -26.52951 -26.52957 -26.52965 -26.52976 -26.52993
 -26.53016 -26.53052 -26.53102 -26.53173
 -26.82611 -26.82612 -26.82615 -26.82618 -26.82623 -26.82630 -26.82640 -26.82655
 -26.82676 -26.82708 -26.82753 -26.82816
 -27.11318 -27.11319 -27.11321 -27.11324 -27.11328 -27.11333 -27.11342 -27.11354
 -27.11370 -27.11397 -27.11435 -27.11490
 -27.33839 -27.33840 -27.33841 -27.33843 -27.33846 -27.33850 -27.33856 -27.33864
 -27.33875 -27.33894 -27.33923 -27.33961
 -27.45018 -27.45019 -27.45019 -27.45020 -27.45022 -27.45024 -27.45027 -27.45031
 -27.45037 -27.45047 -27.45064 -27.45087
 -27.44866 -27.44866 -27.44867 -27.44867 -27.44868 -27.44869 -27.44870 -27.44871
 -27.44874 -27.44878 -27.44885 -27.44896
 -27.38258 -27.38258 -27.38258 -27.38258 -27.38258 -27.38259 -27.38259 -27.38260
 -27.38260 -27.38262 -27.38265 -27.38270
 -27.29043 -27.29043 -27.29043 -27.29043 -27.29043 -27.29044 -27.29044 -27.29044
 -27.29044 -27.29044 -27.29046 -27.29048
 -27.18727 -27.18727 -27.18727 -27.18727 -27.18727 -27.18727 -27.18727 -27.18727
 -27.18727 -27.18727 -27.18728 -27.18729
 --------------------/ IPRT= 1  / IGRD= 1  /PRB CALC/ Z1=13   / DATE= 11.01.08
 -27.34684 -27.34684 -27.34684 -27.34684 -27.34684 -27.34684 -27.34823 -27.35111
 -27.35554 -27.35998 -27.36644 -27.37644
 -27.46837 -27.46837 -27.46837 -27.46837 -27.46837 -27.46837 -27.46902 -27.47154
 -27.47533 -27.48144 -27.48788 -27.49782
 -27.58109 -27.58182 -27.58252 -27.58318 -27.58380 -27.58436 -27.58487 -27.58846
 -27.59261 -27.59664 -27.60218 -27.61030
 -27.13520 -27.16848 -27.20303 -27.23843 -27.27427 -27.31008 -27.34542 -27.38089
 -27.41575 -27.45021 -27.48323 -27.51610
 -26.23113 -26.27534 -26.32265 -26.37286 -26.42574 -26.48101 -26.53837 -26.59758
 -26.65833 -26.72033 -26.78317 -26.84713
 -25.81368 -25.85798 -25.90556 -25.95628 -26.00994 -26.06632 -26.12516 -26.18620
 -26.24923 -26.31390 -26.38006 -26.44738
 -25.72462 -25.76787 -25.81439 -25.86402 -25.91656 -25.97179 -26.02943 -26.08921
 -26.15086 -26.21406 -26.27852 -26.34403
 -25.78635 -25.82611 -25.86866 -25.91376 -25.96115 -26.01047 -26.06136 -26.11339
 -26.16617 -26.21925 -26.27220 -26.32459
 -25.89063 -25.92397 -25.95921 -25.99604 -26.03408 -26.07290 -26.11207 -26.15112
 -26.18961 -26.22713 -26.26331 -26.29787
 -26.04068 -26.06828 -26.09715 -26.12696 -26.15735 -26.18790 -26.21821 -26.24790
 -26.27661 -26.30405 -26.33000 -26.35430
 -26.25417 -26.27804 -26.30288 -26.32838 -26.35419 -26.37995 -26.40530 -26.42991
 -26.45350 -26.47586 -26.49682 -26.51631
 -26.51857 -26.53998 -26.56222 -26.58499 -26.60797 -26.63083 -26.65324 -26.67492
 -26.69561 -26.71515 -26.73339 -26.75030
 -26.80725 -26.82647 -26.84640 -26.86676 -26.88727 -26.90762 -26.92751 -26.94670
 -26.96496 -26.98216 -26.99817 -27.01298
 -27.08330 -27.09945 -27.11614 -27.13313 -27.15016 -27.16698 -27.18334 -27.19903
 -27.21389 -27.22781 -27.24071 -27.25259
 -27.29444 -27.30587 -27.31758 -27.32941 -27.34117 -27.35267 -27.36377 -27.37431
 -27.38420 -27.39338 -27.40184 -27.40957
 -27.39265 -27.39880 -27.40505 -27.41130 -27.41745 -27.42342 -27.42912 -27.43448
 -27.43947 -27.44406 -27.44828 -27.45211
 -27.38205 -27.38461 -27.38720 -27.38978 -27.39230 -27.39474 -27.39706 -27.39923
 -27.40124 -27.40307 -27.40477 -27.40630
 -27.31093 -27.31185 -27.31279 -27.31372 -27.31463 -27.31551 -27.31635 -27.31713
 -27.31786 -27.31852 -27.31913 -27.31969
 -27.21732 -27.21764 -27.21796 -27.21828 -27.21859 -27.21890 -27.21918 -27.21946
 -27.21971 -27.21994 -27.22015 -27.22035
 -27.11381 -27.11392 -27.11402 -27.11413 -27.11424 -27.11434 -27.11444 -27.11453
 -27.11462 -27.11469 -27.11477 -27.11484
 --------------------/ IPRT= 1  / IGRD= 1  /PRB CALC/ Z1=14   / DATE= 11.01.08
 -27.21468 -27.21468 -27.21468 -27.21468 -27.21468 -27.21468 -27.21468 -27.21784
 -27.22162 -27.22532 -27.23413 -27.24404
 -27.33652 -27.33652 -27.33652 -27.33652 -27.33652 -27.33652 -27.33652 -27.33873
 -27.34199 -27.34712 -27.35238 -27.36025
 -27.45697 -27.45697 -27.45697 -27.45697 -27.45697 -27.45697 -27.45697 -27.45834
 -27.46240 -27.46551 -27.47270 -27.48052
 -27.57495 -27.57495 -27.57495 -27.57495 -27.57495 -27.57495 -27.57495 -27.57630
 -27.57909 -27.58337 -27.58766 -27.59391
 -27.68863 -27.68863 -27.68863 -27.68863 -27.68863 -27.68863 -27.68863 -27.68925
 -27.69164 -27.69525 -27.70105 -27.70716
 -27.79495 -27.79495 -27.79495 -27.79495 -27.79495 -27.79495 -27.79495 -27.79495
 -27.79698 -27.79998 -27.80469 -27.80952
 -27.88904 -27.88904 -27.88904 -27.88904 -27.88904 -27.88904 -27.88904 -27.88904
 -27.89093 -27.89373 -27.89813 -27.90263
 -27.96379 -27.96379 -27.96379 -27.96379 -27.96379 -27.96379 -27.96379 -27.96379
 -27.96485 -27.96703 -27.97038 -27.97372
 -28.01029 -28.01029 -28.01029 -28.01029 -28.01029 -28.01029 -28.01029 -28.01029
 -28.01071 -28.01231 -28.01472 -28.01859
 -28.01962 -28.01962 -28.01962 -28.01962 -28.01962 -28.01962 -28.01962 -28.01962
 -28.01962 -28.02118 -28.02303 -28.02483
 -27.98695 -27.98695 -27.98695 -27.98695 -27.98695 -27.98695 -27.98695 -27.98695
 -27.98695 -27.98771 -27.98882 -27.99057
 -27.92246 -27.92246 -27.92246 -27.92246 -27.92246 -27.92246 -27.92246 -27.92246
 -27.92246 -27.92277 -27.92340 -27.92437
 -27.83171 -27.83171 -27.83171 -27.83171 -27.83171 -27.83171 -27.83171 -27.83171
 -27.83171 -27.83180 -27.83229 -27.83288
 -27.72474 -27.72474 -27.72474 -27.72474 -27.72474 -27.72474 -27.72474 -27.72474
 -27.72474 -27.72479 -27.72499 -27.72529
 -27.61187 -27.61187 -27.61187 -27.61187 -27.61187 -27.61187 -27.61187 -27.61187
 -27.61187 -27.61187 -27.61197 -27.61212
 -27.49657 -27.49657 -27.49657 -27.49657 -27.49657 -27.49657 -27.49657 -27.49657
 -27.49657 -27.49657 -27.49663 -27.49672
 -27.37989 -27.37989 -27.37989 -27.37989 -27.37989 -27.37989 -27.37989 -27.37989
 -27.37989 -27.37989 -27.37991 -27.37995
 -27.26578 -27.26578 -27.26578 -27.26578 -27.26578 -27.26578 -27.26578 -27.26578
 -27.26578 -27.26578 -27.26578 -27.26581
 -27.15681 -27.15681 -27.15681 -27.15681 -27.15681 -27.15681 -27.15681 -27.15681
 -27.15681 -27.15681 -27.15681 -27.15683
 -27.04819 -27.04819 -27.04819 -27.04819 -27.04819 -27.04819 -27.04819 -27.04819
 -27.04819 -27.04819 -27.04819 -27.04820
 --------------------/ IPRT= 1  / IGRD= 1  /PRB CALC/ Z1=15   / DATE= 11.01.08
 -27.09385 -27.09385 -27.09385 -27.09385 -27.09385 -27.09385 -27.09385 -27.09606
 -27.09933 -27.10447 -27.10974 -27.11763
 -27.21594 -27.21594 -27.21594 -27.21594 -27.21594 -27.21594 -27.21594 -27.21731
 -27.22016 -27.22453 -27.22890 -27.23962
 -27.33680 -27.33680 -27.33680 -27.33680 -27.33680 -27.33680 -27.33680 -27.33745
 -27.34100 -27.34366 -27.34968 -27.35601
 -27.45553 -27.45553 -27.45553 -27.45553 -27.45553 -27.45553 -27.45553 -27.45553
 -27.45862 -27.46231 -27.46592 -27.47451
 -27.57050 -27.57050 -27.57050 -27.57050 -27.57050 -27.57050 -27.57050 -27.57050
 -27.57262 -27.57576 -27.58069 -27.58573
 -27.67902 -27.67902 -27.67902 -27.67902 -27.67902 -27.67902 -27.67902 -27.67902
 -27.68030 -27.68409 -27.68700 -27.69372
 -27.77670 -27.77670 -27.77670 -27.77670 -27.77670 -27.77670 -27.77670 -27.77670
 -27.77791 -27.78039 -27.78422 -27.78803
 -27.85701 -27.85701 -27.85701 -27.85701 -27.85701 -27.85701 -27.85701 -27.85701
 -27.85753 -27.85950 -27.86248 -27.86726
 -27.91137 -27.91137 -27.91137 -27.91137 -27.91137 -27.91137 -27.91137 -27.91137
 -27.91137 -27.91286 -27.91505 -27.91849
 -27.93061 -27.93061 -27.93061 -27.93061 -27.93061 -27.93061 -27.93061 -27.93061
 -27.93061 -27.93178 -27.93350 -27.93620
 -27.90759 -27.90759 -27.90759 -27.90759 -27.90759 -27.90759 -27.90759 -27.90759
 -27.90759 -27.90811 -27.90918 -27.91082
 -27.85064 -27.85064 -27.85064 -27.85064 -27.85064 -27.85064 -27.85064 -27.85064
 -27.85064 -27.85080 -27.85142 -27.85235
 -27.76547 -27.76547 -27.76547 -27.76547 -27.76547 -27.76547 -27.76547 -27.76547
 -27.76547 -27.76547 -27.76596 -27.76653
 -27.66152 -27.66152 -27.66152 -27.66152 -27.66152 -27.66152 -27.66152 -27.66152
 -27.66152 -27.66152 -27.66172 -27.66202
 -27.54958 -27.54958 -27.54958 -27.54958 -27.54958 -27.54958 -27.54958 -27.54958
 -27.54958 -27.54958 -27.54965 -27.54980
 -27.43473 -27.43473 -27.43473 -27.43473 -27.43473 -27.43473 -27.43473 -27.43473
 -27.43473 -27.43473 -27.43475 -27.43485
 -27.31816 -27.31816 -27.31816 -27.31816 -27.31816 -27.31816 -27.31816 -27.31816
 -27.31816 -27.31816 -27.31818 -27.31822
 -27.20315 -27.20315 -27.20315 -27.20315 -27.20315 -27.20315 -27.20315 -27.20315
 -27.20315 -27.20315 -27.20315 -27.20318
 -27.09301 -27.09301 -27.09301 -27.09301 -27.09301 -27.09301 -27.09301 -27.09301
 -27.09301 -27.09301 -27.09301 -27.09302
 -26.98458 -26.98458 -26.98458 -26.98458 -26.98458 -26.98458 -26.98458 -26.98458
 -26.98458 -26.98458 -26.98458 -26.98458
 --------------------/ IPRT= 1  / IGRD= 1  /PRB CALC/ Z1=16   / DATE= 11.01.08
 -26.99816 -26.99816 -26.99816 -26.99816 -26.99816 -26.99816 -26.99816 -26.99960
 -27.00256 -27.00712 -27.01168 -27.01834
 -27.12039 -27.12039 -27.12039 -27.12039 -27.12039 -27.12039 -27.12039 -27.12106
 -27.12365 -27.12756 -27.13386 -27.14049
 -27.23760 -27.23797 -27.23833 -27.23868 -27.23900 -27.23930 -27.23958 -27.23984
 -27.24330 -27.24737 -27.25135 -27.25692
 -26.99398 -27.01787 -27.04250 -27.06753 -27.09260 -27.11735 -27.14144 -27.16457
 -27.18798 -27.21086 -27.23377 -27.25542
 -26.21217 -26.25181 -26.29444 -26.33987 -26.38786 -26.43810 -26.49028 -26.54400
 -26.59905 -26.65509 -26.71181 -26.76860
 -25.81948 -25.85999 -25.90380 -25.95081 -26.00083 -26.05366 -26.10904 -26.16669
 -26.22634 -26.28778 -26.35056 -26.41462
 -25.74671 -25.78659 -25.82983 -25.87633 -25.92592 -25.97842 -26.03358 -26.09114
 -26.15081 -26.21238 -26.27552 -26.33989
 -25.85787 -25.89660 -25.93863 -25.98384 -26.03210 -26.08318 -26.13684 -26.19278
 -26.25070 -26.31033 -26.37133 -26.43338
 -26.07125 -26.10839 -26.14869 -26.19202 -26.23822 -26.28704 -26.33819 -26.39137
 -26.44619 -26.50233 -26.55946 -26.61704
 -26.34123 -26.37649 -26.41471 -26.45575 -26.49941 -26.54542 -26.59346 -26.64315
 -26.69410 -26.74593 -26.79821 -26.85053
 -26.63838 -26.67126 -26.70682 -26.74490 -26.78526 -26.82759 -26.87153 -26.91668
 -26.96258 -27.00881 -27.05498 -27.10062
 -26.93443 -26.96359 -26.99496 -27.02834 -27.06343 -27.09989 -27.13733 -27.17531
 -27.21336 -27.25104 -27.28808 -27.32403
 -27.18900 -27.21184 -27.23611 -27.26158 -27.28795 -27.31488 -27.34199 -27.36890
 -27.39525 -27.42068 -27.44513 -27.46826
 -27.34855 -27.36266 -27.37740 -27.39257 -27.40795 -27.42331 -27.43840 -27.45302
 -27.46697 -27.48010 -27.49240 -27.50381
 -27.38800 -27.39456 -27.40131 -27.40816 -27.41500 -27.42171 -27.42820 -27.43439
 -27.44019 -27.44557 -27.45053 -27.45512
 -27.33966 -27.34214 -27.34469 -27.34726 -27.34980 -27.35229 -27.35467 -27.35693
 -27.35904 -27.36099 -27.36276 -27.36446
 -27.24803 -27.24889 -27.24976 -27.25064 -27.25151 -27.25236 -27.25318 -27.25396
 -27.25468 -27.25534 -27.25595 -27.25654
 -27.14074 -27.14102 -27.14131 -27.14160 -27.14189 -27.14218 -27.14245 -27.14271
 -27.14295 -27.14318 -27.14338 -27.14358
 -27.03202 -27.03211 -27.03221 -27.03231 -27.03240 -27.03250 -27.03259 -27.03267
 -27.03276 -27.03283 -27.03290 -27.03297
 -26.92465 -26.92468 -26.92471 -26.92474 -26.92477 -26.92480 -26.92484 -26.92486
 -26.92489 -26.92492 -26.92494 -26.92496
 --------------------/ IPRT= 1  / IGRD= 1  /PRB CALC/ Z1=17   / DATE= 11.01.08
 -26.90173 -26.90173 -26.90173 -26.90173 -26.90173 -26.90173 -26.90173 -26.90242
 -26.90507 -26.90907 -26.91553 -26.92233
 -27.02409 -27.02409 -27.02409 -27.02409 -27.02409 -27.02409 -27.02409 -27.02409
 -27.02643 -27.02988 -27.03532 -27.04090
 -27.14545 -27.14545 -27.14545 -27.14545 -27.14545 -27.14545 -27.14545 -27.14545
 -27.14778 -27.15121 -27.15452 -27.16217
 -27.26504 -27.26504 -27.26504 -27.26504 -27.26504 -27.26504 -27.26504 -27.26504
 -27.26648 -27.26946 -27.27403 -27.27860
 -27.38153 -27.38153 -27.38153 -27.38153 -27.38153 -27.38153 -27.38153 -27.38153
 -27.38220 -27.38477 -27.38863 -27.39486
 -27.49265 -27.49265 -27.49265 -27.49265 -27.49265 -27.49265 -27.49265 -27.49265
 -27.49265 -27.49579 -27.49954 -27.50322
 -27.59466 -27.59466 -27.59466 -27.59466 -27.59466 -27.59466 -27.59466 -27.59466
 -27.59466 -27.59675 -27.59984 -27.60471
 -27.68180 -27.68180 -27.68180 -27.68180 -27.68180 -27.68180 -27.68180 -27.68180
 -27.68180 -27.68301 -27.68549 -27.68930
 -27.74615 -27.74615 -27.74615 -27.74615 -27.74615 -27.74615 -27.74615 -27.74615
 -27.74615 -27.74665 -27.74936 -27.75268
 -27.77854 -27.77854 -27.77854 -27.77854 -27.77854 -27.77854 -27.77854 -27.77854
 -27.77854 -27.77894 -27.78048 -27.78279
 -27.77099 -27.77099 -27.77099 -27.77099 -27.77099 -27.77099 -27.77099 -27.77099
 -27.77099 -27.77099 -27.77200 -27.77348
 -27.72383 -27.72383 -27.72383 -27.72383 -27.72383 -27.72383 -27.72383 -27.72383
 -27.72383 -27.72383 -27.72451 -27.72551
 -27.64743 -27.64743 -27.64743 -27.64743 -27.64743 -27.64743 -27.64743 -27.64743
 -27.64743 -27.64743 -27.64770 -27.64825
 -27.54869 -27.54869 -27.54869 -27.54869 -27.54869 -27.54869 -27.54869 -27.54869
 -27.54869 -27.54869 -27.54876 -27.54905
 -27.43782 -27.43782 -27.43782 -27.43782 -27.43782 -27.43782 -27.43782 -27.43782
 -27.43782 -27.43782 -27.43782 -27.43804
 -27.32325 -27.32325 -27.32325 -27.32325 -27.32325 -27.32325 -27.32325 -27.32325
 -27.32325 -27.32325 -27.32325 -27.32333
 -27.20701 -27.20701 -27.20701 -27.20701 -27.20701 -27.20701 -27.20701 -27.20701
 -27.20701 -27.20701 -27.20701 -27.20705
 -27.09057 -27.09057 -27.09057 -27.09057 -27.09057 -27.09057 -27.09057 -27.09057
 -27.09057 -27.09057 -27.09057 -27.09057
 -26.97779 -26.97779 -26.97779 -26.97779 -26.97779 -26.97779 -26.97779 -26.97779
 -26.97779 -26.97779 -26.97779 -26.97779
 -26.86932 -26.86932 -26.86932 -26.86932 -26.86932 -26.86932 -26.86932 -26.86932
 -26.86932 -26.86932 -26.86932 -26.86932
 --------------------/ IPRT= 1  / IGRD= 1  /PRB CALC/ Z1=18   / DATE= 11.01.08
 -26.92895 -26.92895 -26.92895 -26.92895 -26.92895 -26.92895 -26.92895 -26.92895
 -26.93117 -26.93581 -26.94314 -26.95070
 -27.05107 -27.05107 -27.05107 -27.05107 -27.05107 -27.05107 -27.05107 -27.05107
 -27.05210 -27.05790 -27.06236 -27.07273
 -27.17199 -27.17199 -27.17199 -27.17199 -27.17199 -27.17199 -27.17199 -27.17199
 -27.17302 -27.17703 -27.18321 -27.18942
 -27.29082 -27.29082 -27.29082 -27.29082 -27.29082 -27.29082 -27.29082 -27.29082
 -27.29082 -27.29430 -27.29955 -27.30805
 -27.40598 -27.40598 -27.40598 -27.40598 -27.40598 -27.40598 -27.40598 -27.40598
 -27.40598 -27.40939 -27.41454 -27.41960
 -27.51484 -27.51484 -27.51484 -27.51484 -27.51484 -27.51484 -27.51484 -27.51484
 -27.51484 -27.51690 -27.52121 -27.52800
 -27.61315 -27.61315 -27.61315 -27.61315 -27.61315 -27.61315 -27.61315 -27.61315
 -27.61315 -27.61406 -27.61760 -27.62306
 -27.69457 -27.69457 -27.69457 -27.69457 -27.69457 -27.69457 -27.69457 -27.69457
 -27.69457 -27.69457 -27.69861 -27.70164
 -27.75081 -27.75081 -27.75081 -27.75081 -27.75081 -27.75081 -27.75081 -27.75081
 -27.75081 -27.75081 -27.75322 -27.75686
 -27.77312 -27.77312 -27.77312 -27.77312 -27.77312 -27.77312 -27.77312 -27.77312
 -27.77312 -27.77312 -27.77431 -27.77680
 -27.75506 -27.75506 -27.75506 -27.75506 -27.75506 -27.75506 -27.75506 -27.75506
 -27.75506 -27.75506 -27.75547 -27.75772
 -27.69715 -27.69715 -27.69715 -27.69715 -27.69715 -27.69715 -27.69715 -27.69715
 -27.69715 -27.69715 -27.69741 -27.69844
 -27.61306 -27.61306 -27.61306 -27.61306 -27.61306 -27.61306 -27.61306 -27.61306
 -27.61306 -27.61306 -27.61306 -27.61362
 -27.50888 -27.50888 -27.50888 -27.50888 -27.50888 -27.50888 -27.50888 -27.50888
 -27.50888 -27.50888 -27.50888 -27.50909
 -27.39386 -27.39386 -27.39386 -27.39386 -27.39386 -27.39386 -27.39386 -27.39386
 -27.39386 -27.39386 -27.39386 -27.39398
 -27.27650 -27.27650 -27.27650 -27.27650 -27.27650 -27.27650 -27.27650 -27.27650
 -27.27650 -27.27650 -27.27650 -27.27653
 -27.15864 -27.15864 -27.15864 -27.15864 -27.15864 -27.15864 -27.15864 -27.15864
 -27.15864 -27.15864 -27.15864 -27.15864
 -27.04073 -27.04073 -27.04073 -27.04073 -27.04073 -27.04073 -27.04073 -27.04073
 -27.04073 -27.04073 -27.04073 -27.04073
 -26.92635 -26.92635 -26.92635 -26.92635 -26.92635 -26.92635 -26.92635 -26.92635
 -26.92635 -26.92635 -26.92635 -26.92635
 -26.81721 -26.81721 -26.81721 -26.81721 -26.81721 -26.81721 -26.81721 -26.81721
 -26.81721 -26.81721 -26.81721 -26.81721
 --------------------/ IPRT= 1  / IGRD= 1  /PRB CALC/ Z1=19   / DATE= 11.01.08
 -26.82347 -26.82347 -26.82347 -26.82347 -26.82347 -26.82347 -26.82347 -26.82347
 -26.82448 -26.83015 -26.83450 -26.84463
 -26.94578 -26.94578 -26.94578 -26.94578 -26.94578 -26.94578 -26.94578 -26.94578
 -26.94679 -26.95072 -26.95678 -26.96286
 -27.06705 -27.06705 -27.06705 -27.06705 -27.06705 -27.06705 -27.06705 -27.06705
 -27.06705 -27.07048 -27.07566 -27.08404
 -27.18649 -27.18649 -27.18649 -27.18649 -27.18649 -27.18649 -27.18649 -27.18649
 -27.18649 -27.18860 -27.19304 -27.20004
 -27.30267 -27.30268 -27.30268 -27.30268 -27.30269 -27.30269 -27.30269 -27.30269
 -27.30269 -27.30477 -27.30914 -27.31602
 -27.36089 -27.36509 -27.36931 -27.37348 -27.37754 -27.38143 -27.38510 -27.38852
 -27.39166 -27.39541 -27.40154 -27.40934
 -26.62952 -26.66203 -26.69710 -26.73456 -26.77415 -26.81554 -26.85835 -26.90215
 -26.94649 -26.99089 -27.03587 -27.08074
 -25.92503 -25.96103 -26.00035 -26.04296 -26.08874 -26.13753 -26.18910 -26.24319
 -26.29952 -26.35777 -26.41780 -26.47922
 -25.66004 -25.69568 -25.73474 -25.77719 -25.82295 -25.87189 -25.92382 -25.97853
 -26.03575 -26.09522 -26.15670 -26.21992
 -25.66539 -25.70027 -25.73858 -25.78028 -25.82533 -25.87359 -25.92490 -25.97904
 -26.03576 -26.09481 -26.15590 -26.21881
 -25.82425 -25.85820 -25.89553 -25.93624 -25.98026 -26.02748 -26.07772 -26.13077
 -26.18637 -26.24425 -26.30411 -26.36574
 -26.06734 -26.10006 -26.13606 -26.17534 -26.21782 -26.26338 -26.31183 -26.36293
 -26.41640 -26.47192 -26.52916 -26.58783
 -26.35036 -26.38114 -26.41497 -26.45181 -26.49157 -26.53407 -26.57908 -26.62632
 -26.67543 -26.72602 -26.77769 -26.83004
 -26.63472 -26.66187 -26.69154 -26.72364 -26.75800 -26.79438 -26.83247 -26.87190
 -26.91225 -26.95305 -26.99385 -27.03424
 -26.87102 -26.89159 -26.91379 -26.93746 -26.96238 -26.98825 -27.01476 -27.04152
 -27.06818 -27.09435 -27.11968 -27.14392
 -27.00507 -27.01710 -27.02987 -27.04322 -27.05697 -27.07094 -27.08489 -27.09862
 -27.11193 -27.12463 -27.13659 -27.14769
 -27.02247 -27.02780 -27.03337 -27.03913 -27.04497 -27.05082 -27.05657 -27.06215
 -27.06747 -27.07247 -27.07712 -27.08137
 -26.96109 -26.96304 -26.96508 -26.96718 -26.96930 -26.97141 -26.97347 -26.97546
 -26.97736 -26.97913 -26.98076 -26.98225
 -26.86646 -26.86713 -26.86782 -26.86853 -26.86925 -26.86997 -26.87067 -26.87135
 -26.87200 -26.87260 -26.87316 -26.87367
 -26.76388 -26.76410 -26.76433 -26.76457 -26.76481 -26.76505 -26.76529 -26.76552
 -26.76574 -26.76594 -26.76613 -26.76631
 --------------------/ IPRT= 1  / IGRD= 1  /PRB CALC/ Z1=20   / DATE= 11.01.08
 -26.72352 -26.72352 -26.72352 -26.72352 -26.72352 -26.72352 -26.72352 -26.72352
 -26.72451 -26.72835 -26.73428 -26.74023
 -26.84600 -26.84600 -26.84600 -26.84600 -26.84600 -26.84600 -26.84600 -26.84600
 -26.84600 -26.84936 -26.85444 -26.86265
 -26.96755 -26.96755 -26.96755 -26.96755 -26.96755 -26.96755 -26.96755 -26.96755
 -26.96755 -26.96964 -26.97401 -26.98092
 -27.08749 -27.08749 -27.08749 -27.08749 -27.08749 -27.08749 -27.08749 -27.08749
 -27.08749 -27.08956 -27.09390 -27.09807
 -27.20456 -27.20456 -27.20456 -27.20457 -27.20457 -27.20457 -27.20457 -27.20458
 -27.20458 -27.20554 -27.20926 -27.21501
 -27.25466 -27.25947 -27.26434 -27.26918 -27.27390 -27.27846 -27.28278 -27.28682
 -27.29055 -27.29395 -27.30006 -27.30743
 -26.47806 -26.51045 -26.54552 -26.58314 -26.62306 -26.66499 -26.70859 -26.75343
 -26.79909 -26.84507 -26.89181 -26.93862
 -25.77552 -25.81078 -25.84940 -25.89134 -25.93650 -25.98474 -26.03585 -26.08960
 -26.14570 -26.20385 -26.26383 -26.32536
 -25.51493 -25.54978 -25.58805 -25.62973 -25.67476 -25.72302 -25.77433 -25.82850
 -25.88527 -25.94438 -26.00558 -26.06861
 -25.52320 -25.55730 -25.59481 -25.63575 -25.68005 -25.72762 -25.77830 -25.83189
 -25.88814 -25.94681 -26.00762 -26.07037
 -25.68416 -25.71736 -25.75394 -25.79391 -25.83724 -25.88382 -25.93350 -25.98607
 -26.04129 -26.09891 -26.15863 -26.22021
 -25.92938 -25.96144 -25.99680 -26.03547 -26.07741 -26.12251 -26.17059 -26.22145
 -26.27483 -26.33042 -26.38790 -26.44698
 -26.21596 -26.24631 -26.27977 -26.31632 -26.35590 -26.39837 -26.44352 -26.49109
 -26.54077 -26.59219 -26.64496 -26.69868
 -26.50829 -26.53553 -26.56543 -26.59792 -26.63289 -26.67012 -26.70934 -26.75019
 -26.79229 -26.83519 -26.87843 -26.92156
 -26.76128 -26.78272 -26.80601 -26.83100 -26.85750 -26.88524 -26.91389 -26.94308
 -26.97243 -27.00151 -27.02996 -27.05740
 -26.91960 -26.93285 -26.94701 -26.96193 -26.97742 -26.99327 -27.00924 -27.02509
 -27.04058 -27.05549 -27.06964 -27.08288
 -26.95817 -26.96431 -26.97079 -26.97752 -26.98439 -26.99131 -26.99817 -27.00485
 -27.01126 -27.01733 -27.02299 -27.02821
 -26.90827 -26.91059 -26.91302 -26.91552 -26.91807 -26.92062 -26.92312 -26.92555
 -26.92787 -26.93004 -26.93206 -26.93391
 -26.81757 -26.81836 -26.81919 -26.82005 -26.82092 -26.82179 -26.82265 -26.82348
 -26.82427 -26.82502 -26.82571 -26.82634
 -26.71554 -26.71580 -26.71608 -26.71637 -26.71666 -26.71695 -26.71724 -26.71752
 -26.71779 -26.71804 -26.71828 -26.71849
 --------------------/ IPRT= 1  / IGRD= 1  /PRB CALC/ Z1=21   / DATE= 11.01.08
 -26.62863 -26.62863 -26.62863 -26.62863 -26.62863 -26.62863 -26.62863 -26.62863
 -26.62863 -26.63192 -26.63690 -26.64494
 -26.75124 -26.75124 -26.75124 -26.75124 -26.75124 -26.75124 -26.75124 -26.75124
 -26.75124 -26.75328 -26.75758 -26.76436
 -26.87303 -26.87303 -26.87303 -26.87303 -26.87303 -26.87303 -26.87303 -26.87303
 -26.87303 -26.87507 -26.87935 -26.88347
 -26.99340 -26.99340 -26.99340 -26.99340 -26.99340 -26.99340 -26.99340 -26.99340
 -26.99340 -26.99435 -26.99805 -27.00375
 -27.11120 -27.11120 -27.11120 -27.11121 -27.11121 -27.11121 -27.11122 -27.11122
 -27.11122 -27.11123 -27.11443 -27.11927
 -27.15449 -27.15978 -27.16514 -27.17050 -27.17577 -27.18086 -27.18572 -27.19028
 -27.19451 -27.19837 -27.20484 -27.21250
 -26.34468 -26.37676 -26.41161 -26.44911 -26.48905 -26.53116 -26.57511 -26.62052
 -26.66694 -26.71392 -26.76150 -26.80940
 -25.64380 -25.67834 -25.71624 -25.75748 -25.80200 -25.84964 -25.90024 -25.95355
 -26.00932 -26.06724 -26.12704 -26.18852
 -25.38635 -25.42043 -25.45794 -25.49886 -25.54317 -25.59074 -25.64142 -25.69502
 -25.75130 -25.81000 -25.87085 -25.93366
 -25.39672 -25.43006 -25.46680 -25.50698 -25.55056 -25.59743 -25.64747 -25.70047
 -25.75622 -25.81447 -25.87494 -25.93740
 -25.55919 -25.59165 -25.62749 -25.66674 -25.70937 -25.75529 -25.80437 -25.85641
 -25.91119 -25.96846 -26.02793 -26.08934
 -25.80597 -25.83736 -25.87206 -25.91010 -25.95144 -25.99600 -26.04364 -26.09414
 -26.14727 -26.20274 -26.26026 -26.31950
 -26.09511 -26.12496 -26.15796 -26.19410 -26.23335 -26.27559 -26.32065 -26.36828
 -26.41820 -26.47006 -26.52350 -26.57815
 -26.39329 -26.42042 -26.45031 -26.48292 -26.51816 -26.55584 -26.59573 -26.63751
 -26.68081 -26.72521 -26.77025 -26.81545
 -26.65914 -26.68114 -26.70515 -26.73106 -26.75871 -26.78783 -26.81813 -26.84924
 -26.88076 -26.91227 -26.94335 -26.97361
 -26.83779 -26.85202 -26.86733 -26.88356 -26.90053 -26.91802 -26.93578 -26.95355
 -26.97104 -26.98802 -27.00425 -27.01956
 -26.89588 -26.90278 -26.91009 -26.91773 -26.92558 -26.93353 -26.94145 -26.94922
 -26.95672 -26.96386 -26.97055 -26.97675
 -26.85749 -26.86016 -26.86296 -26.86587 -26.86885 -26.87183 -26.87478 -26.87766
 -26.88041 -26.88301 -26.88543 -26.88765
 -26.77096 -26.77188 -26.77285 -26.77386 -26.77488 -26.77591 -26.77692 -26.77791
 -26.77886 -26.77975 -26.78058 -26.78134
 -26.66958 -26.66988 -26.67021 -26.67054 -26.67089 -26.67123 -26.67157 -26.67191
 -26.67223 -26.67253 -26.67281 -26.67307
 --------------------/ IPRT= 1  / IGRD= 1  /PRB CALC/ Z1=22   / DATE= 11.01.08
 -26.53964 -26.53964 -26.53964 -26.53964 -26.53964 -26.53964 -26.53964 -26.53964
 -26.53964 -26.54166 -26.54588 -26.55254
 -26.66236 -26.66236 -26.66236 -26.66236 -26.66236 -26.66236 -26.66236 -26.66236
 -26.66236 -26.66437 -26.66859 -26.67265
 -26.78436 -26.78436 -26.78436 -26.78436 -26.78436 -26.78436 -26.78436 -26.78436
 -26.78436 -26.78530 -26.78896 -26.79460
 -26.90507 -26.90507 -26.90507 -26.90507 -26.90507 -26.90507 -26.90507 -26.90507
 -26.90507 -26.90507 -26.90826 -26.91308
 -27.02347 -27.02347 -27.02347 -27.02347 -27.02347 -27.02347 -27.02347 -27.02347
 -27.02347 -27.02347 -27.02662 -27.03138
 -27.10778 -27.10778 -27.10778 -27.10778 -27.10778 -27.10778 -27.10778 -27.10778
 -27.10779 -27.10779 -27.10959 -27.11336
 -26.79117 -26.79117 -26.79117 -26.79118 -26.79118 -26.79119 -26.79120 -26.79122
 -26.79125 -26.79129 -26.79165 -26.79291
 -26.35669 -26.35669 -26.35670 -26.35670 -26.35671 -26.35672 -26.35674 -26.35676
 -26.35680 -26.35685 -26.35692 -26.35743
 -26.21214 -26.21214 -26.21215 -26.21215 -26.21216 -26.21217 -26.21219 -26.21221
 -26.21224 -26.21229 -26.21236 -26.21261
 -26.27928 -26.27928 -26.27928 -26.27929 -26.27929 -26.27930 -26.27932 -26.27934
 -26.27937 -26.27941 -26.27948 -26.27965
 -26.46459 -26.46460 -26.46460 -26.46460 -26.46461 -26.46462 -26.46463 -26.46465
 -26.46468 -26.46472 -26.46477 -26.46490
 -26.69989 -26.69989 -26.69990 -26.69990 -26.69991 -26.69991 -26.69993 -26.69994
 -26.69996 -26.70000 -26.70004 -26.70017
 -26.92338 -26.92338 -26.92338 -26.92338 -26.92339 -26.92339 -26.92340 -26.92341
 -26.92343 -26.92345 -26.92349 -26.92354
 -27.07194 -27.07194 -27.07194 -27.07194 -27.07195 -27.07195 -27.07195 -27.07196
 -27.07197 -27.07199 -27.07201 -27.07204
 -27.10941 -27.10941 -27.10941 -27.10942 -27.10942 -27.10942 -27.10942 -27.10942
 -27.10943 -27.10943 -27.10944 -27.10946
 -27.05933 -27.05933 -27.05933 -27.05933 -27.05933 -27.05933 -27.05933 -27.05933
 -27.05933 -27.05933 -27.05934 -27.05934
 -26.96671 -26.96671 -26.96671 -26.96671 -26.96672 -26.96672 -26.96672 -26.96672
 -26.96672 -26.96672 -26.96672 -26.96672
 -26.85749 -26.85749 -26.85749 -26.85749 -26.85749 -26.85749 -26.85749 -26.85749
 -26.85749 -26.85749 -26.85749 -26.85749
 -26.74335 -26.74335 -26.74335 -26.74335 -26.74335 -26.74335 -26.74335 -26.74335
 -26.74335 -26.74335 -26.74335 -26.74335
 -26.63159 -26.63159 -26.63159 -26.63159 -26.63159 -26.63159 -26.63159 -26.63159
 -26.63159 -26.63159 -26.63159 -26.63159
 --------------------/ IPRT= 1  / IGRD= 1  /PRB CALC/ Z1=23   / DATE= 11.01.08
 -26.45280 -26.45280 -26.45280 -26.45280 -26.45280 -26.45280 -26.45280 -26.45280
 -26.45280 -26.45477 -26.45891 -26.46542
 -26.57562 -26.57562 -26.57562 -26.57562 -26.57562 -26.57562 -26.57562 -26.57562
 -26.57562 -26.57654 -26.58014 -26.58568
 -26.69779 -26.69779 -26.69779 -26.69779 -26.69779 -26.69779 -26.69779 -26.69779
 -26.69779 -26.69779 -26.70094 -26.70568
 -26.81882 -26.81882 -26.81882 -26.81882 -26.81882 -26.81882 -26.81882 -26.81882
 -26.81882 -26.81882 -26.82194 -26.82666
 -26.93780 -26.93780 -26.93780 -26.93780 -26.93780 -26.93780 -26.93780 -26.93780
 -26.93780 -26.93780 -26.93973 -26.94377
 -27.04012 -27.04012 -27.04012 -27.04012 -27.04012 -27.04012 -27.04013 -27.04013
 -27.04013 -27.04013 -27.04099 -27.04435
 -26.85379 -26.85379 -26.85380 -26.85380 -26.85380 -26.85381 -26.85382 -26.85383
 -26.85385 -26.85387 -26.85391 -26.85602
 -26.43559 -26.43559 -26.43560 -26.43560 -26.43561 -26.43562 -26.43563 -26.43565
 -26.43568 -26.43572 -26.43577 -26.43627
 -26.26607 -26.26607 -26.26608 -26.26608 -26.26609 -26.26610 -26.26611 -26.26613
 -26.26616 -26.26620 -26.26625 -26.26646
 -26.31384 -26.31385 -26.31385 -26.31385 -26.31386 -26.31387 -26.31388 -26.31390
 -26.31392 -26.31396 -26.31401 -26.31419
 -26.48554 -26.48555 -26.48555 -26.48555 -26.48556 -26.48557 -26.48558 -26.48559
 -26.48561 -26.48565 -26.48569 -26.48582
 -26.70920 -26.70920 -26.70920 -26.70921 -26.70921 -26.70922 -26.70923 -26.70924
 -26.70926 -26.70928 -26.70932 -26.70938
 -26.91932 -26.91933 -26.91933 -26.91933 -26.91933 -26.91934 -26.91934 -26.91935
 -26.91937 -26.91939 -26.91941 -26.91945
 -27.05329 -27.05329 -27.05329 -27.05329 -27.05330 -27.05330 -27.05330 -27.05331
 -27.05332 -27.05333 -27.05334 -27.05337
 -27.07942 -27.07942 -27.07942 -27.07942 -27.07942 -27.07942 -27.07942 -27.07942
 -27.07943 -27.07943 -27.07944 -27.07945
 -27.02326 -27.02326 -27.02326 -27.02326 -27.02326 -27.02326 -27.02326 -27.02326
 -27.02326 -27.02326 -27.02326 -27.02327
 -26.92825 -26.92825 -26.92825 -26.92825 -26.92825 -26.92825 -26.92825 -26.92825
 -26.92825 -26.92825 -26.92825 -26.92826
 -26.81831 -26.81831 -26.81831 -26.81831 -26.81831 -26.81831 -26.81831 -26.81831
 -26.81831 -26.81831 -26.81831 -26.81831
 -26.70351 -26.70351 -26.70351 -26.70351 -26.70351 -26.70351 -26.70351 -26.70351
 -26.70351 -26.70351 -26.70351 -26.70351
 -26.59085 -26.59085 -26.59085 -26.59085 -26.59085 -26.59085 -26.59085 -26.59085
 -26.59085 -26.59085 -26.59085 -26.59085
 --------------------/ IPRT= 1  / IGRD= 1  /PRB CALC/ Z1=24   / DATE= 11.01.08
 -26.36973 -26.36973 -26.36973 -26.36973 -26.36973 -26.36973 -26.36973 -26.36973
 -26.36973 -26.37063 -26.37416 -26.37959
 -26.49263 -26.49263 -26.49263 -26.49263 -26.49263 -26.49263 -26.49263 -26.49263
 -26.49263 -26.49263 -26.49705 -26.50038
 -26.61495 -26.61495 -26.61495 -26.61495 -26.61495 -26.61495 -26.61495 -26.61495
 -26.61495 -26.61495 -26.61803 -26.62268
 -26.73624 -26.73624 -26.73624 -26.73624 -26.73624 -26.73624 -26.73624 -26.73624
 -26.73624 -26.73624 -26.73815 -26.74215
 -26.85571 -26.85571 -26.85571 -26.85571 -26.85571 -26.85571 -26.85571 -26.85571
 -26.85571 -26.85571 -26.85660 -26.86005
 -26.97189 -26.97189 -26.97189 -26.97189 -26.97189 -26.97189 -26.97189 -26.97189
 -26.97189 -26.97189 -26.97276 -26.97616
 -27.01183 -27.01183 -27.01183 -27.01184 -27.01184 -27.01184 -27.01184 -27.01184
 -27.01185 -27.01185 -27.01186 -27.01433
 -26.35518 -26.35518 -26.35519 -26.35519 -26.35520 -26.35520 -26.35521 -26.35523
 -26.35525 -26.35529 -26.35534 -26.35566
 -25.77459 -25.77459 -25.77460 -25.77460 -25.77461 -25.77462 -25.77463 -25.77464
 -25.77467 -25.77470 -25.77476 -25.77488
 -25.58201 -25.58201 -25.58202 -25.58202 -25.58203 -25.58203 -25.58204 -25.58206
 -25.58208 -25.58212 -25.58216 -25.58224
 -25.63021 -25.63021 -25.63022 -25.63022 -25.63022 -25.63023 -25.63024 -25.63026
 -25.63028 -25.63031 -25.63035 -25.63041
 -25.81416 -25.81416 -25.81416 -25.81416 -25.81417 -25.81417 -25.81418 -25.81420
 -25.81422 -25.81424 -25.81428 -25.81434
 -26.06868 -26.06868 -26.06869 -26.06869 -26.06869 -26.06870 -26.06871 -26.06872
 -26.06874 -26.06876 -26.06880 -26.06885
 -26.34614 -26.34614 -26.34615 -26.34615 -26.34615 -26.34616 -26.34616 -26.34617
 -26.34619 -26.34621 -26.34624 -26.34628
 -26.59490 -26.59490 -26.59490 -26.59490 -26.59491 -26.59491 -26.59491 -26.59492
 -26.59493 -26.59495 -26.59497 -26.59500
 -26.75412 -26.75412 -26.75412 -26.75412 -26.75412 -26.75413 -26.75413 -26.75413
 -26.75414 -26.75415 -26.75416 -26.75418
 -26.79454 -26.79454 -26.79454 -26.79454 -26.79454 -26.79454 -26.79454 -26.79454
 -26.79455 -26.79455 -26.79456 -26.79457
 -26.74589 -26.74589 -26.74589 -26.74589 -26.74589 -26.74589 -26.74589 -26.74589
 -26.74589 -26.74589 -26.74589 -26.74590
 -26.65364 -26.65364 -26.65364 -26.65364 -26.65364 -26.65364 -26.65364 -26.65364
 -26.65364 -26.65364 -26.65364 -26.65364
 -26.54805 -26.54805 -26.54805 -26.54805 -26.54805 -26.54805 -26.54805 -26.54805
 -26.54805 -26.54805 -26.54805 -26.54805
 --------------------/ IPRT= 1  / IGRD= 1  /PRB CALC/ Z1=25   / DATE= 11.01.08
 -26.29108 -26.29108 -26.29108 -26.29108 -26.29108 -26.29108 -26.29108 -26.29108
 -26.29108 -26.29108 -26.29543 -26.29871
 -26.41406 -26.41406 -26.41406 -26.41406 -26.41406 -26.41406 -26.41406 -26.41406
 -26.41406 -26.41406 -26.41709 -26.42167
 -26.53650 -26.53650 -26.53650 -26.53650 -26.53650 -26.53650 -26.53650 -26.53650
 -26.53650 -26.53650 -26.53839 -26.54235
 -26.65802 -26.65802 -26.65802 -26.65802 -26.65802 -26.65802 -26.65802 -26.65802
 -26.65802 -26.65802 -26.65890 -26.66383
 -26.77788 -26.77788 -26.77788 -26.77788 -26.77788 -26.77788 -26.77788 -26.77788
 -26.77788 -26.77788 -26.77876 -26.78216
 -26.89481 -26.89481 -26.89481 -26.89481 -26.89481 -26.89481 -26.89481 -26.89481
 -26.89481 -26.89481 -26.89481 -26.89775
 -26.96700 -26.96700 -26.96700 -26.96700 -26.96700 -26.96700 -26.96700 -26.96700
 -26.96701 -26.96701 -26.96701 -26.96865
 -26.42238 -26.42238 -26.42238 -26.42239 -26.42239 -26.42240 -26.42241 -26.42242
 -26.42244 -26.42247 -26.42251 -26.42291
 -25.79615 -25.79616 -25.79616 -25.79616 -25.79617 -25.79617 -25.79618 -25.79620
 -25.79622 -25.79625 -25.79629 -25.79638
 -25.55432 -25.55432 -25.55432 -25.55433 -25.55433 -25.55434 -25.55435 -25.55436
 -25.55438 -25.55441 -25.55445 -25.55451
 -25.56919 -25.56919 -25.56919 -25.56920 -25.56920 -25.56921 -25.56922 -25.56923
 -25.56925 -25.56927 -25.56931 -25.56937
 -25.73292 -25.73293 -25.73293 -25.73293 -25.73293 -25.73294 -25.73295 -25.73296
 -25.73298 -25.73300 -25.73303 -25.73308
 -25.97678 -25.97679 -25.97679 -25.97679 -25.97679 -25.97680 -25.97681 -25.97682
 -25.97683 -25.97685 -25.97688 -25.97693
 -26.25174 -26.25175 -26.25175 -26.25175 -26.25175 -26.25176 -26.25176 -26.25177
 -26.25178 -26.25180 -26.25183 -26.25187
 -26.50752 -26.50752 -26.50753 -26.50753 -26.50753 -26.50753 -26.50754 -26.50755
 -26.50756 -26.50757 -26.50759 -26.50762
 -26.68314 -26.68314 -26.68314 -26.68314 -26.68314 -26.68315 -26.68315 -26.68315
 -26.68316 -26.68317 -26.68318 -26.68320
 -26.74087 -26.74087 -26.74087 -26.74087 -26.74087 -26.74087 -26.74087 -26.74088
 -26.74088 -26.74088 -26.74089 -26.74090
 -26.70269 -26.70269 -26.70269 -26.70269 -26.70269 -26.70270 -26.70270 -26.70270
 -26.70270 -26.70270 -26.70270 -26.70270
 -26.61467 -26.61467 -26.61467 -26.61467 -26.61467 -26.61467 -26.61467 -26.61467
 -26.61467 -26.61467 -26.61467 -26.61467
 -26.51004 -26.51004 -26.51004 -26.51004 -26.51004 -26.51004 -26.51004 -26.51004
 -26.51004 -26.51004 -26.51004 -26.51004
 --------------------/ IPRT= 1  / IGRD= 1  /PRB CALC/ Z1=26   / DATE= 11.01.08
 -26.21572 -26.21572 -26.21572 -26.21572 -26.21572 -26.21572 -26.21572 -26.21572
 -26.21572 -26.21572 -26.21871 -26.22322
 -26.33876 -26.33876 -26.33876 -26.33876 -26.33876 -26.33876 -26.33876 -26.33876
 -26.33876 -26.33876 -26.34062 -26.34452
 -26.46132 -26.46132 -26.46132 -26.46132 -26.46132 -26.46132 -26.46132 -26.46132
 -26.46132 -26.46132 -26.46317 -26.46706
 -26.58303 -26.58303 -26.58303 -26.58303 -26.58303 -26.58303 -26.58303 -26.58303
 -26.58303 -26.58303 -26.58389 -26.58727
 -26.70323 -26.70323 -26.70323 -26.70323 -26.70323 -26.70323 -26.70323 -26.70323
 -26.70323 -26.70323 -26.70323 -26.70618
 -26.82080 -26.82080 -26.82080 -26.82080 -26.82080 -26.82080 -26.82080 -26.82080
 -26.82080 -26.82080 -26.82080 -26.82370
 -26.93379 -26.93379 -26.93379 -26.93379 -26.93379 -26.93379 -26.93379 -26.93379
 -26.93379 -26.93379 -26.93379 -26.93555
 -27.03894 -27.03894 -27.03894 -27.03894 -27.03894 -27.03894 -27.03894 -27.03894
 -27.03894 -27.03894 -27.03894 -27.03973
 -27.13116 -27.13116 -27.13116 -27.13116 -27.13116 -27.13116 -27.13116 -27.13116
 -27.13116 -27.13116 -27.13116 -27.13116
 -27.20318 -27.20318 -27.20318 -27.20318 -27.20318 -27.20318 -27.20318 -27.20318
 -27.20318 -27.20318 -27.20318 -27.20318
 -27.24609 -27.24609 -27.24609 -27.24609 -27.24609 -27.24609 -27.24609 -27.24609
 -27.24609 -27.24609 -27.24609 -27.24609
 -27.25148 -27.25148 -27.25148 -27.25148 -27.25148 -27.25148 -27.25148 -27.25148
 -27.25148 -27.25148 -27.25148 -27.25148
 -27.21419 -27.21419 -27.21419 -27.21419 -27.21419 -27.21419 -27.21419 -27.21419
 -27.21419 -27.21419 -27.21419 -27.21419
 -27.14612 -27.14612 -27.14612 -27.14612 -27.14612 -27.14612 -27.14612 -27.14612
 -27.14612 -27.14612 -27.14612 -27.14612
 -27.05268 -27.05268 -27.05268 -27.05268 -27.05268 -27.05268 -27.05268 -27.05268
 -27.05268 -27.05268 -27.05268 -27.05268
 -26.94346 -26.94346 -26.94346 -26.94346 -26.94346 -26.94346 -26.94346 -26.94346
 -26.94346 -26.94346 -26.94346 -26.94346
 -26.82875 -26.82875 -26.82875 -26.82875 -26.82875 -26.82875 -26.82875 -26.82875
 -26.82875 -26.82875 -26.82875 -26.82875
 -26.71228 -26.71228 -26.71228 -26.71228 -26.71228 -26.71228 -26.71228 -26.71228
 -26.71228 -26.71228 -26.71228 -26.71228
 -26.59472 -26.59472 -26.59472 -26.59472 -26.59472 -26.59472 -26.59472 -26.59472
 -26.59472 -26.59472 -26.59472 -26.59472
 -26.47946 -26.47946 -26.47946 -26.47946 -26.47946 -26.47946 -26.47946 -26.47946
 -26.47946 -26.47946 -26.47946 -26.47946
 --------------------/ IPRT= 1  / IGRD= 1  /PRB CALC/ Z1=27   / DATE= 11.01.08
 -26.14341 -26.14341 -26.14341 -26.14341 -26.14341 -26.14341 -26.14341 -26.14341
 -26.14341 -26.14341 -26.14524 -26.14909
 -26.26650 -26.26650 -26.26650 -26.26650 -26.26650 -26.26650 -26.26650 -26.26650
 -26.26650 -26.26650 -26.26833 -26.27217
 -26.38915 -26.38915 -26.38915 -26.38915 -26.38915 -26.38915 -26.38915 -26.38915
 -26.38915 -26.38915 -26.39001 -26.39335
 -26.51103 -26.51103 -26.51103 -26.51103 -26.51103 -26.51103 -26.51103 -26.51103
 -26.51103 -26.51103 -26.51103 -26.51395
 -26.63154 -26.63154 -26.63154 -26.63154 -26.63154 -26.63154 -26.63154 -26.63154
 -26.63154 -26.63154 -26.63154 -26.63444
 -26.74964 -26.74964 -26.74964 -26.74964 -26.74964 -26.74964 -26.74964 -26.74964
 -26.74964 -26.74964 -26.74964 -26.75142
 -26.86352 -26.86352 -26.86352 -26.86352 -26.86352 -26.86352 -26.86352 -26.86352
 -26.86352 -26.86352 -26.86352 -26.86434
 -26.96171 -26.96171 -26.96171 -26.96171 -26.96171 -26.96171 -26.96171 -26.96171
 -26.96171 -26.96171 -26.96171 -26.96171
 -26.84225 -26.84225 -26.84225 -26.84225 -26.84226 -26.84226 -26.84226 -26.84227
 -26.84227 -26.84228 -26.84230 -26.84232
 -26.48078 -26.48078 -26.48078 -26.48079 -26.48079 -26.48079 -26.48080 -26.48081
 -26.48082 -26.48084 -26.48086 -26.48090
 -26.31798 -26.31798 -26.31798 -26.31798 -26.31798 -26.31799 -26.31799 -26.31800
 -26.31802 -26.31803 -26.31806 -26.31809
 -26.35732 -26.35732 -26.35732 -26.35732 -26.35733 -26.35733 -26.35734 -26.35734
 -26.35735 -26.35737 -26.35739 -26.35743
 -26.50468 -26.50468 -26.50468 -26.50468 -26.50469 -26.50469 -26.50469 -26.50470
 -26.50471 -26.50472 -26.50474 -26.50477
 -26.67536 -26.67536 -26.67536 -26.67536 -26.67536 -26.67536 -26.67537 -26.67537
 -26.67538 -26.67539 -26.67540 -26.67542
 -26.79270 -26.79270 -26.79270 -26.79271 -26.79271 -26.79271 -26.79271 -26.79271
 -26.79272 -26.79272 -26.79273 -26.79274
 -26.81488 -26.81488 -26.81488 -26.81488 -26.81488 -26.81488 -26.81488 -26.81488
 -26.81489 -26.81489 -26.81489 -26.81490
 -26.76013 -26.76013 -26.76013 -26.76013 -26.76013 -26.76013 -26.76014 -26.76014
 -26.76014 -26.76014 -26.76014 -26.76014
 -26.66655 -26.66655 -26.66655 -26.66655 -26.66655 -26.66655 -26.66655 -26.66655
 -26.66655 -26.66655 -26.66655 -26.66655
 -26.55711 -26.55711 -26.55711 -26.55711 -26.55711 -26.55711 -26.55711 -26.55711
 -26.55711 -26.55711 -26.55711 -26.55711
 -26.44402 -26.44402 -26.44402 -26.44402 -26.44402 -26.44402 -26.44402 -26.44402
 -26.44402 -26.44402 -26.44402 -26.44402
 --------------------/ IPRT= 1  / IGRD= 1  /PRB CALC/ Z1=28   / DATE= 11.01.08
 -26.07389 -26.07389 -26.07389 -26.07389 -26.07389 -26.07389 -26.07389 -26.07389
 -26.07389 -26.07389 -26.07570 -26.07949
 -26.19703 -26.19703 -26.19703 -26.19703 -26.19703 -26.19703 -26.19703 -26.19703
 -26.19703 -26.19703 -26.19788 -26.20118
 -26.31977 -26.31977 -26.31977 -26.31977 -26.31977 -26.31977 -26.31977 -26.31977
 -26.31977 -26.31977 -26.31977 -26.32391
 -26.44180 -26.44180 -26.44180 -26.44180 -26.44180 -26.44180 -26.44180 -26.44180
 -26.44180 -26.44180 -26.44180 -26.44468
 -26.56257 -26.56257 -26.56257 -26.56257 -26.56257 -26.56257 -26.56257 -26.56257
 -26.56257 -26.56257 -26.56257 -26.56436
 -26.68113 -26.68113 -26.68113 -26.68113 -26.68113 -26.68113 -26.68113 -26.68113
 -26.68113 -26.68113 -26.68113 -26.68196
 -26.79523 -26.79523 -26.79523 -26.79523 -26.79523 -26.79523 -26.79523 -26.79523
 -26.79523 -26.79523 -26.79523 -26.79603
 -26.77731 -26.77731 -26.77731 -26.77731 -26.77731 -26.77732 -26.77732 -26.77732
 -26.77732 -26.77733 -26.77734 -26.77735
 -26.17441 -26.17441 -26.17441 -26.17441 -26.17441 -26.17442 -26.17442 -26.17443
 -26.17444 -26.17446 -26.17449 -26.17452
 -25.74557 -25.74557 -25.74557 -25.74558 -25.74558 -25.74558 -25.74559 -25.74560
 -25.74561 -25.74563 -25.74566 -25.74569
 -25.64225 -25.64225 -25.64225 -25.64225 -25.64225 -25.64226 -25.64226 -25.64227
 -25.64228 -25.64230 -25.64233 -25.64236
 -25.73838 -25.73838 -25.73838 -25.73838 -25.73839 -25.73839 -25.73840 -25.73840
 -25.73841 -25.73843 -25.73845 -25.73848
 -25.94317 -25.94317 -25.94317 -25.94317 -25.94317 -25.94318 -25.94318 -25.94319
 -25.94320 -25.94321 -25.94323 -25.94326
 -26.19402 -26.19402 -26.19402 -26.19402 -26.19403 -26.19403 -26.19403 -26.19404
 -26.19405 -26.19406 -26.19408 -26.19410
 -26.43330 -26.43330 -26.43330 -26.43330 -26.43330 -26.43330 -26.43331 -26.43331
 -26.43332 -26.43333 -26.43334 -26.43336
 -26.59665 -26.59665 -26.59665 -26.59665 -26.59665 -26.59666 -26.59666 -26.59666
 -26.59666 -26.59667 -26.59668 -26.59669
 -26.64581 -26.64581 -26.64581 -26.64581 -26.64581 -26.64581 -26.64581 -26.64581
 -26.64582 -26.64582 -26.64582 -26.64583
 -26.60361 -26.60361 -26.60361 -26.60361 -26.60361 -26.60361 -26.60361 -26.60361
 -26.60361 -26.60361 -26.60362 -26.60362
 -26.51429 -26.51429 -26.51429 -26.51429 -26.51429 -26.51429 -26.51429 -26.51429
 -26.51429 -26.51429 -26.51429 -26.51429
 -26.40773 -26.40773 -26.40773 -26.40773 -26.40773 -26.40773 -26.40773 -26.40773
 -26.40773 -26.40773 -26.40773 -26.40773
 --------------------/ IPRT= 1  / IGRD= 1  /PRB CALC/ Z1=29   / DATE= 11.01.08
 -25.97905 -25.97905 -25.97905 -25.97905 -25.97905 -25.97905 -25.97905 -25.97905
 -25.97905 -25.97905 -25.97983 -25.98289
 -26.10226 -26.10226 -26.10226 -26.10226 -26.10226 -26.10226 -26.10226 -26.10226
 -26.10226 -26.10226 -26.10304 -26.10609
 -26.22512 -26.22512 -26.22512 -26.22512 -26.22512 -26.22512 -26.22512 -26.22512
 -26.22512 -26.22512 -26.22512 -26.22780
 -26.34738 -26.34738 -26.34738 -26.34738 -26.34738 -26.34738 -26.34738 -26.34738
 -26.34738 -26.34738 -26.34738 -26.34904
 -26.46855 -26.46855 -26.46855 -26.46855 -26.46855 -26.46855 -26.46855 -26.46855
 -26.46855 -26.46855 -26.46855 -26.47020
 -26.58780 -26.58780 -26.58780 -26.58780 -26.58780 -26.58780 -26.58780 -26.58780
 -26.58780 -26.58780 -26.58780 -26.58857
 -26.70370 -26.70370 -26.70370 -26.70370 -26.70370 -26.70370 -26.70370 -26.70370
 -26.70370 -26.70370 -26.70370 -26.70370
 -26.81381 -26.81381 -26.81381 -26.81381 -26.81381 -26.81381 -26.81381 -26.81381
 -26.81381 -26.81381 -26.81381 -26.81381
 -26.91413 -26.91413 -26.91413 -26.91413 -26.91413 -26.91413 -26.91413 -26.91413
 -26.91413 -26.91413 -26.91413 -26.91413
 -26.99861 -26.99861 -26.99861 -26.99861 -26.99861 -26.99861 -26.99861 -26.99861
 -26.99861 -26.99861 -26.99861 -26.99861
 -27.05906 -27.05906 -27.05906 -27.05906 -27.05906 -27.05906 -27.05906 -27.05906
 -27.05906 -27.05906 -27.05906 -27.05906
 -27.08631 -27.08631 -27.08631 -27.08631 -27.08631 -27.08631 -27.08631 -27.08631
 -27.08631 -27.08631 -27.08631 -27.08631
 -27.07279 -27.07279 -27.07279 -27.07279 -27.07279 -27.07279 -27.07279 -27.07279
 -27.07279 -27.07279 -27.07279 -27.07279
 -27.02113 -27.02113 -27.02113 -27.02113 -27.02113 -27.02113 -27.02113 -27.02113
 -27.02113 -27.02113 -27.02113 -27.02113
 -26.94101 -26.94101 -26.94101 -26.94101 -26.94101 -26.94101 -26.94101 -26.94101
 -26.94101 -26.94101 -26.94101 -26.94101
 -26.83991 -26.83991 -26.83991 -26.83991 -26.83991 -26.83991 -26.83991 -26.83991
 -26.83991 -26.83991 -26.83991 -26.83991
 -26.72813 -26.72813 -26.72813 -26.72813 -26.72813 -26.72813 -26.72813 -26.72813
 -26.72813 -26.72813 -26.72813 -26.72813
 -26.61317 -26.61317 -26.61317 -26.61317 -26.61317 -26.61317 -26.61317 -26.61317
 -26.61317 -26.61317 -26.61317 -26.61317
 -26.49669 -26.49669 -26.49669 -26.49669 -26.49669 -26.49669 -26.49669 -26.49669
 -26.49669 -26.49669 -26.49669 -26.49669
 -26.38050 -26.38050 -26.38050 -26.38050 -26.38050 -26.38050 -26.38050 -26.38050
 -26.38050 -26.38050 -26.38050 -26.38050
 --------------------/ IPRT= 1  / IGRD= 1  /PRB CALC/ Z1=30   / DATE= 11.01.08
 -25.91421 -25.91421 -25.91421 -25.91421 -25.91421 -25.91421 -25.91421 -25.91421
 -25.91421 -25.91421 -25.91498 -25.91800
 -26.03746 -26.03746 -26.03746 -26.03746 -26.03746 -26.03746 -26.03746 -26.03746
 -26.03746 -26.03746 -26.03746 -26.04010
 -26.16038 -26.16038 -26.16038 -26.16038 -26.16038 -26.16038 -26.16038 -26.16038
 -26.16038 -26.16038 -26.16038 -26.16302
 -26.28275 -26.28275 -26.28275 -26.28275 -26.28275 -26.28275 -26.28275 -26.28275
 -26.28275 -26.28275 -26.28275 -26.28439
 -26.40411 -26.40411 -26.40411 -26.40411 -26.40411 -26.40411 -26.40411 -26.40411
 -26.40411 -26.40411 -26.40411 -26.40488
 -26.52371 -26.52371 -26.52371 -26.52371 -26.52371 -26.52371 -26.52371 -26.52371
 -26.52371 -26.52371 -26.52371 -26.52371
 -26.64021 -26.64021 -26.64021 -26.64021 -26.64021 -26.64021 -26.64021 -26.64021
 -26.64021 -26.64021 -26.64021 -26.64021
 -26.75135 -26.75135 -26.75135 -26.75135 -26.75135 -26.75135 -26.75135 -26.75135
 -26.75135 -26.75135 -26.75135 -26.75135
 -26.85338 -26.85338 -26.85338 -26.85338 -26.85338 -26.85338 -26.85338 -26.85338
 -26.85338 -26.85338 -26.85338 -26.85338
 -26.94057 -26.94057 -26.94057 -26.94057 -26.94057 -26.94057 -26.94057 -26.94057
 -26.94057 -26.94057 -26.94057 -26.94057
 -27.00499 -27.00499 -27.00499 -27.00499 -27.00499 -27.00499 -27.00499 -27.00499
 -27.00499 -27.00499 -27.00499 -27.00499
 -27.03746 -27.03746 -27.03746 -27.03746 -27.03746 -27.03746 -27.03746 -27.03746
 -27.03746 -27.03746 -27.03746 -27.03746
 -27.02998 -27.02998 -27.02998 -27.02998 -27.02998 -27.02998 -27.02998 -27.02998
 -27.02998 -27.02998 -27.02998 -27.02998
 -26.98292 -26.98292 -26.98292 -26.98292 -26.98292 -26.98292 -26.98292 -26.98292
 -26.98292 -26.98292 -26.98292 -26.98292
 -26.90659 -26.90659 -26.90659 -26.90659 -26.90659 -26.90659 -26.90659 -26.90659
 -26.90659 -26.90659 -26.90659 -26.90659
 -26.80790 -26.80790 -26.80790 -26.80790 -26.80790 -26.80790 -26.80790 -26.80790
 -26.80790 -26.80790 -26.80790 -26.80790
 -26.69709 -26.69709 -26.69709 -26.69709 -26.69709 -26.69709 -26.69709 -26.69709
 -26.69709 -26.69709 -26.69709 -26.69709
 -26.58256 -26.58256 -26.58256 -26.58256 -26.58256 -26.58256 -26.58256 -26.58256
 -26.58256 -26.58256 -26.58256 -26.58256
 -26.46635 -26.46635 -26.46635 -26.46635 -26.46635 -26.46635 -26.46635 -26.46635
 -26.46635 -26.46635 -26.46635 -26.46635
 -26.34993 -26.34993 -26.34993 -26.34993 -26.34993 -26.34993 -26.34993 -26.34993
 -26.34993 -26.34993 -26.34993 -26.34993
 --------------------/ IPRT= 1  / IGRD= 1  /PRB CALC/ Z1=31   / DATE= 11.01.08
 -25.85155 -25.85155 -25.85155 -25.85155 -25.85155 -25.85155 -25.85155 -25.85155
 -25.85155 -25.85155 -25.85155 -25.85529
 -25.97483 -25.97483 -25.97483 -25.97483 -25.97483 -25.97483 -25.97483 -25.97483
 -25.97483 -25.97483 -25.97483 -25.97744
 -26.09782 -26.09782 -26.09782 -26.09782 -26.09782 -26.09782 -26.09782 -26.09782
 -26.09782 -26.09782 -26.09782 -26.09944
 -26.22028 -26.22028 -26.22028 -26.22028 -26.22028 -26.22028 -26.22028 -26.22028
 -26.22028 -26.22028 -26.22028 -26.22104
 -26.34171 -26.34171 -26.34171 -26.34171 -26.34171 -26.34171 -26.34171 -26.34171
 -26.34171 -26.34171 -26.34171 -26.34247
 -26.43959 -26.43959 -26.43959 -26.43959 -26.43959 -26.43959 -26.43959 -26.43959
 -26.43959 -26.43959 -26.43959 -26.43960
 -26.31297 -26.31297 -26.31297 -26.31297 -26.31298 -26.31298 -26.31298 -26.31298
 -26.31299 -26.31300 -26.31301 -26.31302
 -26.07550 -26.07550 -26.07550 -26.07550 -26.07551 -26.07551 -26.07551 -26.07552
 -26.07553 -26.07554 -26.07555 -26.07558
 -26.01923 -26.01923 -26.01923 -26.01924 -26.01924 -26.01924 -26.01924 -26.01925
 -26.01926 -26.01927 -26.01929 -26.01931
 -26.12255 -26.12255 -26.12255 -26.12255 -26.12255 -26.12256 -26.12256 -26.12257
 -26.12257 -26.12258 -26.12260 -26.12262
 -26.31300 -26.31300 -26.31300 -26.31300 -26.31300 -26.31300 -26.31301 -26.31301
 -26.31302 -26.31303 -26.31304 -26.31306
 -26.52820 -26.52820 -26.52820 -26.52820 -26.52820 -26.52820 -26.52821 -26.52821
 -26.52821 -26.52822 -26.52823 -26.52825
 -26.70992 -26.70992 -26.70992 -26.70992 -26.70992 -26.70992 -26.70992 -26.70992
 -26.70993 -26.70993 -26.70994 -26.70995
 -26.80922 -26.80922 -26.80922 -26.80922 -26.80922 -26.80922 -26.80922 -26.80922
 -26.80922 -26.80922 -26.80923 -26.80923
 -26.81696 -26.81696 -26.81696 -26.81696 -26.81696 -26.81696 -26.81696 -26.81696
 -26.81696 -26.81696 -26.81696 -26.81697
 -26.75641 -26.75641 -26.75641 -26.75641 -26.75641 -26.75641 -26.75641 -26.75641
 -26.75641 -26.75641 -26.75641 -26.75641
 -26.66009 -26.66009 -26.66009 -26.66009 -26.66009 -26.66009 -26.66009 -26.66009
 -26.66009 -26.66009 -26.66009 -26.66009
 -26.55063 -26.55063 -26.55063 -26.55063 -26.55063 -26.55063 -26.55063 -26.55063
 -26.55063 -26.55063 -26.55063 -26.55063
 -26.43623 -26.43623 -26.43623 -26.43623 -26.43623 -26.43623 -26.43623 -26.43623
 -26.43623 -26.43623 -26.43623 -26.43623
 -26.32014 -26.32014 -26.32014 -26.32014 -26.32014 -26.32014 -26.32014 -26.32014
 -26.32014 -26.32014 -26.32014 -26.32014
 --------------------/ IPRT= 1  / IGRD= 1  /PRB CALC/ Z1=32   / DATE= 11.01.08
 -25.79105 -25.79105 -25.79105 -25.79105 -25.79105 -25.79105 -25.79105 -25.79105
 -25.79105 -25.79105 -25.79105 -25.79363
 -25.91436 -25.91436 -25.91436 -25.91436 -25.91436 -25.91436 -25.91436 -25.91436
 -25.91436 -25.91436 -25.91436 -25.91597
 -26.03739 -26.03739 -26.03739 -26.03739 -26.03739 -26.03739 -26.03739 -26.03739
 -26.03739 -26.03739 -26.03739 -26.03900
 -26.15994 -26.15994 -26.15994 -26.15994 -26.15994 -26.15994 -26.15994 -26.15994
 -26.15994 -26.15994 -26.15994 -26.16069
 -26.28150 -26.28150 -26.28150 -26.28150 -26.28150 -26.28150 -26.28150 -26.28150
 -26.28150 -26.28150 -26.28150 -26.28150
 -26.37316 -26.37316 -26.37316 -26.37316 -26.37317 -26.37317 -26.37317 -26.37317
 -26.37317 -26.37317 -26.37317 -26.37317
 -26.19738 -26.19738 -26.19738 -26.19738 -26.19739 -26.19739 -26.19739 -26.19739
 -26.19740 -26.19741 -26.19742 -26.19744
 -25.92752 -25.92752 -25.92752 -25.92752 -25.92752 -25.92753 -25.92753 -25.92753
 -25.92754 -25.92755 -25.92757 -25.92759
 -25.86394 -25.86394 -25.86394 -25.86394 -25.86394 -25.86395 -25.86395 -25.86396
 -25.86396 -25.86398 -25.86399 -25.86401
 -25.96835 -25.96836 -25.96836 -25.96836 -25.96836 -25.96836 -25.96836 -25.96837
 -25.96838 -25.96839 -25.96840 -25.96842
 -26.16563 -26.16563 -26.16563 -26.16563 -26.16564 -26.16564 -26.16564 -26.16565
 -26.16565 -26.16566 -26.16567 -26.16569
 -26.39535 -26.39535 -26.39535 -26.39535 -26.39535 -26.39535 -26.39535 -26.39536
 -26.39536 -26.39537 -26.39538 -26.39539
 -26.60176 -26.60176 -26.60176 -26.60176 -26.60176 -26.60176 -26.60176 -26.60176
 -26.60177 -26.60177 -26.60178 -26.60179
 -26.73161 -26.73161 -26.73161 -26.73161 -26.73161 -26.73161 -26.73161 -26.73161
 -26.73162 -26.73162 -26.73162 -26.73163
 -26.76456 -26.76456 -26.76456 -26.76456 -26.76456 -26.76456 -26.76456 -26.76456
 -26.76456 -26.76456 -26.76457 -26.76457
 -26.71837 -26.71837 -26.71837 -26.71837 -26.71837 -26.71837 -26.71837 -26.71837
 -26.71837 -26.71837 -26.71837 -26.71837
 -26.62819 -26.62819 -26.62819 -26.62819 -26.62819 -26.62819 -26.62819 -26.62819
 -26.62819 -26.62819 -26.62819 -26.62819
 -26.52100 -26.52100 -26.52100 -26.52100 -26.52100 -26.52100 -26.52100 -26.52100
 -26.52100 -26.52100 -26.52100 -26.52100
 -26.40747 -26.40747 -26.40747 -26.40747 -26.40747 -26.40747 -26.40747 -26.40747
 -26.40747 -26.40747 -26.40747 -26.40747
 -26.29147 -26.29147 -26.29147 -26.29147 -26.29147 -26.29147 -26.29147 -26.29147
 -26.29147 -26.29147 -26.29147 -26.29147
 --------------------/ IPRT= 1  / IGRD= 1  /PRB CALC/ Z1=33   / DATE= 11.01.08
 -25.73257 -25.73257 -25.73257 -25.73257 -25.73257 -25.73257 -25.73257 -25.73257
 -25.73257 -25.73257 -25.73257 -25.73512
 -25.85590 -25.85590 -25.85590 -25.85590 -25.85590 -25.85590 -25.85590 -25.85590
 -25.85590 -25.85590 -25.85590 -25.85749
 -25.97898 -25.97898 -25.97898 -25.97898 -25.97898 -25.97898 -25.97898 -25.97898
 -25.97898 -25.97898 -25.97898 -25.97972
 -26.10161 -26.10161 -26.10161 -26.10161 -26.10161 -26.10161 -26.10161 -26.10161
 -26.10161 -26.10161 -26.10161 -26.10161
 -26.22329 -26.22329 -26.22329 -26.22329 -26.22329 -26.22329 -26.22329 -26.22329
 -26.22329 -26.22329 -26.22329 -26.22329
 -26.30678 -26.30678 -26.30678 -26.30678 -26.30678 -26.30678 -26.30678 -26.30678
 -26.30678 -26.30678 -26.30679 -26.30679
 -26.04342 -26.04342 -26.04342 -26.04342 -26.04342 -26.04343 -26.04343 -26.04343
 -26.04344 -26.04345 -26.04346 -26.04348
 -25.70446 -25.70446 -25.70446 -25.70447 -25.70447 -25.70447 -25.70447 -25.70448
 -25.70449 -25.70450 -25.70451 -25.70453
 -25.61499 -25.61499 -25.61499 -25.61499 -25.61499 -25.61499 -25.61500 -25.61500
 -25.61501 -25.61502 -25.61504 -25.61506
 -25.71168 -25.71168 -25.71168 -25.71168 -25.71168 -25.71168 -25.71169 -25.71169
 -25.71170 -25.71171 -25.71172 -25.71174
 -25.91341 -25.91341 -25.91341 -25.91341 -25.91341 -25.91341 -25.91341 -25.91342
 -25.91343 -25.91343 -25.91345 -25.91346
 -26.16162 -26.16162 -26.16162 -26.16162 -26.16162 -26.16162 -26.16163 -26.16163
 -26.16164 -26.16164 -26.16165 -26.16167
 -26.40597 -26.40597 -26.40597 -26.40597 -26.40597 -26.40597 -26.40598 -26.40598
 -26.40598 -26.40599 -26.40600 -26.40601
 -26.59170 -26.59170 -26.59170 -26.59170 -26.59170 -26.59170 -26.59170 -26.59171
 -26.59171 -26.59171 -26.59172 -26.59172
 -26.67863 -26.67863 -26.67863 -26.67863 -26.67863 -26.67863 -26.67863 -26.67864
 -26.67864 -26.67864 -26.67864 -26.67864
 -26.66659 -26.66659 -26.66659 -26.66659 -26.66659 -26.66659 -26.66659 -26.66659
 -26.66659 -26.66659 -26.66659 -26.66659
 -26.59186 -26.59186 -26.59186 -26.59186 -26.59186 -26.59186 -26.59186 -26.59186
 -26.59186 -26.59186 -26.59186 -26.59186
 -26.49044 -26.49044 -26.49044 -26.49044 -26.49044 -26.49044 -26.49044 -26.49044
 -26.49044 -26.49044 -26.49044 -26.49044
 -26.37897 -26.37897 -26.37897 -26.37897 -26.37897 -26.37897 -26.37897 -26.37897
 -26.37897 -26.37897 -26.37897 -26.37897
 -26.26351 -26.26351 -26.26351 -26.26351 -26.26351 -26.26351 -26.26351 -26.26351
 -26.26351 -26.26351 -26.26351 -26.26351
 --------------------/ IPRT= 1  / IGRD= 1  /PRB CALC/ Z1=34   / DATE= 11.01.08
 -25.67608 -25.67608 -25.67608 -25.67608 -25.67608 -25.67608 -25.67608 -25.67608
 -25.67608 -25.67608 -25.67608 -25.67765
 -25.79943 -25.79943 -25.79943 -25.79943 -25.79943 -25.79943 -25.79943 -25.79943
 -25.79943 -25.79943 -25.79943 -25.80017
 -25.92255 -25.92255 -25.92255 -25.92255 -25.92255 -25.92255 -25.92255 -25.92255
 -25.92255 -25.92255 -25.92255 -25.92329
 -26.04525 -26.04525 -26.04525 -26.04525 -26.04525 -26.04525 -26.04525 -26.04525
 -26.04525 -26.04525 -26.04525 -26.04525
 -26.16686 -26.16686 -26.16686 -26.16686 -26.16686 -26.16686 -26.16686 -26.16686
 -26.16686 -26.16686 -26.16686 -26.16687
 -26.22548 -26.22548 -26.22548 -26.22548 -26.22548 -26.22548 -26.22548 -26.22548
 -26.22548 -26.22549 -26.22549 -26.22549
 -25.87936 -25.87936 -25.87936 -25.87936 -25.87936 -25.87936 -25.87936 -25.87937
 -25.87937 -25.87938 -25.87939 -25.87941
 -25.54197 -25.54197 -25.54197 -25.54197 -25.54197 -25.54198 -25.54198 -25.54198
 -25.54199 -25.54200 -25.54202 -25.54204
 -25.46966 -25.46966 -25.46966 -25.46966 -25.46966 -25.46966 -25.46966 -25.46967
 -25.46968 -25.46969 -25.46970 -25.46972
 -25.57917 -25.57917 -25.57917 -25.57918 -25.57918 -25.57918 -25.57918 -25.57919
 -25.57919 -25.57920 -25.57921 -25.57923
 -25.79050 -25.79050 -25.79050 -25.79050 -25.79051 -25.79051 -25.79051 -25.79051
 -25.79052 -25.79053 -25.79054 -25.79056
 -26.04830 -26.04830 -26.04830 -26.04830 -26.04830 -26.04831 -26.04831 -26.04831
 -26.04832 -26.04832 -26.04833 -26.04835
 -26.30617 -26.30617 -26.30617 -26.30617 -26.30617 -26.30617 -26.30618 -26.30618
 -26.30618 -26.30619 -26.30619 -26.30621
 -26.51205 -26.51205 -26.51205 -26.51205 -26.51205 -26.51206 -26.51206 -26.51206
 -26.51206 -26.51206 -26.51207 -26.51208
 -26.62164 -26.62164 -26.62164 -26.62164 -26.62164 -26.62164 -26.62164 -26.62164
 -26.62164 -26.62165 -26.62165 -26.62165
 -26.62636 -26.62636 -26.62636 -26.62636 -26.62636 -26.62636 -26.62636 -26.62636
 -26.62636 -26.62636 -26.62636 -26.62636
 -26.56005 -26.56005 -26.56005 -26.56005 -26.56005 -26.56005 -26.56005 -26.56005
 -26.56005 -26.56005 -26.56005 -26.56005
 -26.46193 -26.46193 -26.46193 -26.46193 -26.46193 -26.46193 -26.46193 -26.46193
 -26.46193 -26.46193 -26.46193 -26.46193
 -26.35169 -26.35169 -26.35169 -26.35169 -26.35169 -26.35169 -26.35169 -26.35169
 -26.35169 -26.35169 -26.35169 -26.35169
 -26.23653 -26.23653 -26.23653 -26.23653 -26.23653 -26.23653 -26.23653 -26.23653
 -26.23653 -26.23653 -26.23653 -26.23653
 --------------------/ IPRT= 1  / IGRD= 1  /PRB CALC/ Z1=35   / DATE= 11.01.08
 -25.61979 -25.61979 -25.61979 -25.61979 -25.61979 -25.61979 -25.61979 -25.61979
 -25.61979 -25.61979 -25.61979 -25.62134
 -25.74317 -25.74317 -25.74317 -25.74317 -25.74317 -25.74317 -25.74317 -25.74317
 -25.74317 -25.74317 -25.74317 -25.74389
 -25.86632 -25.86632 -25.86632 -25.86632 -25.86632 -25.86632 -25.86632 -25.86632
 -25.86632 -25.86632 -25.86632 -25.86632
 -25.98909 -25.98909 -25.98909 -25.98909 -25.98909 -25.98909 -25.98909 -25.98909
 -25.98909 -25.98909 -25.98909 -25.98909
 -26.11116 -26.11116 -26.11116 -26.11116 -26.11116 -26.11116 -26.11116 -26.11116
 -26.11116 -26.11116 -26.11116 -26.11116
 -26.23202 -26.23202 -26.23202 -26.23202 -26.23202 -26.23202 -26.23202 -26.23202
 -26.23202 -26.23202 -26.23202 -26.23202
 -26.35071 -26.35071 -26.35071 -26.35071 -26.35071 -26.35071 -26.35071 -26.35071
 -26.35071 -26.35071 -26.35071 -26.35071
 -26.46564 -26.46564 -26.46564 -26.46564 -26.46564 -26.46564 -26.46564 -26.46564
 -26.46564 -26.46564 -26.46564 -26.46564
 -26.57408 -26.57408 -26.57408 -26.57408 -26.57408 -26.57408 -26.57408 -26.57408
 -26.57408 -26.57408 -26.57408 -26.57408
 -26.67164 -26.67164 -26.67164 -26.67164 -26.67164 -26.67164 -26.67164 -26.67164
 -26.67164 -26.67164 -26.67164 -26.67164
 -26.75175 -26.75175 -26.75175 -26.75175 -26.75175 -26.75175 -26.75175 -26.75175
 -26.75175 -26.75175 -26.75175 -26.75175
 -26.80581 -26.80581 -26.80581 -26.80581 -26.80581 -26.80581 -26.80581 -26.80581
 -26.80581 -26.80581 -26.80581 -26.80581
 -26.82464 -26.82464 -26.82464 -26.82464 -26.82464 -26.82464 -26.82464 -26.82464
 -26.82464 -26.82464 -26.82464 -26.82464
 -26.80111 -26.80111 -26.80111 -26.80111 -26.80111 -26.80111 -26.80111 -26.80111
 -26.80111 -26.80111 -26.80111 -26.80111
 -26.74401 -26.74401 -26.74401 -26.74401 -26.74401 -26.74401 -26.74401 -26.74401
 -26.74401 -26.74401 -26.74401 -26.74401
 -26.65862 -26.65862 -26.65862 -26.65862 -26.65862 -26.65862 -26.65862 -26.65862
 -26.65862 -26.65862 -26.65862 -26.65862
 -26.55456 -26.55456 -26.55456 -26.55456 -26.55456 -26.55456 -26.55456 -26.55456
 -26.55456 -26.55456 -26.55456 -26.55456
 -26.44270 -26.44270 -26.44270 -26.44270 -26.44270 -26.44270 -26.44270 -26.44270
 -26.44270 -26.44270 -26.44270 -26.44270
 -26.32789 -26.32789 -26.32789 -26.32789 -26.32789 -26.32789 -26.32789 -26.32789
 -26.32789 -26.32789 -26.32789 -26.32789
 -26.21134 -26.21134 -26.21134 -26.21134 -26.21134 -26.21134 -26.21134 -26.21134
 -26.21134 -26.21134 -26.21134 -26.21134
 --------------------/ IPRT= 1  / IGRD= 1  /PRB CALC/ Z1=36   / DATE= 11.01.08
 -25.56654 -25.56654 -25.56654 -25.56654 -25.56654 -25.56654 -25.56654 -25.56654
 -25.56654 -25.56654 -25.56654 -25.56726
 -25.68993 -25.68993 -25.68993 -25.68993 -25.68993 -25.68993 -25.68993 -25.68993
 -25.68993 -25.68993 -25.68993 -25.68993
 -25.81312 -25.81312 -25.81312 -25.81312 -25.81312 -25.81312 -25.81312 -25.81312
 -25.81312 -25.81312 -25.81312 -25.81312
 -25.93594 -25.93594 -25.93594 -25.93594 -25.93594 -25.93594 -25.93594 -25.93594
 -25.93594 -25.93594 -25.93594 -25.93594
 -26.05802 -26.05802 -26.05802 -26.05802 -26.05802 -26.05802 -26.05802 -26.05802
 -26.05802 -26.05802 -26.05802 -26.05802
 -26.11952 -26.11952 -26.11952 -26.11952 -26.11952 -26.11952 -26.11952 -26.11952
 -26.11952 -26.11952 -26.11952 -26.11952
 -25.57456 -25.57456 -25.57456 -25.57456 -25.57457 -25.57457 -25.57457 -25.57457
 -25.57458 -25.57459 -25.57460 -25.57461
 -25.04610 -25.04610 -25.04610 -25.04610 -25.04610 -25.04610 -25.04611 -25.04611
 -25.04612 -25.04613 -25.04614 -25.04616
 -24.87658 -24.87658 -24.87658 -24.87658 -24.87658 -24.87658 -24.87658 -24.87659
 -24.87659 -24.87660 -24.87661 -24.87663
 -24.93740 -24.93740 -24.93740 -24.93740 -24.93740 -24.93741 -24.93741 -24.93741
 -24.93742 -24.93743 -24.93744 -24.93745
 -25.12976 -25.12976 -25.12976 -25.12976 -25.12976 -25.12976 -25.12977 -25.12977
 -25.12977 -25.12978 -25.12979 -25.12980
 -25.39387 -25.39387 -25.39387 -25.39387 -25.39387 -25.39387 -25.39388 -25.39388
 -25.39388 -25.39389 -25.39390 -25.39391
 -25.69108 -25.69108 -25.69108 -25.69108 -25.69108 -25.69108 -25.69109 -25.69109
 -25.69109 -25.69110 -25.69111 -25.69112
 -25.98767 -25.98767 -25.98767 -25.98767 -25.98767 -25.98767 -25.98767 -25.98768
 -25.98768 -25.98768 -25.98769 -25.98770
 -26.24098 -26.24098 -26.24098 -26.24098 -26.24098 -26.24099 -26.24099 -26.24099
 -26.24099 -26.24099 -26.24100 -26.24101
 -26.39805 -26.39805 -26.39805 -26.39805 -26.39805 -26.39805 -26.39805 -26.39805
 -26.39805 -26.39806 -26.39806 -26.39806
 -26.43441 -26.43441 -26.43441 -26.43441 -26.43441 -26.43441 -26.43441 -26.43441
 -26.43441 -26.43441 -26.43441 -26.43441
 -26.38350 -26.38350 -26.38350 -26.38350 -26.38350 -26.38351 -26.38351 -26.38351
 -26.38351 -26.38351 -26.38351 -26.38351
 -26.29117 -26.29117 -26.29117 -26.29117 -26.29117 -26.29117 -26.29117 -26.29117
 -26.29117 -26.29117 -26.29117 -26.29117
 -26.18240 -26.18240 -26.18240 -26.18240 -26.18240 -26.18240 -26.18240 -26.18240
 -26.18240 -26.18240 -26.18240 -26.18240
 --------------------/ IPRT= 1  / IGRD= 1  /PRB CALC/ Z1=37   / DATE= 11.01.08
 -25.51486 -25.51486 -25.51486 -25.51486 -25.51486 -25.51486 -25.51486 -25.51486
 -25.51486 -25.51486 -25.51486 -25.51557
 -25.63827 -25.63827 -25.63827 -25.63827 -25.63827 -25.63827 -25.63827 -25.63827
 -25.63827 -25.63827 -25.63827 -25.63827
 -25.76149 -25.76149 -25.76149 -25.76149 -25.76149 -25.76149 -25.76149 -25.76149
 -25.76149 -25.76149 -25.76149 -25.76149
 -25.88436 -25.88436 -25.88436 -25.88436 -25.88436 -25.88436 -25.88436 -25.88436
 -25.88436 -25.88436 -25.88436 -25.88436
 -26.00663 -26.00663 -26.00663 -26.00663 -26.00663 -26.00663 -26.00663 -26.00663
 -26.00663 -26.00663 -26.00663 -26.00663
 -26.12783 -26.12783 -26.12783 -26.12783 -26.12783 -26.12783 -26.12783 -26.12783
 -26.12783 -26.12783 -26.12783 -26.12783
 -26.24713 -26.24713 -26.24713 -26.24713 -26.24713 -26.24713 -26.24713 -26.24713
 -26.24713 -26.24713 -26.24713 -26.24713
 -26.35790 -26.35790 -26.35790 -26.35790 -26.35790 -26.35790 -26.35790 -26.35790
 -26.35790 -26.35790 -26.35790 -26.35790
 -26.24842 -26.24842 -26.24842 -26.24842 -26.24842 -26.24843 -26.24843 -26.24843
 -26.24843 -26.24843 -26.24844 -26.24844
 -25.76852 -25.76852 -25.76852 -25.76852 -25.76852 -25.76852 -25.76852 -25.76853
 -25.76853 -25.76854 -25.76855 -25.76856
 -25.49422 -25.49422 -25.49422 -25.49422 -25.49422 -25.49422 -25.49422 -25.49423
 -25.49423 -25.49424 -25.49425 -25.49426
 -25.46771 -25.46771 -25.46772 -25.46772 -25.46772 -25.46772 -25.46772 -25.46772
 -25.46773 -25.46773 -25.46774 -25.46775
 -25.59797 -25.59797 -25.59797 -25.59797 -25.59797 -25.59798 -25.59798 -25.59798
 -25.59798 -25.59799 -25.59800 -25.59801
 -25.81127 -25.81127 -25.81127 -25.81127 -25.81127 -25.81127 -25.81127 -25.81127
 -25.81127 -25.81128 -25.81129 -25.81129
 -26.04675 -26.04675 -26.04675 -26.04675 -26.04676 -26.04676 -26.04676 -26.04676
 -26.04676 -26.04677 -26.04677 -26.04678
 -26.24093 -26.24093 -26.24093 -26.24093 -26.24093 -26.24093 -26.24093 -26.24093
 -26.24093 -26.24093 -26.24094 -26.24094
 -26.33661 -26.33661 -26.33661 -26.33661 -26.33661 -26.33661 -26.33661 -26.33661
 -26.33661 -26.33661 -26.33661 -26.33661
 -26.32796 -26.32796 -26.32796 -26.32796 -26.32796 -26.32796 -26.32796 -26.32796
 -26.32796 -26.32796 -26.32796 -26.32796
 -26.25531 -26.25531 -26.25531 -26.25531 -26.25531 -26.25531 -26.25531 -26.25531
 -26.25531 -26.25531 -26.25531 -26.25531
 -26.15409 -26.15409 -26.15409 -26.15409 -26.15409 -26.15409 -26.15409 -26.15409
 -26.15409 -26.15409 -26.15409 -26.15409
 --------------------/ IPRT= 1  / IGRD= 1  /PRB CALC/ Z1=38   / DATE= 11.01.08
 -25.46466 -25.46466 -25.46466 -25.46466 -25.46466 -25.46466 -25.46466 -25.46466
 -25.46466 -25.46466 -25.46466 -25.46466
 -25.58808 -25.58808 -25.58808 -25.58808 -25.58808 -25.58808 -25.58808 -25.58808
 -25.58808 -25.58808 -25.58808 -25.58808
 -25.71133 -25.71133 -25.71133 -25.71133 -25.71133 -25.71133 -25.71133 -25.71133
 -25.71133 -25.71133 -25.71133 -25.71133
 -25.83425 -25.83425 -25.83425 -25.83425 -25.83425 -25.83425 -25.83425 -25.83425
 -25.83425 -25.83425 -25.83425 -25.83425
 -25.95660 -25.95660 -25.95660 -25.95660 -25.95660 -25.95660 -25.95660 -25.95660
 -25.95660 -25.95660 -25.95660 -25.95660
 -26.07795 -26.07795 -26.07795 -26.07795 -26.07795 -26.07795 -26.07795 -26.07795
 -26.07795 -26.07795 -26.07795 -26.07795
 -26.19752 -26.19752 -26.19752 -26.19752 -26.19752 -26.19752 -26.19752 -26.19752
 -26.19752 -26.19752 -26.19752 -26.19752
 -26.31396 -26.31396 -26.31396 -26.31396 -26.31396 -26.31396 -26.31396 -26.31396
 -26.31396 -26.31396 -26.31396 -26.31396
 -26.42496 -26.42496 -26.42496 -26.42496 -26.42496 -26.42496 -26.42496 -26.42496
 -26.42496 -26.42496 -26.42496 -26.42496
 -26.51576 -26.51576 -26.51576 -26.51576 -26.51576 -26.51576 -26.51576 -26.51576
 -26.51576 -26.51576 -26.51576 -26.51576
 -26.37099 -26.37099 -26.37100 -26.37100 -26.37100 -26.37100 -26.37100 -26.37100
 -26.37100 -26.37100 -26.37101 -26.37101
 -26.00261 -26.00261 -26.00261 -26.00261 -26.00262 -26.00262 -26.00262 -26.00262
 -26.00262 -26.00263 -26.00263 -26.00264
 -25.83664 -25.83664 -25.83664 -25.83664 -25.83665 -25.83665 -25.83665 -25.83665
 -25.83665 -25.83666 -25.83666 -25.83667
 -25.87008 -25.87008 -25.87008 -25.87008 -25.87008 -25.87008 -25.87008 -25.87008
 -25.87009 -25.87009 -25.87009 -25.87010
 -26.01001 -26.01001 -26.01001 -26.01001 -26.01001 -26.01001 -26.01001 -26.01001
 -26.01001 -26.01002 -26.01002 -26.01003
 -26.16975 -26.16975 -26.16975 -26.16975 -26.16975 -26.16975 -26.16976 -26.16976
 -26.16976 -26.16976 -26.16976 -26.16977
 -26.27222 -26.27222 -26.27222 -26.27222 -26.27222 -26.27222 -26.27222 -26.27222
 -26.27222 -26.27223 -26.27223 -26.27223
 -26.28249 -26.28249 -26.28249 -26.28249 -26.28249 -26.28249 -26.28249 -26.28249
 -26.28249 -26.28249 -26.28249 -26.28249
 -26.22255 -26.22255 -26.22255 -26.22255 -26.22255 -26.22255 -26.22255 -26.22255
 -26.22255 -26.22255 -26.22255 -26.22255
 -26.12707 -26.12707 -26.12707 -26.12707 -26.12707 -26.12707 -26.12707 -26.12707
 -26.12707 -26.12707 -26.12707 -26.12707
 --------------------/ IPRT= 1  / IGRD= 1  /PRB CALC/ Z1=39   / DATE= 11.01.08
 -25.39855 -25.39855 -25.39855 -25.39855 -25.39855 -25.39855 -25.39855 -25.39855
 -25.39855 -25.39855 -25.39855 -25.39855
 -25.52199 -25.52199 -25.52199 -25.52199 -25.52199 -25.52199 -25.52199 -25.52199
 -25.52199 -25.52199 -25.52199 -25.52199
 -25.64528 -25.64528 -25.64528 -25.64528 -25.64528 -25.64528 -25.64528 -25.64528
 -25.64528 -25.64528 -25.64528 -25.64528
 -25.76827 -25.76827 -25.76827 -25.76827 -25.76827 -25.76827 -25.76827 -25.76827
 -25.76827 -25.76827 -25.76827 -25.76827
 -25.89075 -25.89075 -25.89075 -25.89075 -25.89075 -25.89075 -25.89075 -25.89075
 -25.89075 -25.89075 -25.89075 -25.89075
 -26.01232 -26.01232 -26.01232 -26.01232 -26.01232 -26.01232 -26.01232 -26.01232
 -26.01232 -26.01232 -26.01232 -26.01232
 -26.13227 -26.13227 -26.13227 -26.13227 -26.13227 -26.13227 -26.13227 -26.13227
 -26.13227 -26.13227 -26.13227 -26.13227
 -26.24886 -26.24886 -26.24886 -26.24886 -26.24886 -26.24886 -26.24886 -26.24886
 -26.24886 -26.24886 -26.24886 -26.24886
 -26.31850 -26.31850 -26.31850 -26.31850 -26.31850 -26.31850 -26.31850 -26.31850
 -26.31850 -26.31850 -26.31850 -26.31850
 -26.09063 -26.09063 -26.09063 -26.09063 -26.09063 -26.09063 -26.09063 -26.09064
 -26.09064 -26.09064 -26.09065 -26.09065
 -25.54823 -25.54823 -25.54823 -25.54823 -25.54823 -25.54823 -25.54823 -25.54823
 -25.54824 -25.54824 -25.54825 -25.54826
 -25.19099 -25.19099 -25.19099 -25.19099 -25.19099 -25.19100 -25.19100 -25.19100
 -25.19100 -25.19101 -25.19101 -25.19102
 -25.11356 -25.11356 -25.11356 -25.11356 -25.11356 -25.11356 -25.11356 -25.11356
 -25.11357 -25.11357 -25.11358 -25.11359
 -25.22039 -25.22039 -25.22039 -25.22039 -25.22039 -25.22039 -25.22039 -25.22039
 -25.22040 -25.22040 -25.22040 -25.22041
 -25.42987 -25.42987 -25.42987 -25.42987 -25.42987 -25.42987 -25.42988 -25.42988
 -25.42988 -25.42988 -25.42989 -25.42990
 -25.68185 -25.68185 -25.68185 -25.68185 -25.68185 -25.68185 -25.68185 -25.68185
 -25.68186 -25.68186 -25.68186 -25.68187
 -25.91811 -25.91811 -25.91811 -25.91811 -25.91811 -25.91811 -25.91811 -25.91811
 -25.91811 -25.91811 -25.91812 -25.91812
 -26.07513 -26.07513 -26.07513 -26.07513 -26.07513 -26.07513 -26.07513 -26.07513
 -26.07513 -26.07514 -26.07514 -26.07514
 -26.11910 -26.11910 -26.11910 -26.11910 -26.11910 -26.11910 -26.11910 -26.11910
 -26.11910 -26.11910 -26.11910 -26.11910
 -26.07411 -26.07411 -26.07411 -26.07411 -26.07411 -26.07411 -26.07411 -26.07411
 -26.07411 -26.07411 -26.07411 -26.07411
 --------------------/ IPRT= 1  / IGRD= 1  /PRB CALC/ Z1=40   / DATE= 11.01.08
 -25.35120 -25.35120 -25.35120 -25.35120 -25.35120 -25.35120 -25.35120 -25.35120
 -25.35120 -25.35120 -25.35120 -25.35120
 -25.47466 -25.47466 -25.47466 -25.47466 -25.47466 -25.47466 -25.47466 -25.47466
 -25.47466 -25.47466 -25.47466 -25.47466
 -25.59797 -25.59797 -25.59797 -25.59797 -25.59797 -25.59797 -25.59797 -25.59797
 -25.59797 -25.59797 -25.59797 -25.59797
 -25.72100 -25.72100 -25.72100 -25.72100 -25.72100 -25.72100 -25.72100 -25.72100
 -25.72100 -25.72100 -25.72100 -25.72100
 -25.84355 -25.84355 -25.84355 -25.84355 -25.84355 -25.84355 -25.84355 -25.84355
 -25.84355 -25.84355 -25.84355 -25.84355
 -25.96523 -25.96523 -25.96523 -25.96523 -25.96523 -25.96523 -25.96523 -25.96523
 -25.96523 -25.96523 -25.96523 -25.96523
 -26.08539 -26.08539 -26.08539 -26.08539 -26.08539 -26.08539 -26.08539 -26.08539
 -26.08539 -26.08539 -26.08539 -26.08539
 -26.20027 -26.20027 -26.20027 -26.20027 -26.20027 -26.20027 -26.20027 -26.20027
 -26.20027 -26.20027 -26.20027 -26.20027
 -26.17027 -26.17027 -26.17027 -26.17027 -26.17027 -26.17027 -26.17027 -26.17027
 -26.17027 -26.17027 -26.17028 -26.17028
 -25.75245 -25.75245 -25.75245 -25.75245 -25.75245 -25.75245 -25.75245 -25.75245
 -25.75245 -25.75246 -25.75246 -25.75247
 -25.31718 -25.31718 -25.31718 -25.31718 -25.31718 -25.31718 -25.31718 -25.31718
 -25.31719 -25.31719 -25.31720 -25.31721
 -25.05355 -25.05355 -25.05355 -25.05355 -25.05355 -25.05355 -25.05355 -25.05356
 -25.05356 -25.05356 -25.05357 -25.05358
 -25.01249 -25.01249 -25.01249 -25.01249 -25.01249 -25.01249 -25.01249 -25.01249
 -25.01249 -25.01250 -25.01250 -25.01251
 -25.13465 -25.13465 -25.13465 -25.13465 -25.13465 -25.13465 -25.13465 -25.13465
 -25.13465 -25.13466 -25.13466 -25.13467
 -25.35235 -25.35235 -25.35235 -25.35235 -25.35235 -25.35236 -25.35236 -25.35236
 -25.35236 -25.35236 -25.35237 -25.35237
 -25.61127 -25.61127 -25.61127 -25.61127 -25.61127 -25.61127 -25.61127 -25.61127
 -25.61128 -25.61128 -25.61128 -25.61129
 -25.85712 -25.85712 -25.85712 -25.85712 -25.85712 -25.85712 -25.85712 -25.85712
 -25.85712 -25.85712 -25.85713 -25.85713
 -26.02758 -26.02758 -26.02758 -26.02758 -26.02758 -26.02758 -26.02758 -26.02758
 -26.02758 -26.02758 -26.02758 -26.02758
 -26.08420 -26.08420 -26.08420 -26.08420 -26.08420 -26.08420 -26.08420 -26.08420
 -26.08420 -26.08420 -26.08420 -26.08420
 -26.04668 -26.04668 -26.04668 -26.04668 -26.04668 -26.04668 -26.04668 -26.04668
 -26.04668 -26.04668 -26.04668 -26.04668
 --------------------/ IPRT= 1  / IGRD= 1  /PRB CALC/ Z1=41   / DATE= 11.01.08
 -25.30521 -25.30521 -25.30521 -25.30521 -25.30521 -25.30521 -25.30521 -25.30521
 -25.30521 -25.30521 -25.30521 -25.30521
 -25.42868 -25.42868 -25.42868 -25.42868 -25.42868 -25.42868 -25.42868 -25.42868
 -25.42868 -25.42868 -25.42868 -25.42868
 -25.55200 -25.55200 -25.55200 -25.55200 -25.55200 -25.55200 -25.55200 -25.55200
 -25.55200 -25.55200 -25.55200 -25.55200
 -25.67507 -25.67507 -25.67507 -25.67507 -25.67507 -25.67507 -25.67507 -25.67507
 -25.67507 -25.67507 -25.67507 -25.67507
 -25.79768 -25.79768 -25.79768 -25.79768 -25.79768 -25.79768 -25.79768 -25.79768
 -25.79768 -25.79768 -25.79768 -25.79768
 -25.91947 -25.91947 -25.91947 -25.91947 -25.91947 -25.91947 -25.91947 -25.91947
 -25.91947 -25.91947 -25.91947 -25.91947
 -26.03983 -26.03983 -26.03983 -26.03983 -26.03983 -26.03983 -26.03983 -26.03983
 -26.03983 -26.03983 -26.03983 -26.03983
 -26.15589 -26.15589 -26.15589 -26.15589 -26.15589 -26.15589 -26.15589 -26.15589
 -26.15589 -26.15589 -26.15589 -26.15589
 -26.15891 -26.15891 -26.15891 -26.15891 -26.15891 -26.15891 -26.15891 -26.15891
 -26.15892 -26.15892 -26.15892 -26.15892
 -25.82426 -25.82426 -25.82426 -25.82426 -25.82426 -25.82426 -25.82426 -25.82426
 -25.82426 -25.82427 -25.82427 -25.82428
 -25.58189 -25.58189 -25.58189 -25.58189 -25.58189 -25.58189 -25.58189 -25.58189
 -25.58189 -25.58190 -25.58190 -25.58191
 -25.55899 -25.55899 -25.55899 -25.55899 -25.55899 -25.55899 -25.55899 -25.55900
 -25.55900 -25.55900 -25.55901 -25.55901
 -25.68246 -25.68246 -25.68246 -25.68246 -25.68246 -25.68246 -25.68246 -25.68246
 -25.68246 -25.68247 -25.68247 -25.68248
 -25.88038 -25.88038 -25.88038 -25.88038 -25.88038 -25.88038 -25.88038 -25.88038
 -25.88038 -25.88039 -25.88039 -25.88040
 -26.08739 -26.08739 -26.08739 -26.08739 -26.08739 -26.08739 -26.08739 -26.08739
 -26.08739 -26.08740 -26.08740 -26.08740
 -26.23921 -26.23921 -26.23921 -26.23921 -26.23921 -26.23922 -26.23922 -26.23922
 -26.23922 -26.23922 -26.23922 -26.23922
 -26.29149 -26.29149 -26.29149 -26.29149 -26.29149 -26.29149 -26.29149 -26.29149
 -26.29149 -26.29149 -26.29149 -26.29149
 -26.25457 -26.25457 -26.25457 -26.25457 -26.25457 -26.25457 -26.25457 -26.25457
 -26.25457 -26.25457 -26.25457 -26.25457
 -26.16958 -26.16958 -26.16958 -26.16958 -26.16958 -26.16958 -26.16958 -26.16958
 -26.16958 -26.16958 -26.16958 -26.16958
 -26.06430 -26.06430 -26.06430 -26.06430 -26.06430 -26.06430 -26.06430 -26.06430
 -26.06430 -26.06430 -26.06430 -26.06430
 --------------------/ IPRT= 1  / IGRD= 1  /PRB CALC/ Z1=42   / DATE= 11.01.08
 -25.26031 -25.26031 -25.26031 -25.26031 -25.26031 -25.26031 -25.26031 -25.26031
 -25.26031 -25.26031 -25.26031 -25.26031
 -25.38379 -25.38379 -25.38379 -25.38379 -25.38379 -25.38379 -25.38379 -25.38379
 -25.38379 -25.38379 -25.38379 -25.38379
 -25.50713 -25.50713 -25.50713 -25.50713 -25.50713 -25.50713 -25.50713 -25.50713
 -25.50713 -25.50713 -25.50713 -25.50713
 -25.63023 -25.63023 -25.63023 -25.63023 -25.63023 -25.63023 -25.63023 -25.63023
 -25.63023 -25.63023 -25.63023 -25.63023
 -25.75289 -25.75289 -25.75289 -25.75289 -25.75289 -25.75289 -25.75289 -25.75289
 -25.75289 -25.75289 -25.75289 -25.75289
 -25.87479 -25.87479 -25.87479 -25.87479 -25.87479 -25.87479 -25.87479 -25.87479
 -25.87479 -25.87479 -25.87479 -25.87479
 -25.99532 -25.99532 -25.99532 -25.99532 -25.99532 -25.99532 -25.99532 -25.99532
 -25.99532 -25.99532 -25.99532 -25.99532
 -26.11002 -26.11002 -26.11002 -26.11002 -26.11002 -26.11002 -26.11002 -26.11002
 -26.11002 -26.11002 -26.11002 -26.11002
 -26.08065 -26.08065 -26.08065 -26.08065 -26.08065 -26.08065 -26.08066 -26.08066
 -26.08066 -26.08066 -26.08066 -26.08066
 -25.68058 -25.68058 -25.68058 -25.68058 -25.68058 -25.68059 -25.68059 -25.68059
 -25.68059 -25.68059 -25.68060 -25.68061
 -25.24034 -25.24034 -25.24034 -25.24034 -25.24034 -25.24034 -25.24034 -25.24034
 -25.24035 -25.24035 -25.24036 -25.24036
 -24.97351 -24.97351 -24.97351 -24.97351 -24.97351 -24.97352 -24.97352 -24.97352
 -24.97352 -24.97352 -24.97353 -24.97354
 -24.93358 -24.93358 -24.93358 -24.93358 -24.93358 -24.93358 -24.93358 -24.93358
 -24.93358 -24.93359 -24.93359 -24.93360
 -25.05744 -25.05744 -25.05744 -25.05744 -25.05744 -25.05744 -25.05744 -25.05744
 -25.05744 -25.05745 -25.05745 -25.05746
 -25.27685 -25.27685 -25.27685 -25.27685 -25.27685 -25.27685 -25.27685 -25.27685
 -25.27686 -25.27686 -25.27686 -25.27687
 -25.53828 -25.53828 -25.53828 -25.53828 -25.53828 -25.53829 -25.53829 -25.53829
 -25.53829 -25.53829 -25.53829 -25.53830
 -25.78902 -25.78902 -25.78902 -25.78902 -25.78902 -25.78902 -25.78902 -25.78902
 -25.78902 -25.78902 -25.78902 -25.78903
 -25.96737 -25.96737 -25.96737 -25.96737 -25.96737 -25.96737 -25.96737 -25.96737
 -25.96737 -25.96737 -25.96737 -25.96738
 -26.03209 -26.03209 -26.03209 -26.03209 -26.03209 -26.03209 -26.03209 -26.03209
 -26.03209 -26.03209 -26.03209 -26.03209
 -25.99969 -25.99969 -25.99969 -25.99969 -25.99969 -25.99969 -25.99969 -25.99969
 -25.99969 -25.99969 -25.99969 -25.99969
 --------------------/ IPRT= 1  / IGRD= 1  /PRB CALC/ Z1=43   / DATE= 11.01.08
 -25.21014 -25.21014 -25.21014 -25.21014 -25.21014 -25.21014 -25.21014 -25.21014
 -25.21014 -25.21014 -25.21014 -25.21014
 -25.33363 -25.33363 -25.33363 -25.33363 -25.33363 -25.33363 -25.33363 -25.33363
 -25.33363 -25.33363 -25.33363 -25.33363
 -25.45700 -25.45700 -25.45700 -25.45700 -25.45700 -25.45700 -25.45700 -25.45700
 -25.45700 -25.45700 -25.45700 -25.45700
 -25.58013 -25.58013 -25.58013 -25.58013 -25.58013 -25.58013 -25.58013 -25.58013
 -25.58013 -25.58013 -25.58013 -25.58013
 -25.70286 -25.70286 -25.70286 -25.70286 -25.70286 -25.70286 -25.70286 -25.70286
 -25.70286 -25.70286 -25.70286 -25.70286
 -25.82487 -25.82487 -25.82487 -25.82487 -25.82487 -25.82487 -25.82487 -25.82487
 -25.82487 -25.82487 -25.82487 -25.82487
 -25.94561 -25.94561 -25.94561 -25.94561 -25.94561 -25.94561 -25.94561 -25.94561
 -25.94561 -25.94561 -25.94561 -25.94561
 -26.06281 -26.06281 -26.06281 -26.06281 -26.06281 -26.06281 -26.06281 -26.06281
 -26.06281 -26.06281 -26.06281 -26.06281
 -26.11974 -26.11974 -26.11974 -26.11974 -26.11974 -26.11974 -26.11974 -26.11974
 -26.11974 -26.11974 -26.11974 -26.11974
 -25.88563 -25.88563 -25.88563 -25.88563 -25.88563 -25.88563 -25.88563 -25.88563
 -25.88563 -25.88563 -25.88564 -25.88564
 -25.36701 -25.36701 -25.36701 -25.36702 -25.36702 -25.36702 -25.36702 -25.36702
 -25.36702 -25.36703 -25.36703 -25.36704
 -25.02734 -25.02734 -25.02734 -25.02734 -25.02735 -25.02735 -25.02735 -25.02735
 -25.02735 -25.02735 -25.02736 -25.02737
 -24.95965 -24.95965 -24.95965 -24.95965 -24.95965 -24.95965 -24.95965 -24.95965
 -24.95966 -24.95966 -24.95966 -24.95967
 -25.07220 -25.07220 -25.07220 -25.07220 -25.07220 -25.07220 -25.07220 -25.07220
 -25.07220 -25.07220 -25.07221 -25.07221
 -25.28582 -25.28582 -25.28582 -25.28582 -25.28582 -25.28582 -25.28582 -25.28582
 -25.28582 -25.28582 -25.28583 -25.28583
 -25.54288 -25.54288 -25.54288 -25.54288 -25.54289 -25.54289 -25.54289 -25.54289
 -25.54289 -25.54289 -25.54289 -25.54290
 -25.78833 -25.78833 -25.78833 -25.78833 -25.78833 -25.78833 -25.78833 -25.78833
 -25.78833 -25.78834 -25.78834 -25.78834
 -25.95955 -25.95955 -25.95955 -25.95955 -25.95955 -25.95955 -25.95955 -25.95955
 -25.95955 -25.95955 -25.95956 -25.95956
 -26.01749 -26.01749 -26.01749 -26.01749 -26.01749 -26.01749 -26.01749 -26.01749
 -26.01749 -26.01749 -26.01749 -26.01749
 -25.98114 -25.98114 -25.98114 -25.98114 -25.98114 -25.98114 -25.98114 -25.98114
 -25.98114 -25.98114 -25.98114 -25.98114
 --------------------/ IPRT= 1  / IGRD= 1  /PRB CALC/ Z1=44   / DATE= 11.01.08
 -25.16720 -25.16720 -25.16720 -25.16720 -25.16720 -25.16720 -25.16720 -25.16720
 -25.16720 -25.16720 -25.16720 -25.16720
 -25.29070 -25.29070 -25.29070 -25.29070 -25.29070 -25.29070 -25.29070 -25.29070
 -25.29070 -25.29070 -25.29070 -25.29070
 -25.41408 -25.41408 -25.41408 -25.41408 -25.41408 -25.41408 -25.41408 -25.41408
 -25.41408 -25.41408 -25.41408 -25.41408
 -25.53724 -25.53724 -25.53724 -25.53724 -25.53724 -25.53724 -25.53724 -25.53724
 -25.53724 -25.53724 -25.53724 -25.53724
 -25.66002 -25.66002 -25.66002 -25.66002 -25.66002 -25.66002 -25.66002 -25.66002
 -25.66002 -25.66002 -25.66002 -25.66002
 -25.78212 -25.78212 -25.78212 -25.78212 -25.78212 -25.78212 -25.78212 -25.78212
 -25.78212 -25.78212 -25.78212 -25.78212
 -25.90301 -25.90301 -25.90301 -25.90301 -25.90301 -25.90301 -25.90301 -25.90301
 -25.90301 -25.90301 -25.90301 -25.90301
 -26.02177 -26.02177 -26.02177 -26.02177 -26.02177 -26.02177 -26.02177 -26.02177
 -26.02177 -26.02177 -26.02177 -26.02177
 -26.13679 -26.13679 -26.13679 -26.13679 -26.13679 -26.13679 -26.13679 -26.13679
 -26.13679 -26.13679 -26.13679 -26.13679
 -26.23258 -26.23258 -26.23258 -26.23258 -26.23258 -26.23258 -26.23258 -26.23258
 -26.23258 -26.23258 -26.23258 -26.23258
 -26.08162 -26.08162 -26.08162 -26.08162 -26.08162 -26.08162 -26.08162 -26.08162
 -26.08162 -26.08163 -26.08163 -26.08163
 -25.71523 -25.71523 -25.71523 -25.71524 -25.71524 -25.71524 -25.71524 -25.71524
 -25.71524 -25.71524 -25.71525 -25.71525
 -25.55672 -25.55672 -25.55672 -25.55672 -25.55672 -25.55672 -25.55672 -25.55672
 -25.55672 -25.55672 -25.55673 -25.55673
 -25.59848 -25.59848 -25.59848 -25.59848 -25.59848 -25.59848 -25.59848 -25.59848
 -25.59848 -25.59848 -25.59849 -25.59849
 -25.75100 -25.75100 -25.75100 -25.75100 -25.75100 -25.75100 -25.75100 -25.75100
 -25.75100 -25.75100 -25.75101 -25.75101
 -25.93433 -25.93433 -25.93433 -25.93433 -25.93433 -25.93433 -25.93433 -25.93433
 -25.93433 -25.93433 -25.93433 -25.93434
 -26.07254 -26.07254 -26.07254 -26.07254 -26.07254 -26.07254 -26.07254 -26.07254
 -26.07254 -26.07254 -26.07254 -26.07255
 -26.11656 -26.11656 -26.11656 -26.11656 -26.11656 -26.11656 -26.11656 -26.11656
 -26.11656 -26.11656 -26.11656 -26.11656
 -26.07683 -26.07683 -26.07683 -26.07683 -26.07683 -26.07683 -26.07683 -26.07683
 -26.07683 -26.07683 -26.07683 -26.07683
 -25.99064 -25.99064 -25.99064 -25.99064 -25.99064 -25.99064 -25.99064 -25.99064
 -25.99064 -25.99064 -25.99064 -25.99064
 --------------------/ IPRT= 1  / IGRD= 1  /PRB CALC/ Z1=45   / DATE= 11.01.08
 -25.11639 -25.11639 -25.11639 -25.11639 -25.11639 -25.11639 -25.11639 -25.11639
 -25.11639 -25.11639 -25.11639 -25.11639
 -25.23991 -25.23991 -25.23991 -25.23991 -25.23991 -25.23991 -25.23991 -25.23991
 -25.23991 -25.23991 -25.23991 -25.23991
 -25.36330 -25.36330 -25.36330 -25.36330 -25.36330 -25.36330 -25.36330 -25.36330
 -25.36330 -25.36330 -25.36330 -25.36330
 -25.48650 -25.48650 -25.48650 -25.48650 -25.48650 -25.48650 -25.48650 -25.48650
 -25.48650 -25.48650 -25.48650 -25.48650
 -25.60934 -25.60934 -25.60934 -25.60934 -25.60934 -25.60934 -25.60934 -25.60934
 -25.60934 -25.60934 -25.60934 -25.60934
 -25.73155 -25.73155 -25.73155 -25.73155 -25.73155 -25.73155 -25.73155 -25.73155
 -25.73155 -25.73155 -25.73155 -25.73155
 -25.85263 -25.85263 -25.85263 -25.85263 -25.85263 -25.85263 -25.85263 -25.85263
 -25.85263 -25.85263 -25.85263 -25.85263
 -25.97173 -25.97173 -25.97173 -25.97173 -25.97173 -25.97173 -25.97173 -25.97173
 -25.97173 -25.97173 -25.97173 -25.97173
 -26.08588 -26.08588 -26.08588 -26.08588 -26.08588 -26.08588 -26.08588 -26.08588
 -26.08588 -26.08588 -26.08588 -26.08588
 -26.02132 -26.02132 -26.02132 -26.02132 -26.02132 -26.02132 -26.02132 -26.02132
 -26.02132 -26.02132 -26.02133 -26.02133
 -25.39204 -25.39204 -25.39204 -25.39204 -25.39204 -25.39204 -25.39205 -25.39205
 -25.39205 -25.39205 -25.39206 -25.39206
 -24.99063 -24.99063 -24.99063 -24.99063 -24.99063 -24.99063 -24.99063 -24.99063
 -24.99063 -24.99063 -24.99064 -24.99064
 -24.90538 -24.90538 -24.90538 -24.90538 -24.90538 -24.90538 -24.90538 -24.90538
 -24.90538 -24.90539 -24.90539 -24.90540
 -25.01202 -25.01202 -25.01202 -25.01202 -25.01202 -25.01202 -25.01202 -25.01202
 -25.01202 -25.01203 -25.01203 -25.01203
 -25.22356 -25.22356 -25.22356 -25.22356 -25.22356 -25.22356 -25.22356 -25.22356
 -25.22356 -25.22357 -25.22357 -25.22357
 -25.48072 -25.48072 -25.48072 -25.48072 -25.48072 -25.48073 -25.48073 -25.48073
 -25.48073 -25.48073 -25.48073 -25.48074
 -25.72885 -25.72885 -25.72885 -25.72885 -25.72885 -25.72885 -25.72885 -25.72885
 -25.72885 -25.72885 -25.72885 -25.72885
 -25.90565 -25.90565 -25.90565 -25.90565 -25.90565 -25.90565 -25.90565 -25.90565
 -25.90565 -25.90565 -25.90565 -25.90565
 -25.96976 -25.96976 -25.96976 -25.96976 -25.96976 -25.96976 -25.96976 -25.96976
 -25.96976 -25.96976 -25.96976 -25.96976
 -25.93750 -25.93750 -25.93750 -25.93750 -25.93750 -25.93750 -25.93750 -25.93750
 -25.93750 -25.93750 -25.93750 -25.93750
 --------------------/ IPRT= 1  / IGRD= 1  /PRB CALC/ Z1=46   / DATE= 11.01.08
 -25.07555 -25.07555 -25.07555 -25.07555 -25.07555 -25.07555 -25.07555 -25.07555
 -25.07555 -25.07555 -25.07555 -25.07555
 -25.19907 -25.19907 -25.19907 -25.19907 -25.19907 -25.19907 -25.19907 -25.19907
 -25.19907 -25.19907 -25.19907 -25.19907
 -25.32248 -25.32248 -25.32248 -25.32248 -25.32248 -25.32248 -25.32248 -25.32248
 -25.32248 -25.32248 -25.32248 -25.32248
 -25.44570 -25.44570 -25.44570 -25.44570 -25.44570 -25.44570 -25.44570 -25.44570
 -25.44570 -25.44570 -25.44570 -25.44570
 -25.56858 -25.56858 -25.56858 -25.56858 -25.56858 -25.56858 -25.56858 -25.56858
 -25.56858 -25.56858 -25.56858 -25.56858
 -25.69086 -25.69086 -25.69086 -25.69086 -25.69086 -25.69086 -25.69086 -25.69086
 -25.69086 -25.69086 -25.69086 -25.69086
 -25.81207 -25.81207 -25.81207 -25.81207 -25.81207 -25.81207 -25.81207 -25.81207
 -25.81207 -25.81207 -25.81207 -25.81207
 -25.93139 -25.93139 -25.93139 -25.93139 -25.93139 -25.93139 -25.93139 -25.93139
 -25.93139 -25.93139 -25.93139 -25.93139
 -26.04597 -26.04597 -26.04597 -26.04597 -26.04597 -26.04597 -26.04597 -26.04597
 -26.04597 -26.04597 -26.04597 -26.04597
 -25.97435 -25.97435 -25.97435 -25.97435 -25.97435 -25.97435 -25.97435 -25.97435
 -25.97435 -25.97435 -25.97435 -25.97435
 -25.31410 -25.31410 -25.31410 -25.31410 -25.31411 -25.31411 -25.31411 -25.31411
 -25.31411 -25.31411 -25.31412 -25.31412
 -24.88933 -24.88933 -24.88933 -24.88933 -24.88933 -24.88933 -24.88933 -24.88933
 -24.88933 -24.88934 -24.88934 -24.88934
 -24.78614 -24.78614 -24.78614 -24.78614 -24.78614 -24.78614 -24.78614 -24.78614
 -24.78614 -24.78614 -24.78615 -24.78615
 -24.88050 -24.88050 -24.88050 -24.88050 -24.88050 -24.88050 -24.88050 -24.88050
 -24.88050 -24.88050 -24.88051 -24.88051
 -25.08605 -25.08605 -25.08605 -25.08605 -25.08605 -25.08605 -25.08606 -25.08606
 -25.08606 -25.08606 -25.08606 -25.08607
 -25.34503 -25.34503 -25.34503 -25.34503 -25.34503 -25.34503 -25.34503 -25.34503
 -25.34503 -25.34503 -25.34503 -25.34504
 -25.60694 -25.60694 -25.60694 -25.60694 -25.60694 -25.60694 -25.60695 -25.60695
 -25.60695 -25.60695 -25.60695 -25.60695
 -25.81269 -25.81269 -25.81269 -25.81269 -25.81270 -25.81270 -25.81270 -25.81270
 -25.81270 -25.81270 -25.81270 -25.81270
 -25.91066 -25.91066 -25.91066 -25.91066 -25.91066 -25.91066 -25.91066 -25.91066
 -25.91066 -25.91066 -25.91066 -25.91066
 -25.90136 -25.90136 -25.90136 -25.90136 -25.90136 -25.90136 -25.90136 -25.90136
 -25.90136 -25.90136 -25.90136 -25.90136
 --------------------/ IPRT= 1  / IGRD= 1  /PRB CALC/ Z1=47   / DATE= 11.01.08
 -25.07227 -25.07227 -25.07227 -25.07227 -25.07227 -25.07227 -25.07227 -25.07227
 -25.07227 -25.07227 -25.07227 -25.07227
 -25.19578 -25.19578 -25.19578 -25.19578 -25.19578 -25.19578 -25.19578 -25.19578
 -25.19578 -25.19578 -25.19578 -25.19578
 -25.31918 -25.31918 -25.31918 -25.31918 -25.31918 -25.31918 -25.31918 -25.31918
 -25.31918 -25.31918 -25.31918 -25.31918
 -25.44239 -25.44239 -25.44239 -25.44239 -25.44239 -25.44239 -25.44239 -25.44239
 -25.44239 -25.44239 -25.44239 -25.44239
 -25.56524 -25.56524 -25.56524 -25.56524 -25.56524 -25.56524 -25.56524 -25.56524
 -25.56524 -25.56524 -25.56524 -25.56524
 -25.68747 -25.68747 -25.68747 -25.68747 -25.68747 -25.68747 -25.68747 -25.68747
 -25.68747 -25.68747 -25.68747 -25.68747
 -25.80859 -25.80859 -25.80859 -25.80859 -25.80859 -25.80859 -25.80859 -25.80859
 -25.80859 -25.80859 -25.80859 -25.80859
 -25.92776 -25.92776 -25.92776 -25.92776 -25.92776 -25.92776 -25.92776 -25.92776
 -25.92776 -25.92776 -25.92776 -25.92776
 -26.04259 -26.04259 -26.04259 -26.04259 -26.04259 -26.04259 -26.04259 -26.04259
 -26.04259 -26.04259 -26.04259 -26.04259
 -25.97873 -25.97873 -25.97873 -25.97873 -25.97873 -25.97873 -25.97873 -25.97873
 -25.97873 -25.97873 -25.97873 -25.97873
 -25.28417 -25.28417 -25.28417 -25.28417 -25.28417 -25.28417 -25.28417 -25.28418
 -25.28418 -25.28418 -25.28418 -25.28419
 -24.83901 -24.83901 -24.83901 -24.83901 -24.83902 -24.83902 -24.83902 -24.83902
 -24.83902 -24.83902 -24.83903 -24.83903
 -24.73081 -24.73081 -24.73081 -24.73081 -24.73081 -24.73081 -24.73081 -24.73081
 -24.73081 -24.73082 -24.73082 -24.73082
 -24.82571 -24.82571 -24.82571 -24.82571 -24.82571 -24.82571 -24.82571 -24.82571
 -24.82571 -24.82572 -24.82572 -24.82572
 -25.03347 -25.03347 -25.03347 -25.03347 -25.03347 -25.03347 -25.03347 -25.03347
 -25.03347 -25.03347 -25.03348 -25.03348
 -25.29546 -25.29546 -25.29546 -25.29546 -25.29546 -25.29546 -25.29546 -25.29546
 -25.29546 -25.29547 -25.29547 -25.29547
 -25.56217 -25.56217 -25.56217 -25.56217 -25.56218 -25.56218 -25.56218 -25.56218
 -25.56218 -25.56218 -25.56218 -25.56218
 -25.77557 -25.77557 -25.77557 -25.77557 -25.77557 -25.77557 -25.77557 -25.77557
 -25.77557 -25.77557 -25.77557 -25.77558
 -25.88202 -25.88202 -25.88202 -25.88202 -25.88202 -25.88202 -25.88202 -25.88202
 -25.88202 -25.88202 -25.88202 -25.88202
 -25.87851 -25.87851 -25.87851 -25.87851 -25.87851 -25.87851 -25.87851 -25.87851
 -25.87851 -25.87851 -25.87851 -25.87851
 --------------------/ IPRT= 1  / IGRD= 1  /PRB CALC/ Z1=48   / DATE= 11.01.08
 -25.01242 -25.01242 -25.01242 -25.01242 -25.01242 -25.01242 -25.01242 -25.01242
 -25.01242 -25.01242 -25.01242 -25.01242
 -25.13595 -25.13595 -25.13595 -25.13595 -25.13595 -25.13595 -25.13595 -25.13595
 -25.13595 -25.13595 -25.13595 -25.13595
 -25.25937 -25.25937 -25.25937 -25.25937 -25.25937 -25.25937 -25.25937 -25.25937
 -25.25937 -25.25937 -25.25937 -25.25937
 -25.38262 -25.38262 -25.38262 -25.38262 -25.38262 -25.38262 -25.38262 -25.38262
 -25.38262 -25.38262 -25.38262 -25.38262
 -25.50554 -25.50554 -25.50554 -25.50554 -25.50554 -25.50554 -25.50554 -25.50554
 -25.50554 -25.50554 -25.50554 -25.50554
 -25.62790 -25.62790 -25.62790 -25.62790 -25.62790 -25.62790 -25.62790 -25.62790
 -25.62790 -25.62790 -25.62790 -25.62790
 -25.74926 -25.74926 -25.74926 -25.74926 -25.74926 -25.74926 -25.74926 -25.74926
 -25.74926 -25.74926 -25.74926 -25.74926
 -25.86883 -25.86883 -25.86883 -25.86883 -25.86883 -25.86883 -25.86883 -25.86883
 -25.86883 -25.86883 -25.86883 -25.86883
 -25.98466 -25.98466 -25.98466 -25.98466 -25.98466 -25.98466 -25.98466 -25.98466
 -25.98466 -25.98466 -25.98466 -25.98466
 -25.96500 -25.96500 -25.96500 -25.96500 -25.96500 -25.96500 -25.96500 -25.96501
 -25.96501 -25.96501 -25.96501 -25.96501
 -25.35744 -25.35744 -25.35744 -25.35744 -25.35744 -25.35744 -25.35744 -25.35744
 -25.35744 -25.35745 -25.35745 -25.35745
 -24.93093 -24.93093 -24.93093 -24.93093 -24.93093 -24.93093 -24.93093 -24.93093
 -24.93093 -24.93093 -24.93094 -24.93094
 -24.82979 -24.82979 -24.82979 -24.82979 -24.82979 -24.82979 -24.82979 -24.82979
 -24.82980 -24.82980 -24.82980 -24.82981
 -24.92781 -24.92781 -24.92781 -24.92781 -24.92781 -24.92781 -24.92781 -24.92781
 -24.92781 -24.92781 -24.92781 -24.92782
 -25.13518 -25.13518 -25.13518 -25.13518 -25.13518 -25.13518 -25.13518 -25.13518
 -25.13518 -25.13518 -25.13519 -25.13519
 -25.39158 -25.39158 -25.39158 -25.39158 -25.39158 -25.39158 -25.39158 -25.39158
 -25.39158 -25.39159 -25.39159 -25.39159
 -25.64324 -25.64324 -25.64324 -25.64324 -25.64324 -25.64324 -25.64324 -25.64324
 -25.64324 -25.64324 -25.64324 -25.64324
 -25.82842 -25.82842 -25.82842 -25.82842 -25.82842 -25.82842 -25.82842 -25.82842
 -25.82842 -25.82842 -25.82842 -25.82842
 -25.90175 -25.90175 -25.90175 -25.90175 -25.90175 -25.90175 -25.90175 -25.90175
 -25.90175 -25.90175 -25.90175 -25.90175
 -25.87556 -25.87556 -25.87556 -25.87556 -25.87556 -25.87556 -25.87556 -25.87556
 -25.87556 -25.87556 -25.87556 -25.87556
 --------------------/ IPRT= 1  / IGRD= 1  /PRB CALC/ Z1=49   / DATE= 11.01.08
 -24.95470 -24.95470 -24.95470 -24.95470 -24.95470 -24.95470 -24.95470 -24.95470
 -24.95470 -24.95470 -24.95470 -24.95470
 -25.07824 -25.07824 -25.07824 -25.07824 -25.07824 -25.07824 -25.07824 -25.07824
 -25.07824 -25.07824 -25.07824 -25.07824
 -25.20169 -25.20169 -25.20169 -25.20169 -25.20169 -25.20169 -25.20169 -25.20169
 -25.20169 -25.20169 -25.20169 -25.20169
 -25.32497 -25.32497 -25.32497 -25.32497 -25.32497 -25.32497 -25.32497 -25.32497
 -25.32497 -25.32497 -25.32497 -25.32497
 -25.44796 -25.44796 -25.44796 -25.44796 -25.44796 -25.44796 -25.44796 -25.44796
 -25.44796 -25.44796 -25.44796 -25.44796
 -25.57038 -25.57038 -25.57038 -25.57038 -25.57038 -25.57038 -25.57038 -25.57038
 -25.57038 -25.57038 -25.57038 -25.57038
 -25.67595 -25.67595 -25.67595 -25.67595 -25.67595 -25.67595 -25.67595 -25.67595
 -25.67595 -25.67595 -25.67595 -25.67595
 -25.55918 -25.55918 -25.55918 -25.55918 -25.55918 -25.55918 -25.55919 -25.55919
 -25.55919 -25.55919 -25.55919 -25.55919
 -25.28383 -25.28383 -25.28383 -25.28383 -25.28383 -25.28383 -25.28383 -25.28383
 -25.28383 -25.28383 -25.28384 -25.28384
 -25.17668 -25.17668 -25.17668 -25.17668 -25.17668 -25.17668 -25.17668 -25.17668
 -25.17668 -25.17668 -25.17669 -25.17669
 -25.04794 -25.04794 -25.04794 -25.04794 -25.04794 -25.04794 -25.04795 -25.04795
 -25.04795 -25.04795 -25.04795 -25.04796
 -24.83638 -24.83638 -24.83638 -24.83638 -24.83638 -24.83638 -24.83638 -24.83638
 -24.83638 -24.83638 -24.83639 -24.83639
 -24.78554 -24.78554 -24.78554 -24.78554 -24.78554 -24.78554 -24.78554 -24.78554
 -24.78554 -24.78554 -24.78554 -24.78555
 -24.89801 -24.89801 -24.89801 -24.89801 -24.89801 -24.89801 -24.89801 -24.89801
 -24.89802 -24.89802 -24.89802 -24.89802
 -25.11060 -25.11060 -25.11060 -25.11060 -25.11060 -25.11060 -25.11060 -25.11060
 -25.11060 -25.11061 -25.11061 -25.11061
 -25.36909 -25.36909 -25.36909 -25.36909 -25.36909 -25.36909 -25.36909 -25.36909
 -25.36909 -25.36909 -25.36910 -25.36910
 -25.62171 -25.62171 -25.62171 -25.62171 -25.62171 -25.62171 -25.62172 -25.62172
 -25.62172 -25.62172 -25.62172 -25.62172
 -25.80764 -25.80764 -25.80764 -25.80764 -25.80764 -25.80764 -25.80764 -25.80764
 -25.80764 -25.80764 -25.80764 -25.80764
 -25.88165 -25.88165 -25.88165 -25.88165 -25.88165 -25.88165 -25.88165 -25.88165
 -25.88165 -25.88165 -25.88165 -25.88165
 -25.85610 -25.85610 -25.85610 -25.85610 -25.85610 -25.85610 -25.85610 -25.85610
 -25.85610 -25.85610 -25.85610 -25.85610
 --------------------/ IPRT= 1  / IGRD= 1  /PRB CALC/ Z1=50   / DATE= 11.01.08
 -24.89895 -24.89895 -24.89895 -24.89895 -24.89895 -24.89895 -24.89895 -24.89895
 -24.89895 -24.89895 -24.89895 -24.89895
 -25.02250 -25.02250 -25.02250 -25.02250 -25.02250 -25.02250 -25.02250 -25.02250
 -25.02250 -25.02250 -25.02250 -25.02250
 -25.14596 -25.14596 -25.14596 -25.14596 -25.14596 -25.14596 -25.14596 -25.14596
 -25.14596 -25.14596 -25.14596 -25.14596
 -25.26927 -25.26927 -25.26927 -25.26927 -25.26927 -25.26927 -25.26927 -25.26927
 -25.26927 -25.26927 -25.26927 -25.26927
 -25.39232 -25.39232 -25.39232 -25.39232 -25.39232 -25.39232 -25.39232 -25.39232
 -25.39232 -25.39232 -25.39232 -25.39232
 -25.51480 -25.51480 -25.51480 -25.51480 -25.51480 -25.51480 -25.51480 -25.51480
 -25.51480 -25.51480 -25.51480 -25.51480
 -25.61248 -25.61248 -25.61248 -25.61248 -25.61248 -25.61248 -25.61248 -25.61248
 -25.61248 -25.61248 -25.61248 -25.61248
 -25.43892 -25.43892 -25.43892 -25.43892 -25.43893 -25.43893 -25.43893 -25.43893
 -25.43893 -25.43893 -25.43893 -25.43893
 -25.14178 -25.14178 -25.14178 -25.14179 -25.14179 -25.14179 -25.14179 -25.14179
 -25.14179 -25.14179 -25.14179 -25.14180
 -25.04811 -25.04811 -25.04811 -25.04811 -25.04811 -25.04811 -25.04812 -25.04812
 -25.04812 -25.04812 -25.04812 -25.04813
 -24.99684 -24.99684 -24.99684 -24.99684 -24.99684 -24.99684 -24.99684 -24.99684
 -24.99684 -24.99684 -24.99684 -24.99685
 -24.85273 -24.85273 -24.85273 -24.85273 -24.85273 -24.85273 -24.85273 -24.85273
 -24.85273 -24.85273 -24.85273 -24.85274
 -24.81886 -24.81886 -24.81886 -24.81886 -24.81886 -24.81886 -24.81886 -24.81886
 -24.81886 -24.81886 -24.81887 -24.81887
 -24.93375 -24.93375 -24.93375 -24.93375 -24.93375 -24.93375 -24.93375 -24.93375
 -24.93375 -24.93376 -24.93376 -24.93376
 -25.14493 -25.14493 -25.14493 -25.14493 -25.14493 -25.14493 -25.14493 -25.14493
 -25.14493 -25.14493 -25.14493 -25.14494
 -25.39928 -25.39928 -25.39928 -25.39928 -25.39928 -25.39928 -25.39928 -25.39928
 -25.39929 -25.39929 -25.39929 -25.39929
 -25.64359 -25.64359 -25.64359 -25.64359 -25.64359 -25.64359 -25.64359 -25.64359
 -25.64359 -25.64359 -25.64359 -25.64360
 -25.81629 -25.81629 -25.81629 -25.81629 -25.81629 -25.81629 -25.81629 -25.81629
 -25.81629 -25.81629 -25.81629 -25.81630
 -25.87677 -25.87677 -25.87677 -25.87677 -25.87677 -25.87677 -25.87677 -25.87677
 -25.87677 -25.87677 -25.87677 -25.87677
 -25.84300 -25.84300 -25.84300 -25.84300 -25.84300 -25.84300 -25.84300 -25.84300
 -25.84300 -25.84300 -25.84300 -25.84300
 --------------------/ IPRT= 1  / IGRD= 1  /PRB CALC/ Z1=51   / DATE= 11.01.08
 -24.82600 -24.82600 -24.82600 -24.82600 -24.82600 -24.82600 -24.82600 -24.82600
 -24.82600 -24.82600 -24.82600 -24.82600
 -24.94957 -24.94957 -24.94957 -24.94957 -24.94957 -24.94957 -24.94957 -24.94957
 -24.94957 -24.94957 -24.94957 -24.94957
 -25.07305 -25.07305 -25.07305 -25.07305 -25.07305 -25.07305 -25.07305 -25.07305
 -25.07305 -25.07305 -25.07305 -25.07305
 -25.19641 -25.19641 -25.19641 -25.19641 -25.19641 -25.19641 -25.19641 -25.19641
 -25.19641 -25.19641 -25.19641 -25.19641
 -25.31953 -25.31953 -25.31953 -25.31953 -25.31953 -25.31953 -25.31953 -25.31953
 -25.31953 -25.31953 -25.31953 -25.31953
 -25.44208 -25.44208 -25.44208 -25.44208 -25.44208 -25.44208 -25.44208 -25.44208
 -25.44208 -25.44208 -25.44208 -25.44208
 -25.53146 -25.53146 -25.53146 -25.53146 -25.53146 -25.53146 -25.53146 -25.53146
 -25.53146 -25.53146 -25.53146 -25.53146
 -25.31724 -25.31724 -25.31724 -25.31724 -25.31724 -25.31725 -25.31725 -25.31725
 -25.31725 -25.31725 -25.31725 -25.31725
 -25.01615 -25.01615 -25.01615 -25.01615 -25.01615 -25.01615 -25.01615 -25.01616
 -25.01616 -25.01616 -25.01616 -25.01617
 -24.93540 -24.93540 -24.93540 -24.93540 -24.93540 -24.93540 -24.93540 -24.93541
 -24.93541 -24.93541 -24.93541 -24.93542
 -24.93419 -24.93419 -24.93419 -24.93419 -24.93419 -24.93419 -24.93419 -24.93419
 -24.93420 -24.93420 -24.93420 -24.93420
 -24.85180 -24.85180 -24.85180 -24.85180 -24.85180 -24.85180 -24.85180 -24.85180
 -24.85180 -24.85180 -24.85181 -24.85181
 -24.84037 -24.84037 -24.84037 -24.84037 -24.84037 -24.84037 -24.84037 -24.84037
 -24.84037 -24.84037 -24.84037 -24.84038
 -24.96079 -24.96079 -24.96079 -24.96079 -24.96079 -24.96079 -24.96079 -24.96079
 -24.96079 -24.96079 -24.96079 -24.96080
 -25.17193 -25.17193 -25.17193 -25.17193 -25.17193 -25.17193 -25.17193 -25.17193
 -25.17193 -25.17194 -25.17194 -25.17194
 -25.42264 -25.42264 -25.42264 -25.42264 -25.42264 -25.42264 -25.42264 -25.42264
 -25.42264 -25.42264 -25.42264 -25.42264
 -25.65888 -25.65888 -25.65888 -25.65888 -25.65888 -25.65888 -25.65888 -25.65888
 -25.65888 -25.65888 -25.65888 -25.65889
 -25.81938 -25.81938 -25.81938 -25.81938 -25.81938 -25.81938 -25.81938 -25.81938
 -25.81938 -25.81938 -25.81938 -25.81938
 -25.86837 -25.86837 -25.86837 -25.86837 -25.86837 -25.86837 -25.86837 -25.86837
 -25.86837 -25.86837 -25.86838 -25.86838
 -25.82825 -25.82825 -25.82825 -25.82825 -25.82825 -25.82825 -25.82825 -25.82825
 -25.82825 -25.82825 -25.82825 -25.82825
 --------------------/ IPRT= 1  / IGRD= 1  /PRB CALC/ Z1=52   / DATE= 11.01.08
 -24.79288 -24.79288 -24.79288 -24.79288 -24.79288 -24.79288 -24.79288 -24.79288
 -24.79288 -24.79288 -24.79288 -24.79288
 -24.91644 -24.91644 -24.91644 -24.91644 -24.91644 -24.91644 -24.91644 -24.91644
 -24.91644 -24.91644 -24.91644 -24.91644
 -25.03994 -25.03994 -25.03994 -25.03994 -25.03994 -25.03994 -25.03994 -25.03994
 -25.03994 -25.03994 -25.03994 -25.03994
 -25.16330 -25.16330 -25.16330 -25.16330 -25.16330 -25.16330 -25.16330 -25.16330
 -25.16330 -25.16330 -25.16330 -25.16330
 -25.28644 -25.28644 -25.28644 -25.28644 -25.28644 -25.28644 -25.28644 -25.28644
 -25.28644 -25.28644 -25.28644 -25.28644
 -25.40894 -25.40894 -25.40894 -25.40894 -25.40894 -25.40894 -25.40894 -25.40894
 -25.40894 -25.40894 -25.40894 -25.40894
 -25.48526 -25.48526 -25.48526 -25.48526 -25.48526 -25.48526 -25.48526 -25.48526
 -25.48526 -25.48527 -25.48527 -25.48527
 -25.21650 -25.21650 -25.21650 -25.21650 -25.21650 -25.21650 -25.21650 -25.21650
 -25.21650 -25.21651 -25.21651 -25.21651
 -24.90741 -24.90741 -24.90741 -24.90741 -24.90741 -24.90741 -24.90741 -24.90741
 -24.90741 -24.90741 -24.90742 -24.90742
 -24.83594 -24.83594 -24.83594 -24.83594 -24.83594 -24.83594 -24.83595 -24.83595
 -24.83595 -24.83595 -24.83595 -24.83596
 -24.86955 -24.86955 -24.86955 -24.86956 -24.86956 -24.86956 -24.86956 -24.86956
 -24.86956 -24.86956 -24.86956 -24.86957
 -24.84278 -24.84278 -24.84278 -24.84278 -24.84278 -24.84278 -24.84278 -24.84278
 -24.84278 -24.84278 -24.84278 -24.84279
 -24.85798 -24.85799 -24.85799 -24.85799 -24.85799 -24.85799 -24.85799 -24.85799
 -24.85799 -24.85799 -24.85799 -24.85799
 -24.98685 -24.98685 -24.98685 -24.98685 -24.98685 -24.98685 -24.98685 -24.98685
 -24.98685 -24.98685 -24.98686 -24.98686
 -25.19951 -25.19951 -25.19951 -25.19951 -25.19951 -25.19951 -25.19951 -25.19951
 -25.19951 -25.19951 -25.19951 -25.19952
 -25.44736 -25.44736 -25.44736 -25.44736 -25.44736 -25.44736 -25.44736 -25.44736
 -25.44737 -25.44737 -25.44737 -25.44737
 -25.67587 -25.67587 -25.67587 -25.67587 -25.67587 -25.67587 -25.67587 -25.67587
 -25.67587 -25.67587 -25.67588 -25.67588
 -25.82423 -25.82423 -25.82423 -25.82423 -25.82423 -25.82423 -25.82423 -25.82423
 -25.82423 -25.82423 -25.82423 -25.82424
 -25.86174 -25.86174 -25.86174 -25.86174 -25.86174 -25.86174 -25.86174 -25.86174
 -25.86174 -25.86174 -25.86174 -25.86174
 -25.81503 -25.81503 -25.81503 -25.81503 -25.81503 -25.81503 -25.81503 -25.81503
 -25.81503 -25.81503 -25.81503 -25.81503
 --------------------/ IPRT= 1  / IGRD= 1  /PRB CALC/ Z1=53   / DATE= 11.01.08
 -24.72307 -24.72307 -24.72307 -24.72307 -24.72307 -24.72307 -24.72307 -24.72307
 -24.72307 -24.72307 -24.72307 -24.72307
 -24.84665 -24.84665 -24.84665 -24.84665 -24.84665 -24.84665 -24.84665 -24.84665
 -24.84665 -24.84665 -24.84665 -24.84665
 -24.97016 -24.97016 -24.97016 -24.97016 -24.97016 -24.97016 -24.97016 -24.97016
 -24.97016 -24.97016 -24.97016 -24.97016
 -25.09356 -25.09356 -25.09356 -25.09356 -25.09356 -25.09356 -25.09356 -25.09356
 -25.09356 -25.09356 -25.09356 -25.09356
 -25.21676 -25.21676 -25.21676 -25.21676 -25.21676 -25.21676 -25.21676 -25.21676
 -25.21676 -25.21676 -25.21676 -25.21676
 -25.33953 -25.33953 -25.33953 -25.33953 -25.33953 -25.33953 -25.33953 -25.33953
 -25.33953 -25.33953 -25.33953 -25.33953
 -25.43685 -25.43685 -25.43685 -25.43685 -25.43685 -25.43685 -25.43685 -25.43685
 -25.43685 -25.43685 -25.43685 -25.43685
 -25.22232 -25.22232 -25.22232 -25.22232 -25.22232 -25.22232 -25.22232 -25.22232
 -25.22232 -25.22232 -25.22232 -25.22232
 -24.87279 -24.87279 -24.87279 -24.87279 -24.87279 -24.87279 -24.87279 -24.87279
 -24.87279 -24.87280 -24.87280 -24.87280
 -24.76174 -24.76174 -24.76174 -24.76174 -24.76174 -24.76174 -24.76174 -24.76174
 -24.76174 -24.76174 -24.76174 -24.76175
 -24.80131 -24.80131 -24.80131 -24.80131 -24.80131 -24.80131 -24.80131 -24.80131
 -24.80132 -24.80132 -24.80132 -24.80132
 -24.83615 -24.83615 -24.83615 -24.83615 -24.83615 -24.83615 -24.83615 -24.83615
 -24.83616 -24.83616 -24.83616 -24.83616
 -24.89535 -24.89535 -24.89535 -24.89535 -24.89535 -24.89535 -24.89535 -24.89535
 -24.89535 -24.89536 -24.89536 -24.89536
 -25.04139 -25.04139 -25.04139 -25.04139 -25.04139 -25.04139 -25.04139 -25.04139
 -25.04139 -25.04139 -25.04139 -25.04140
 -25.25771 -25.25771 -25.25771 -25.25771 -25.25771 -25.25771 -25.25771 -25.25771
 -25.25771 -25.25771 -25.25771 -25.25772
 -25.49995 -25.49995 -25.49995 -25.49995 -25.49995 -25.49995 -25.49995 -25.49995
 -25.49995 -25.49995 -25.49995 -25.49995
 -25.71330 -25.71330 -25.71330 -25.71330 -25.71330 -25.71330 -25.71330 -25.71330
 -25.71330 -25.71330 -25.71330 -25.71330
 -25.83981 -25.83981 -25.83981 -25.83981 -25.83981 -25.83981 -25.83981 -25.83981
 -25.83981 -25.83981 -25.83981 -25.83982
 -25.85883 -25.85883 -25.85883 -25.85883 -25.85883 -25.85883 -25.85883 -25.85883
 -25.85883 -25.85883 -25.85883 -25.85883
 -25.80258 -25.80258 -25.80258 -25.80258 -25.80258 -25.80258 -25.80258 -25.80258
 -25.80258 -25.80258 -25.80258 -25.80258
 --------------------/ IPRT= 1  / IGRD= 1  /PRB CALC/ Z1=54   / DATE= 11.01.08
 -24.69135 -24.69135 -24.69135 -24.69135 -24.69135 -24.69135 -24.69135 -24.69135
 -24.69135 -24.69135 -24.69135 -24.69135
 -24.81493 -24.81493 -24.81493 -24.81493 -24.81493 -24.81493 -24.81493 -24.81493
 -24.81493 -24.81493 -24.81493 -24.81493
 -24.93845 -24.93845 -24.93845 -24.93845 -24.93845 -24.93845 -24.93845 -24.93845
 -24.93845 -24.93845 -24.93845 -24.93845
 -25.06186 -25.06186 -25.06186 -25.06186 -25.06186 -25.06186 -25.06186 -25.06186
 -25.06186 -25.06186 -25.06186 -25.06186
 -25.18507 -25.18507 -25.18507 -25.18507 -25.18507 -25.18507 -25.18507 -25.18507
 -25.18507 -25.18507 -25.18507 -25.18507
 -25.30791 -25.30791 -25.30791 -25.30791 -25.30791 -25.30791 -25.30791 -25.30791
 -25.30791 -25.30791 -25.30791 -25.30791
 -25.41086 -25.41086 -25.41086 -25.41086 -25.41086 -25.41086 -25.41086 -25.41086
 -25.41086 -25.41086 -25.41086 -25.41086
 -25.20784 -25.20784 -25.20784 -25.20784 -25.20784 -25.20784 -25.20784 -25.20784
 -25.20784 -25.20785 -25.20785 -25.20785
 -24.82755 -24.82755 -24.82755 -24.82755 -24.82755 -24.82755 -24.82755 -24.82755
 -24.82755 -24.82755 -24.82755 -24.82756
 -24.69141 -24.69141 -24.69141 -24.69141 -24.69141 -24.69141 -24.69141 -24.69141
 -24.69141 -24.69142 -24.69142 -24.69142
 -24.71254 -24.71254 -24.71254 -24.71254 -24.71254 -24.71254 -24.71254 -24.71254
 -24.71254 -24.71254 -24.71254 -24.71255
 -24.70908 -24.70908 -24.70908 -24.70908 -24.70908 -24.70908 -24.70908 -24.70908
 -24.70908 -24.70909 -24.70909 -24.70909
 -24.72504 -24.72504 -24.72504 -24.72504 -24.72504 -24.72504 -24.72504 -24.72504
 -24.72504 -24.72505 -24.72505 -24.72505
 -24.84487 -24.84487 -24.84487 -24.84487 -24.84487 -24.84487 -24.84487 -24.84487
 -24.84487 -24.84487 -24.84487 -24.84487
 -25.05210 -25.05210 -25.05210 -25.05210 -25.05210 -25.05210 -25.05210 -25.05210
 -25.05210 -25.05210 -25.05210 -25.05210
 -25.30279 -25.30279 -25.30279 -25.30279 -25.30279 -25.30279 -25.30279 -25.30279
 -25.30279 -25.30279 -25.30280 -25.30280
 -25.54697 -25.54697 -25.54697 -25.54697 -25.54697 -25.54697 -25.54697 -25.54697
 -25.54697 -25.54698 -25.54698 -25.54698
 -25.72496 -25.72496 -25.72496 -25.72496 -25.72496 -25.72496 -25.72496 -25.72496
 -25.72496 -25.72496 -25.72496 -25.72496
 -25.79360 -25.79360 -25.79360 -25.79360 -25.79360 -25.79360 -25.79360 -25.79360
 -25.79360 -25.79361 -25.79361 -25.79361
 -25.76653 -25.76653 -25.76653 -25.76653 -25.76653 -25.76653 -25.76653 -25.76653
 -25.76653 -25.76653 -25.76653 -25.76653
 --------------------/ IPRT= 1  / IGRD= 1  /PRB CALC/ Z1=55   / DATE= 11.01.08
 -24.64357 -24.64357 -24.64357 -24.64357 -24.64357 -24.64357 -24.64357 -24.64357
 -24.64357 -24.64357 -24.64357 -24.64357
 -24.76715 -24.76715 -24.76715 -24.76715 -24.76715 -24.76715 -24.76715 -24.76715
 -24.76715 -24.76715 -24.76715 -24.76715
 -24.89068 -24.89068 -24.89068 -24.89068 -24.89068 -24.89068 -24.89068 -24.89068
 -24.89068 -24.89068 -24.89068 -24.89068
 -25.01410 -25.01410 -25.01410 -25.01410 -25.01410 -25.01410 -25.01410 -25.01410
 -25.01410 -25.01410 -25.01410 -25.01410
 -25.13735 -25.13735 -25.13735 -25.13735 -25.13735 -25.13735 -25.13735 -25.13735
 -25.13735 -25.13735 -25.13735 -25.13735
 -25.26028 -25.26028 -25.26028 -25.26028 -25.26028 -25.26028 -25.26028 -25.26028
 -25.26028 -25.26028 -25.26028 -25.26028
 -25.38264 -25.38264 -25.38264 -25.38264 -25.38264 -25.38264 -25.38264 -25.38264
 -25.38264 -25.38264 -25.38264 -25.38264
 -25.50401 -25.50401 -25.50401 -25.50401 -25.50401 -25.50401 -25.50401 -25.50401
 -25.50401 -25.50401 -25.50401 -25.50401
 -25.62356 -25.62356 -25.62356 -25.62356 -25.62356 -25.62356 -25.62356 -25.62356
 -25.62356 -25.62356 -25.62356 -25.62356
 -25.72290 -25.72290 -25.72290 -25.72290 -25.72290 -25.72290 -25.72290 -25.72290
 -25.72290 -25.72290 -25.72290 -25.72291
 -25.50797 -25.50797 -25.50797 -25.50797 -25.50797 -25.50797 -25.50797 -25.50797
 -25.50797 -25.50797 -25.50797 -25.50797
 -25.07674 -25.07674 -25.07674 -25.07674 -25.07674 -25.07674 -25.07674 -25.07674
 -25.07674 -25.07675 -25.07675 -25.07675
 -24.89769 -24.89769 -24.89769 -24.89769 -24.89769 -24.89769 -24.89769 -24.89769
 -24.89769 -24.89769 -24.89769 -24.89770
 -24.93697 -24.93697 -24.93697 -24.93697 -24.93697 -24.93697 -24.93697 -24.93697
 -24.93697 -24.93697 -24.93698 -24.93698
 -25.10494 -25.10494 -25.10494 -25.10494 -25.10494 -25.10494 -25.10494 -25.10494
 -25.10494 -25.10494 -25.10494 -25.10494
 -25.33290 -25.33290 -25.33290 -25.33290 -25.33290 -25.33290 -25.33290 -25.33290
 -25.33290 -25.33290 -25.33290 -25.33290
 -25.56092 -25.56092 -25.56092 -25.56092 -25.56092 -25.56092 -25.56092 -25.56092
 -25.56092 -25.56092 -25.56092 -25.56092
 -25.72549 -25.72549 -25.72549 -25.72549 -25.72549 -25.72549 -25.72549 -25.72549
 -25.72549 -25.72549 -25.72549 -25.72549
 -25.78437 -25.78437 -25.78437 -25.78437 -25.78437 -25.78437 -25.78437 -25.78437
 -25.78437 -25.78437 -25.78437 -25.78437
 -25.75237 -25.75237 -25.75237 -25.75237 -25.75237 -25.75237 -25.75237 -25.75237
 -25.75237 -25.75237 -25.75237 -25.75237
 --------------------/ IPRT= 1  / IGRD= 1  /PRB CALC/ Z1=56   / DATE= 11.01.08
 -24.58164 -24.58164 -24.58164 -24.58164 -24.58164 -24.58164 -24.58164 -24.58164
 -24.58164 -24.58164 -24.58164 -24.58164
 -24.70523 -24.70523 -24.70523 -24.70523 -24.70523 -24.70523 -24.70523 -24.70523
 -24.70523 -24.70523 -24.70523 -24.70523
 -24.82877 -24.82877 -24.82877 -24.82877 -24.82877 -24.82877 -24.82877 -24.82877
 -24.82877 -24.82877 -24.82877 -24.82877
 -24.95222 -24.95222 -24.95222 -24.95222 -24.95222 -24.95222 -24.95222 -24.95222
 -24.95222 -24.95222 -24.95222 -24.95222
 -25.07551 -25.07551 -25.07551 -25.07551 -25.07551 -25.07551 -25.07551 -25.07551
 -25.07551 -25.07551 -25.07551 -25.07551
 -25.19852 -25.19852 -25.19852 -25.19852 -25.19852 -25.19852 -25.19852 -25.19852
 -25.19852 -25.19852 -25.19852 -25.19852
 -25.32101 -25.32101 -25.32101 -25.32101 -25.32101 -25.32101 -25.32101 -25.32101
 -25.32101 -25.32101 -25.32101 -25.32101
 -25.44260 -25.44260 -25.44260 -25.44260 -25.44260 -25.44260 -25.44260 -25.44260
 -25.44260 -25.44260 -25.44260 -25.44260
 -25.56258 -25.56258 -25.56258 -25.56258 -25.56258 -25.56258 -25.56258 -25.56258
 -25.56258 -25.56258 -25.56258 -25.56258
 -25.66872 -25.66872 -25.66872 -25.66872 -25.66872 -25.66872 -25.66872 -25.66872
 -25.66872 -25.66872 -25.66872 -25.66872
 -25.53929 -25.53929 -25.53929 -25.53929 -25.53929 -25.53929 -25.53929 -25.53929
 -25.53929 -25.53929 -25.53929 -25.53929
 -25.17949 -25.17949 -25.17949 -25.17949 -25.17949 -25.17949 -25.17949 -25.17949
 -25.17950 -25.17950 -25.17950 -25.17950
 -25.02837 -25.02837 -25.02837 -25.02837 -25.02837 -25.02837 -25.02837 -25.02837
 -25.02837 -25.02837 -25.02837 -25.02838
 -25.08146 -25.08146 -25.08146 -25.08146 -25.08146 -25.08146 -25.08146 -25.08146
 -25.08146 -25.08146 -25.08146 -25.08146
 -25.25215 -25.25215 -25.25215 -25.25215 -25.25215 -25.25215 -25.25215 -25.25215
 -25.25215 -25.25215 -25.25215 -25.25215
 -25.46896 -25.46896 -25.46896 -25.46896 -25.46896 -25.46896 -25.46896 -25.46896
 -25.46896 -25.46896 -25.46896 -25.46897
 -25.66753 -25.66753 -25.66753 -25.66753 -25.66753 -25.66753 -25.66753 -25.66753
 -25.66753 -25.66753 -25.66753 -25.66753
 -25.78722 -25.78722 -25.78722 -25.78722 -25.78722 -25.78722 -25.78722 -25.78722
 -25.78722 -25.78722 -25.78722 -25.78722
 -25.80504 -25.80504 -25.80504 -25.80504 -25.80504 -25.80504 -25.80504 -25.80504
 -25.80504 -25.80504 -25.80504 -25.80504
 -25.74990 -25.74990 -25.74990 -25.74990 -25.74990 -25.74990 -25.74990 -25.74990
 -25.74990 -25.74990 -25.74990 -25.74990
 --------------------/ IPRT= 1  / IGRD= 1  /PRB CALC/ Z1=57   / DATE= 11.01.08
 -24.52894 -24.52894 -24.52894 -24.52894 -24.52894 -24.52894 -24.52894 -24.52894
 -24.52894 -24.52894 -24.52894 -24.52894
 -24.65254 -24.65254 -24.65254 -24.65254 -24.65254 -24.65254 -24.65254 -24.65254
 -24.65254 -24.65254 -24.65254 -24.65254
 -24.77609 -24.77609 -24.77609 -24.77609 -24.77609 -24.77609 -24.77609 -24.77609
 -24.77609 -24.77609 -24.77609 -24.77609
 -24.89955 -24.89955 -24.89955 -24.89955 -24.89955 -24.89955 -24.89955 -24.89955
 -24.89955 -24.89955 -24.89955 -24.89955
 -25.02287 -25.02287 -25.02287 -25.02287 -25.02287 -25.02287 -25.02287 -25.02287
 -25.02287 -25.02287 -25.02287 -25.02287
 -25.14593 -25.14593 -25.14593 -25.14593 -25.14593 -25.14593 -25.14593 -25.14593
 -25.14593 -25.14593 -25.14593 -25.14593
 -25.26852 -25.26852 -25.26852 -25.26852 -25.26852 -25.26852 -25.26852 -25.26852
 -25.26852 -25.26852 -25.26852 -25.26852
 -25.39028 -25.39028 -25.39028 -25.39028 -25.39028 -25.39028 -25.39028 -25.39028
 -25.39028 -25.39028 -25.39028 -25.39028
 -25.51056 -25.51056 -25.51056 -25.51056 -25.51056 -25.51056 -25.51056 -25.51056
 -25.51056 -25.51056 -25.51056 -25.51056
 -25.61930 -25.61930 -25.61930 -25.61930 -25.61930 -25.61930 -25.61930 -25.61930
 -25.61930 -25.61930 -25.61930 -25.61930
 -25.51220 -25.51220 -25.51220 -25.51220 -25.51220 -25.51220 -25.51220 -25.51220
 -25.51221 -25.51221 -25.51221 -25.51221
 -25.15488 -25.15488 -25.15488 -25.15488 -25.15488 -25.15488 -25.15488 -25.15488
 -25.15488 -25.15488 -25.15489 -25.15489
 -24.99382 -24.99382 -24.99382 -24.99382 -24.99382 -24.99382 -24.99382 -24.99382
 -24.99382 -24.99382 -24.99382 -24.99382
 -25.03967 -25.03967 -25.03967 -25.03967 -25.03967 -25.03967 -25.03967 -25.03967
 -25.03967 -25.03967 -25.03967 -25.03967
 -25.20675 -25.20675 -25.20675 -25.20675 -25.20675 -25.20675 -25.20675 -25.20675
 -25.20675 -25.20675 -25.20675 -25.20675
 -25.42354 -25.42354 -25.42354 -25.42354 -25.42354 -25.42354 -25.42354 -25.42354
 -25.42354 -25.42354 -25.42354 -25.42355
 -25.62637 -25.62637 -25.62637 -25.62637 -25.62637 -25.62637 -25.62637 -25.62637
 -25.62637 -25.62637 -25.62637 -25.62637
 -25.75409 -25.75409 -25.75409 -25.75409 -25.75409 -25.75409 -25.75409 -25.75409
 -25.75409 -25.75409 -25.75409 -25.75409
 -25.77985 -25.77985 -25.77985 -25.77985 -25.77985 -25.77985 -25.77985 -25.77985
 -25.77985 -25.77985 -25.77985 -25.77985
 -25.72963 -25.72963 -25.72963 -25.72963 -25.72963 -25.72963 -25.72963 -25.72963
 -25.72963 -25.72963 -25.72963 -25.72963
 --------------------/ IPRT= 1  / IGRD= 1  /PRB CALC/ Z1=58   / DATE= 11.01.08
 -24.50072 -24.50072 -24.50072 -24.50072 -24.50072 -24.50072 -24.50072 -24.50072
 -24.50072 -24.50072 -24.50072 -24.50072
 -24.62431 -24.62431 -24.62431 -24.62431 -24.62431 -24.62431 -24.62431 -24.62431
 -24.62431 -24.62431 -24.62431 -24.62431
 -24.74787 -24.74787 -24.74787 -24.74787 -24.74787 -24.74787 -24.74787 -24.74787
 -24.74787 -24.74787 -24.74787 -24.74787
 -24.87134 -24.87134 -24.87134 -24.87134 -24.87134 -24.87134 -24.87134 -24.87134
 -24.87134 -24.87134 -24.87134 -24.87134
 -24.99467 -24.99467 -24.99467 -24.99467 -24.99467 -24.99467 -24.99467 -24.99467
 -24.99467 -24.99467 -24.99467 -24.99467
 -25.11774 -25.11774 -25.11774 -25.11774 -25.11774 -25.11774 -25.11774 -25.11774
 -25.11774 -25.11774 -25.11774 -25.11774
 -25.24037 -25.24037 -25.24037 -25.24037 -25.24037 -25.24037 -25.24037 -25.24037
 -25.24037 -25.24037 -25.24037 -25.24037
 -25.36219 -25.36219 -25.36219 -25.36219 -25.36219 -25.36219 -25.36219 -25.36219
 -25.36219 -25.36219 -25.36219 -25.36219
 -25.48257 -25.48257 -25.48257 -25.48257 -25.48257 -25.48257 -25.48257 -25.48257
 -25.48257 -25.48257 -25.48257 -25.48257
 -25.59410 -25.59410 -25.59410 -25.59410 -25.59410 -25.59410 -25.59410 -25.59410
 -25.59410 -25.59410 -25.59410 -25.59410
 -25.52870 -25.52870 -25.52870 -25.52870 -25.52870 -25.52870 -25.52870 -25.52870
 -25.52870 -25.52870 -25.52870 -25.52870
 -25.20267 -25.20267 -25.20267 -25.20267 -25.20267 -25.20268 -25.20268 -25.20268
 -25.20268 -25.20268 -25.20268 -25.20268
 -25.04170 -25.04170 -25.04170 -25.04170 -25.04170 -25.04170 -25.04170 -25.04170
 -25.04170 -25.04170 -25.04170 -25.04170
 -25.08312 -25.08312 -25.08312 -25.08312 -25.08312 -25.08312 -25.08312 -25.08312
 -25.08312 -25.08312 -25.08312 -25.08312
 -25.24480 -25.24480 -25.24480 -25.24480 -25.24480 -25.24480 -25.24480 -25.24480
 -25.24480 -25.24480 -25.24480 -25.24480
 -25.45387 -25.45387 -25.45387 -25.45387 -25.45387 -25.45387 -25.45387 -25.45388
 -25.45388 -25.45388 -25.45388 -25.45388
 -25.64514 -25.64514 -25.64514 -25.64514 -25.64514 -25.64514 -25.64514 -25.64514
 -25.64514 -25.64514 -25.64515 -25.64515
 -25.75890 -25.75890 -25.75890 -25.75890 -25.75890 -25.75890 -25.75890 -25.75890
 -25.75890 -25.75890 -25.75890 -25.75890
 -25.77354 -25.77354 -25.77354 -25.77354 -25.77354 -25.77354 -25.77354 -25.77354
 -25.77354 -25.77354 -25.77354 -25.77354
 -25.71751 -25.71751 -25.71751 -25.71751 -25.71751 -25.71751 -25.71751 -25.71751
 -25.71751 -25.71751 -25.71751 -25.71751
 --------------------/ IPRT= 1  / IGRD= 1  /PRB CALC/ Z1=59   / DATE= 11.01.08
 -24.45843 -24.45843 -24.45843 -24.45843 -24.45843 -24.45843 -24.45843 -24.45843
 -24.45843 -24.45843 -24.45843 -24.45843
 -24.58203 -24.58203 -24.58203 -24.58203 -24.58203 -24.58203 -24.58203 -24.58203
 -24.58203 -24.58203 -24.58203 -24.58203
 -24.70559 -24.70559 -24.70559 -24.70559 -24.70559 -24.70559 -24.70559 -24.70559
 -24.70559 -24.70559 -24.70559 -24.70559
 -24.82908 -24.82908 -24.82908 -24.82908 -24.82908 -24.82908 -24.82908 -24.82908
 -24.82908 -24.82908 -24.82908 -24.82908
 -24.95243 -24.95243 -24.95243 -24.95243 -24.95243 -24.95243 -24.95243 -24.95243
 -24.95243 -24.95243 -24.95243 -24.95243
 -25.07554 -25.07554 -25.07554 -25.07554 -25.07554 -25.07554 -25.07554 -25.07554
 -25.07554 -25.07554 -25.07554 -25.07554
 -25.19822 -25.19822 -25.19822 -25.19822 -25.19822 -25.19822 -25.19822 -25.19822
 -25.19822 -25.19822 -25.19822 -25.19822
 -25.32016 -25.32016 -25.32016 -25.32016 -25.32016 -25.32016 -25.32016 -25.32016
 -25.32016 -25.32016 -25.32016 -25.32016
 -25.44075 -25.44075 -25.44075 -25.44075 -25.44075 -25.44075 -25.44075 -25.44075
 -25.44075 -25.44075 -25.44075 -25.44075
 -25.55501 -25.55501 -25.55501 -25.55501 -25.55501 -25.55501 -25.55501 -25.55501
 -25.55501 -25.55501 -25.55501 -25.55501
 -25.53600 -25.53600 -25.53600 -25.53600 -25.53600 -25.53600 -25.53600 -25.53600
 -25.53600 -25.53600 -25.53600 -25.53600
 -25.25765 -25.25765 -25.25765 -25.25765 -25.25765 -25.25765 -25.25765 -25.25765
 -25.25765 -25.25765 -25.25765 -25.25765
 -25.10090 -25.10090 -25.10090 -25.10090 -25.10090 -25.10090 -25.10090 -25.10090
 -25.10090 -25.10090 -25.10090 -25.10090
 -25.13764 -25.13764 -25.13764 -25.13764 -25.13764 -25.13764 -25.13764 -25.13764
 -25.13764 -25.13764 -25.13764 -25.13764
 -25.29228 -25.29228 -25.29228 -25.29228 -25.29228 -25.29229 -25.29229 -25.29229
 -25.29229 -25.29229 -25.29229 -25.29229
 -25.49086 -25.49086 -25.49086 -25.49086 -25.49086 -25.49086 -25.49086 -25.49086
 -25.49086 -25.49086 -25.49086 -25.49087
 -25.66705 -25.66705 -25.66705 -25.66705 -25.66705 -25.66705 -25.66705 -25.66705
 -25.66705 -25.66705 -25.66705 -25.66705
 -25.76405 -25.76405 -25.76405 -25.76405 -25.76405 -25.76405 -25.76405 -25.76405
 -25.76405 -25.76405 -25.76405 -25.76405
 -25.76657 -25.76657 -25.76657 -25.76657 -25.76657 -25.76657 -25.76657 -25.76657
 -25.76657 -25.76657 -25.76657 -25.76657
 -25.70479 -25.70479 -25.70479 -25.70479 -25.70479 -25.70479 -25.70479 -25.70479
 -25.70479 -25.70479 -25.70479 -25.70479
 --------------------/ IPRT= 1  / IGRD= 1  /PRB CALC/ Z1=60   / DATE= 11.01.08
 -24.40366 -24.40366 -24.40366 -24.40366 -24.40366 -24.40366 -24.40366 -24.40366
 -24.40366 -24.40366 -24.40366 -24.40366
 -24.52727 -24.52727 -24.52727 -24.52727 -24.52727 -24.52727 -24.52727 -24.52727
 -24.52727 -24.52727 -24.52727 -24.52727
 -24.65084 -24.65084 -24.65084 -24.65084 -24.65084 -24.65084 -24.65084 -24.65084
 -24.65084 -24.65084 -24.65084 -24.65084
 -24.77434 -24.77434 -24.77434 -24.77434 -24.77434 -24.77434 -24.77434 -24.77434
 -24.77434 -24.77434 -24.77434 -24.77434
 -24.89771 -24.89771 -24.89771 -24.89771 -24.89771 -24.89771 -24.89771 -24.89771
 -24.89771 -24.89771 -24.89771 -24.89771
 -25.02087 -25.02087 -25.02087 -25.02087 -25.02087 -25.02087 -25.02087 -25.02087
 -25.02087 -25.02087 -25.02087 -25.02087
 -25.14364 -25.14364 -25.14364 -25.14364 -25.14364 -25.14364 -25.14364 -25.14364
 -25.14364 -25.14364 -25.14364 -25.14364
 -25.26573 -25.26573 -25.26573 -25.26573 -25.26573 -25.26573 -25.26573 -25.26573
 -25.26573 -25.26573 -25.26573 -25.26573
 -25.38659 -25.38659 -25.38659 -25.38659 -25.38659 -25.38659 -25.38659 -25.38659
 -25.38659 -25.38659 -25.38659 -25.38659
 -25.50323 -25.50323 -25.50323 -25.50323 -25.50323 -25.50323 -25.50323 -25.50323
 -25.50323 -25.50323 -25.50323 -25.50323
 -25.53175 -25.53175 -25.53175 -25.53175 -25.53175 -25.53175 -25.53175 -25.53176
 -25.53176 -25.53176 -25.53176 -25.53176
 -25.32281 -25.32281 -25.32281 -25.32281 -25.32281 -25.32281 -25.32281 -25.32281
 -25.32282 -25.32282 -25.32282 -25.32282
 -25.17760 -25.17760 -25.17760 -25.17760 -25.17760 -25.17760 -25.17760 -25.17760
 -25.17760 -25.17760 -25.17760 -25.17760
 -25.20904 -25.20904 -25.20904 -25.20904 -25.20904 -25.20904 -25.20904 -25.20904
 -25.20904 -25.20905 -25.20905 -25.20905
 -25.35366 -25.35366 -25.35366 -25.35366 -25.35366 -25.35366 -25.35366 -25.35366
 -25.35366 -25.35366 -25.35366 -25.35366
 -25.53714 -25.53714 -25.53714 -25.53714 -25.53714 -25.53714 -25.53714 -25.53715
 -25.53715 -25.53715 -25.53715 -25.53715
 -25.69303 -25.69303 -25.69303 -25.69303 -25.69303 -25.69303 -25.69303 -25.69303
 -25.69303 -25.69303 -25.69303 -25.69303
 -25.76965 -25.76965 -25.76965 -25.76965 -25.76965 -25.76965 -25.76965 -25.76965
 -25.76965 -25.76965 -25.76965 -25.76965
 -25.75891 -25.75891 -25.75891 -25.75891 -25.75891 -25.75891 -25.75891 -25.75891
 -25.75891 -25.75891 -25.75891 -25.75891
 -25.69141 -25.69141 -25.69141 -25.69141 -25.69141 -25.69141 -25.69141 -25.69141
 -25.69141 -25.69141 -25.69141 -25.69141
 --------------------/ IPRT= 1  / IGRD= 1  /PRB CALC/ Z1=61   / DATE= 11.01.08
 -24.35066 -24.35066 -24.35066 -24.35066 -24.35066 -24.35066 -24.35066 -24.35066
 -24.35066 -24.35066 -24.35066 -24.35066
 -24.47428 -24.47428 -24.47428 -24.47428 -24.47428 -24.47428 -24.47428 -24.47428
 -24.47428 -24.47428 -24.47428 -24.47428
 -24.59785 -24.59785 -24.59785 -24.59785 -24.59785 -24.59785 -24.59785 -24.59785
 -24.59785 -24.59785 -24.59785 -24.59785
 -24.72136 -24.72136 -24.72136 -24.72136 -24.72136 -24.72136 -24.72136 -24.72136
 -24.72136 -24.72136 -24.72136 -24.72136
 -24.84477 -24.84477 -24.84477 -24.84477 -24.84477 -24.84477 -24.84477 -24.84477
 -24.84477 -24.84477 -24.84477 -24.84477
 -24.96797 -24.96797 -24.96797 -24.96797 -24.96797 -24.96797 -24.96797 -24.96797
 -24.96797 -24.96797 -24.96797 -24.96797
 -25.09081 -25.09081 -25.09081 -25.09081 -25.09081 -25.09081 -25.09081 -25.09081
 -25.09081 -25.09081 -25.09081 -25.09081
 -25.21303 -25.21303 -25.21303 -25.21303 -25.21303 -25.21303 -25.21303 -25.21303
 -25.21303 -25.21303 -25.21303 -25.21303
 -25.33413 -25.33413 -25.33413 -25.33413 -25.33413 -25.33413 -25.33413 -25.33413
 -25.33413 -25.33413 -25.33413 -25.33413
 -25.45204 -25.45204 -25.45204 -25.45204 -25.45204 -25.45204 -25.45204 -25.45204
 -25.45204 -25.45204 -25.45204 -25.45204
 -25.51192 -25.51192 -25.51192 -25.51192 -25.51192 -25.51192 -25.51192 -25.51192
 -25.51192 -25.51192 -25.51192 -25.51192
 -25.38036 -25.38036 -25.38036 -25.38036 -25.38036 -25.38036 -25.38036 -25.38036
 -25.38036 -25.38036 -25.38036 -25.38036
 -25.26682 -25.26682 -25.26682 -25.26682 -25.26682 -25.26682 -25.26682 -25.26682
 -25.26682 -25.26682 -25.26682 -25.26682
 -25.30165 -25.30165 -25.30165 -25.30165 -25.30165 -25.30165 -25.30165 -25.30165
 -25.30165 -25.30165 -25.30165 -25.30165
 -25.43700 -25.43700 -25.43700 -25.43700 -25.43700 -25.43700 -25.43700 -25.43700
 -25.43700 -25.43700 -25.43700 -25.43700
 -25.60061 -25.60061 -25.60061 -25.60061 -25.60061 -25.60061 -25.60061 -25.60061
 -25.60061 -25.60061 -25.60061 -25.60061
 -25.72890 -25.72890 -25.72890 -25.72890 -25.72890 -25.72890 -25.72890 -25.72890
 -25.72890 -25.72890 -25.72890 -25.72890
 -25.77946 -25.77946 -25.77946 -25.77946 -25.77946 -25.77946 -25.77946 -25.77946
 -25.77946 -25.77946 -25.77946 -25.77946
 -25.75283 -25.75283 -25.75283 -25.75283 -25.75283 -25.75283 -25.75283 -25.75283
 -25.75283 -25.75283 -25.75283 -25.75283
 -25.67867 -25.67867 -25.67867 -25.67867 -25.67867 -25.67867 -25.67867 -25.67867
 -25.67867 -25.67867 -25.67867 -25.67867
 --------------------/ IPRT= 1  / IGRD= 1  /PRB CALC/ Z1=62   / DATE= 11.01.08
 -24.32469 -24.32469 -24.32469 -24.32469 -24.32469 -24.32469 -24.32469 -24.32469
 -24.32469 -24.32469 -24.32469 -24.32469
 -24.44830 -24.44830 -24.44830 -24.44830 -24.44830 -24.44830 -24.44830 -24.44830
 -24.44830 -24.44830 -24.44830 -24.44830
 -24.57188 -24.57188 -24.57188 -24.57188 -24.57188 -24.57188 -24.57188 -24.57188
 -24.57188 -24.57188 -24.57188 -24.57188
 -24.69539 -24.69539 -24.69539 -24.69539 -24.69539 -24.69539 -24.69539 -24.69539
 -24.69539 -24.69539 -24.69539 -24.69539
 -24.81880 -24.81880 -24.81880 -24.81880 -24.81880 -24.81880 -24.81880 -24.81880
 -24.81880 -24.81880 -24.81880 -24.81880
 -24.94201 -24.94201 -24.94201 -24.94201 -24.94201 -24.94201 -24.94201 -24.94201
 -24.94201 -24.94201 -24.94201 -24.94201
 -25.06488 -25.06488 -25.06488 -25.06488 -25.06488 -25.06488 -25.06488 -25.06488
 -25.06488 -25.06488 -25.06488 -25.06488
 -25.18714 -25.18714 -25.18714 -25.18714 -25.18714 -25.18714 -25.18714 -25.18714
 -25.18714 -25.18714 -25.18714 -25.18714
 -25.30831 -25.30831 -25.30831 -25.30831 -25.30831 -25.30831 -25.30831 -25.30831
 -25.30831 -25.30831 -25.30831 -25.30831
 -25.42756 -25.42756 -25.42756 -25.42756 -25.42756 -25.42756 -25.42756 -25.42756
 -25.42756 -25.42756 -25.42756 -25.42756
 -25.54341 -25.54341 -25.54341 -25.54341 -25.54341 -25.54341 -25.54341 -25.54341
 -25.54341 -25.54341 -25.54341 -25.54341
 -25.65062 -25.65062 -25.65062 -25.65062 -25.65062 -25.65062 -25.65062 -25.65062
 -25.65062 -25.65062 -25.65062 -25.65062
 -25.66499 -25.66499 -25.66499 -25.66499 -25.66499 -25.66499 -25.66499 -25.66499
 -25.66499 -25.66499 -25.66499 -25.66499
 -25.47908 -25.47908 -25.47908 -25.47908 -25.47908 -25.47908 -25.47908 -25.47908
 -25.47908 -25.47908 -25.47908 -25.47908
 -25.35638 -25.35638 -25.35638 -25.35638 -25.35638 -25.35638 -25.35639 -25.35639
 -25.35639 -25.35639 -25.35639 -25.35639
 -25.38446 -25.38446 -25.38446 -25.38446 -25.38446 -25.38446 -25.38446 -25.38446
 -25.38446 -25.38446 -25.38446 -25.38446
 -25.49619 -25.49619 -25.49619 -25.49619 -25.49619 -25.49619 -25.49619 -25.49619
 -25.49619 -25.49619 -25.49619 -25.49619
 -25.60742 -25.60742 -25.60742 -25.60742 -25.60742 -25.60742 -25.60742 -25.60742
 -25.60742 -25.60742 -25.60742 -25.60742
 -25.65540 -25.65540 -25.65540 -25.65540 -25.65540 -25.65540 -25.65540 -25.65540
 -25.65540 -25.65540 -25.65540 -25.65540
 -25.62911 -25.62911 -25.62911 -25.62911 -25.62911 -25.62911 -25.62911 -25.62911
 -25.62911 -25.62911 -25.62911 -25.62911
 --------------------/ IPRT= 1  / IGRD= 1  /PRB CALC/ Z1=63   / DATE= 11.01.08
 -24.28086 -24.28086 -24.28086 -24.28086 -24.28086 -24.28086 -24.28086 -24.28086
 -24.28086 -24.28086 -24.28086 -24.28086
 -24.40447 -24.40447 -24.40447 -24.40447 -24.40447 -24.40447 -24.40447 -24.40447
 -24.40447 -24.40447 -24.40447 -24.40447
 -24.52806 -24.52806 -24.52806 -24.52806 -24.52806 -24.52806 -24.52806 -24.52806
 -24.52806 -24.52806 -24.52806 -24.52806
 -24.65158 -24.65158 -24.65158 -24.65158 -24.65158 -24.65158 -24.65158 -24.65158
 -24.65158 -24.65158 -24.65158 -24.65158
 -24.77501 -24.77501 -24.77501 -24.77501 -24.77501 -24.77501 -24.77501 -24.77501
 -24.77501 -24.77501 -24.77501 -24.77501
 -24.89825 -24.89825 -24.89825 -24.89825 -24.89825 -24.89825 -24.89825 -24.89825
 -24.89825 -24.89825 -24.89825 -24.89825
 -25.02117 -25.02117 -25.02117 -25.02117 -25.02117 -25.02117 -25.02117 -25.02117
 -25.02117 -25.02117 -25.02117 -25.02117
 -25.14352 -25.14352 -25.14352 -25.14352 -25.14352 -25.14352 -25.14352 -25.14352
 -25.14352 -25.14352 -25.14352 -25.14352
 -25.26486 -25.26486 -25.26486 -25.26486 -25.26486 -25.26486 -25.26486 -25.26486
 -25.26486 -25.26486 -25.26486 -25.26486
 -25.38440 -25.38440 -25.38440 -25.38440 -25.38440 -25.38440 -25.38440 -25.38440
 -25.38440 -25.38440 -25.38440 -25.38440
 -25.50076 -25.50076 -25.50076 -25.50076 -25.50076 -25.50076 -25.50076 -25.50076
 -25.50076 -25.50076 -25.50076 -25.50076
 -25.60902 -25.60902 -25.60902 -25.60902 -25.60902 -25.60902 -25.60902 -25.60902
 -25.60902 -25.60902 -25.60902 -25.60902
 -25.63193 -25.63193 -25.63193 -25.63193 -25.63193 -25.63193 -25.63193 -25.63193
 -25.63193 -25.63193 -25.63193 -25.63193
 -25.46521 -25.46521 -25.46521 -25.46521 -25.46521 -25.46521 -25.46521 -25.46521
 -25.46521 -25.46521 -25.46521 -25.46521
 -25.35008 -25.35008 -25.35008 -25.35008 -25.35008 -25.35008 -25.35008 -25.35008
 -25.35008 -25.35008 -25.35008 -25.35009
 -25.37797 -25.37797 -25.37797 -25.37797 -25.37797 -25.37797 -25.37797 -25.37797
 -25.37797 -25.37797 -25.37797 -25.37797
 -25.48689 -25.48689 -25.48689 -25.48689 -25.48689 -25.48689 -25.48689 -25.48689
 -25.48689 -25.48689 -25.48689 -25.48689
 -25.59504 -25.59504 -25.59504 -25.59504 -25.59504 -25.59504 -25.59504 -25.59504
 -25.59504 -25.59504 -25.59504 -25.59504
 -25.64095 -25.64095 -25.64095 -25.64095 -25.64095 -25.64095 -25.64095 -25.64095
 -25.64095 -25.64095 -25.64095 -25.64095
 -25.61383 -25.61383 -25.61383 -25.61383 -25.61383 -25.61383 -25.61383 -25.61383
 -25.61383 -25.61383 -25.61383 -25.61383
 --------------------/ IPRT= 1  / IGRD= 1  /PRB CALC/ Z1=64   / DATE= 11.01.08
 -24.24345 -24.24345 -24.24345 -24.24345 -24.24345 -24.24345 -24.24345 -24.24345
 -24.24345 -24.24345 -24.24345 -24.24345
 -24.36707 -24.36707 -24.36707 -24.36707 -24.36707 -24.36707 -24.36707 -24.36707
 -24.36707 -24.36707 -24.36707 -24.36707
 -24.49066 -24.49066 -24.49066 -24.49066 -24.49066 -24.49066 -24.49066 -24.49066
 -24.49066 -24.49066 -24.49066 -24.49066
 -24.61419 -24.61419 -24.61419 -24.61419 -24.61419 -24.61419 -24.61419 -24.61419
 -24.61419 -24.61419 -24.61419 -24.61419
 -24.73763 -24.73763 -24.73763 -24.73763 -24.73763 -24.73763 -24.73763 -24.73763
 -24.73763 -24.73763 -24.73763 -24.73763
 -24.86089 -24.86089 -24.86089 -24.86089 -24.86089 -24.86089 -24.86089 -24.86089
 -24.86089 -24.86089 -24.86089 -24.86089
 -24.98385 -24.98385 -24.98385 -24.98385 -24.98385 -24.98385 -24.98385 -24.98385
 -24.98385 -24.98385 -24.98385 -24.98385
 -25.10627 -25.10627 -25.10627 -25.10627 -25.10627 -25.10627 -25.10627 -25.10627
 -25.10627 -25.10627 -25.10627 -25.10627
 -25.22773 -25.22773 -25.22773 -25.22773 -25.22773 -25.22773 -25.22773 -25.22773
 -25.22773 -25.22773 -25.22773 -25.22773
 -25.34749 -25.34749 -25.34749 -25.34749 -25.34749 -25.34749 -25.34749 -25.34749
 -25.34749 -25.34749 -25.34749 -25.34749
 -25.46424 -25.46424 -25.46424 -25.46424 -25.46424 -25.46424 -25.46424 -25.46424
 -25.46424 -25.46424 -25.46424 -25.46424
 -25.57262 -25.57262 -25.57262 -25.57262 -25.57262 -25.57262 -25.57262 -25.57262
 -25.57262 -25.57262 -25.57262 -25.57262
 -25.58509 -25.58509 -25.58509 -25.58509 -25.58509 -25.58509 -25.58509 -25.58509
 -25.58509 -25.58509 -25.58509 -25.58509
 -25.39939 -25.39939 -25.39939 -25.39939 -25.39939 -25.39939 -25.39939 -25.39939
 -25.39939 -25.39939 -25.39940 -25.39940
 -25.28122 -25.28122 -25.28122 -25.28122 -25.28123 -25.28123 -25.28123 -25.28123
 -25.28123 -25.28123 -25.28123 -25.28123
 -25.31429 -25.31429 -25.31429 -25.31429 -25.31429 -25.31429 -25.31429 -25.31429
 -25.31429 -25.31429 -25.31429 -25.31429
 -25.43202 -25.43202 -25.43202 -25.43202 -25.43202 -25.43202 -25.43202 -25.43202
 -25.43202 -25.43202 -25.43202 -25.43202
 -25.55218 -25.55218 -25.55218 -25.55218 -25.55218 -25.55218 -25.55218 -25.55218
 -25.55218 -25.55218 -25.55218 -25.55218
 -25.61054 -25.61054 -25.61054 -25.61054 -25.61054 -25.61054 -25.61054 -25.61054
 -25.61054 -25.61054 -25.61054 -25.61054
 -25.59201 -25.59201 -25.59201 -25.59201 -25.59201 -25.59201 -25.59201 -25.59201
 -25.59201 -25.59201 -25.59201 -25.59201
 --------------------/ IPRT= 1  / IGRD= 1  /PRB CALC/ Z1=65   / DATE= 11.01.08
 -24.16234 -24.16234 -24.16234 -24.16234 -24.16234 -24.16234 -24.16234 -24.16234
 -24.16234 -24.16234 -24.16234 -24.16234
 -24.28596 -24.28596 -24.28596 -24.28596 -24.28596 -24.28596 -24.28596 -24.28596
 -24.28596 -24.28596 -24.28596 -24.28596
 -24.40956 -24.40956 -24.40956 -24.40956 -24.40956 -24.40956 -24.40956 -24.40956
 -24.40956 -24.40956 -24.40956 -24.40956
 -24.53311 -24.53311 -24.53311 -24.53311 -24.53311 -24.53311 -24.53311 -24.53311
 -24.53311 -24.53311 -24.53311 -24.53311
 -24.65658 -24.65658 -24.65658 -24.65658 -24.65658 -24.65658 -24.65658 -24.65658
 -24.65658 -24.65658 -24.65658 -24.65658
 -24.77990 -24.77990 -24.77990 -24.77990 -24.77990 -24.77990 -24.77990 -24.77990
 -24.77990 -24.77990 -24.77990 -24.77990
 -24.90297 -24.90297 -24.90297 -24.90297 -24.90297 -24.90297 -24.90297 -24.90297
 -24.90297 -24.90297 -24.90297 -24.90297
 -25.02556 -25.02556 -25.02556 -25.02556 -25.02556 -25.02556 -25.02556 -25.02556
 -25.02556 -25.02556 -25.02556 -25.02556
 -25.14690 -25.14692 -25.14694 -25.14696 -25.14698 -25.14700 -25.14703 -25.14705
 -25.14708 -25.14710 -25.14713 -25.14715
 -25.24712 -25.24791 -25.24878 -25.24972 -25.25073 -25.25180 -25.25292 -25.25406
 -25.25521 -25.25636 -25.25749 -25.25857
 -25.25973 -25.26390 -25.26855 -25.27366 -25.27921 -25.28516 -25.29146 -25.29803
 -25.30477 -25.31158 -25.31835 -25.32498
 -25.24814 -25.25516 -25.26304 -25.27181 -25.28145 -25.29193 -25.30318 -25.31508
 -25.32750 -25.34026 -25.35318 -25.36605
 -25.26606 -25.27285 -25.28049 -25.28901 -25.29840 -25.30863 -25.31964 -25.33133
 -25.34356 -25.35618 -25.36899 -25.38180
 -25.20560 -25.20946 -25.21377 -25.21856 -25.22380 -25.22947 -25.23553 -25.24192
 -25.24853 -25.25529 -25.26209 -25.26881
 -25.16295 -25.16483 -25.16692 -25.16923 -25.17176 -25.17448 -25.17738 -25.18042
 -25.18356 -25.18675 -25.18994 -25.19309
 -25.22944 -25.23048 -25.23165 -25.23295 -25.23436 -25.23588 -25.23751 -25.23921
 -25.24097 -25.24276 -25.24455 -25.24632
 -25.36611 -25.36676 -25.36748 -25.36828 -25.36915 -25.37010 -25.37111 -25.37217
 -25.37327 -25.37439 -25.37551 -25.37662
 -25.50159 -25.50197 -25.50240 -25.50288 -25.50340 -25.50396 -25.50457 -25.50520
 -25.50586 -25.50654 -25.50722 -25.50789
 -25.57393 -25.57412 -25.57434 -25.57458 -25.57484 -25.57513 -25.57543 -25.57576
 -25.57610 -25.57644 -25.57679 -25.57714
 -25.56572 -25.56580 -25.56589 -25.56599 -25.56610 -25.56622 -25.56635 -25.56648
 -25.56662 -25.56677 -25.56692 -25.56706
 --------------------/ IPRT= 1  / IGRD= 1  /PRB CALC/ Z1=66   / DATE= 11.01.08
 -24.06680 -24.06680 -24.06680 -24.06680 -24.06680 -24.06680 -24.06680 -24.06680
 -24.06680 -24.06680 -24.06680 -24.06680
 -24.19042 -24.19042 -24.19042 -24.19042 -24.19042 -24.19042 -24.19042 -24.19042
 -24.19042 -24.19042 -24.19042 -24.19042
 -24.31403 -24.31403 -24.31403 -24.31403 -24.31403 -24.31403 -24.31403 -24.31403
 -24.31403 -24.31403 -24.31403 -24.31403
 -24.43760 -24.43760 -24.43760 -24.43760 -24.43760 -24.43760 -24.43760 -24.43760
 -24.43760 -24.43760 -24.43760 -24.43760
 -24.56110 -24.56110 -24.56110 -24.56110 -24.56110 -24.56110 -24.56110 -24.56110
 -24.56110 -24.56110 -24.56110 -24.56110
 -24.68448 -24.68448 -24.68448 -24.68448 -24.68448 -24.68448 -24.68448 -24.68448
 -24.68448 -24.68448 -24.68448 -24.68448
 -24.80765 -24.80765 -24.80765 -24.80765 -24.80765 -24.80765 -24.80765 -24.80765
 -24.80765 -24.80765 -24.80765 -24.80765
 -24.93043 -24.93043 -24.93043 -24.93043 -24.93043 -24.93043 -24.93043 -24.93043
 -24.93043 -24.93043 -24.93043 -24.93043
 -25.05165 -25.05169 -25.05173 -25.05177 -25.05181 -25.05186 -25.05191 -25.05196
 -25.05201 -25.05206 -25.05210 -25.05215
 -25.13648 -25.13786 -25.13938 -25.14103 -25.14282 -25.14471 -25.14668 -25.14872
 -25.15078 -25.15283 -25.15485 -25.15680
 -25.09131 -25.09741 -25.10424 -25.11180 -25.12007 -25.12901 -25.13855 -25.14858
 -25.15897 -25.16957 -25.18022 -25.19075
 -25.04003 -25.04915 -25.05946 -25.07100 -25.08378 -25.09780 -25.11300 -25.12925
 -25.14641 -25.16426 -25.18257 -25.20107
 -25.07551 -25.08456 -25.09481 -25.10631 -25.11910 -25.13316 -25.14846 -25.16488
 -25.18229 -25.20049 -25.21923 -25.23826
 -25.10212 -25.10835 -25.11536 -25.12319 -25.13185 -25.14130 -25.15150 -25.16236
 -25.17376 -25.18554 -25.19755 -25.20958
 -25.12425 -25.12774 -25.13165 -25.13600 -25.14078 -25.14597 -25.15153 -25.15740
 -25.16351 -25.16978 -25.17610 -25.18238
 -25.21453 -25.21658 -25.21888 -25.22143 -25.22423 -25.22727 -25.23051 -25.23393
 -25.23749 -25.24112 -25.24478 -25.24840
 -25.35575 -25.35703 -25.35846 -25.36005 -25.36179 -25.36368 -25.36570 -25.36783
 -25.37005 -25.37232 -25.37460 -25.37686
 -25.48805 -25.48880 -25.48965 -25.49058 -25.49161 -25.49272 -25.49392 -25.49518
 -25.49650 -25.49784 -25.49920 -25.50055
 -25.55630 -25.55667 -25.55709 -25.55755 -25.55807 -25.55862 -25.55922 -25.55986
 -25.56052 -25.56120 -25.56188 -25.56257
 -25.54665 -25.54680 -25.54697 -25.54717 -25.54738 -25.54761 -25.54786 -25.54812
 -25.54840 -25.54868 -25.54897 -25.54925
 --------------------/ IPRT= 1  / IGRD= 1  /PRB CALC/ Z1=67   / DATE= 11.01.08
 -23.98173 -23.98173 -23.98173 -23.98173 -23.98173 -23.98173 -23.98173 -23.98173
 -23.98173 -23.98173 -23.98173 -23.98173
 -24.10536 -24.10536 -24.10536 -24.10536 -24.10536 -24.10536 -24.10536 -24.10536
 -24.10536 -24.10536 -24.10536 -24.10536
 -24.22898 -24.22898 -24.22898 -24.22898 -24.22898 -24.22898 -24.22898 -24.22898
 -24.22898 -24.22898 -24.22898 -24.22898
 -24.35256 -24.35256 -24.35256 -24.35256 -24.35256 -24.35256 -24.35256 -24.35256
 -24.35256 -24.35256 -24.35256 -24.35256
 -24.47608 -24.47608 -24.47608 -24.47608 -24.47608 -24.47608 -24.47608 -24.47608
 -24.47608 -24.47608 -24.47608 -24.47608
 -24.59951 -24.59951 -24.59951 -24.59951 -24.59951 -24.59951 -24.59951 -24.59951
 -24.59951 -24.59951 -24.59951 -24.59951
 -24.72275 -24.72275 -24.72275 -24.72275 -24.72275 -24.72275 -24.72275 -24.72275
 -24.72275 -24.72275 -24.72275 -24.72275
 -24.84566 -24.84566 -24.84566 -24.84566 -24.84566 -24.84566 -24.84566 -24.84566
 -24.84566 -24.84566 -24.84566 -24.84566
 -24.96665 -24.96670 -24.96676 -24.96682 -24.96689 -24.96696 -24.96704 -24.96711
 -24.96719 -24.96726 -24.96734 -24.96741
 -25.03802 -25.03989 -25.04195 -25.04420 -25.04663 -25.04921 -25.05192 -25.05472
 -25.05756 -25.06039 -25.06319 -25.06590
 -24.95610 -24.96331 -24.97141 -24.98040 -24.99029 -25.00103 -25.01255 -25.02473
 -25.03744 -25.05049 -25.06368 -25.07682
 -24.88830 -24.89837 -24.90978 -24.92259 -24.93686 -24.95257 -24.96969 -24.98811
 -25.00768 -25.02819 -25.04938 -25.07096
 -24.93536 -24.94545 -24.95690 -24.96982 -24.98423 -25.00017 -25.01760 -25.03645
 -25.05656 -25.07774 -25.09974 -25.12227
 -25.01468 -25.02244 -25.03123 -25.04109 -25.05206 -25.06411 -25.07721 -25.09128
 -25.10617 -25.12172 -25.13771 -25.15392
 -25.08882 -25.09369 -25.09919 -25.10532 -25.11209 -25.11949 -25.12747 -25.13595
 -25.14485 -25.15404 -25.16339 -25.17275
 -25.20209 -25.20510 -25.20849 -25.21226 -25.21641 -25.22093 -25.22579 -25.23093
 -25.23631 -25.24183 -25.24742 -25.25299
 -25.34768 -25.34957 -25.35169 -25.35405 -25.35665 -25.35947 -25.36251 -25.36572
 -25.36906 -25.37250 -25.37598 -25.37944
 -25.47607 -25.47717 -25.47840 -25.47977 -25.48129 -25.48293 -25.48470 -25.48657
 -25.48853 -25.49053 -25.49256 -25.49458
 -25.53946 -25.54000 -25.54061 -25.54129 -25.54203 -25.54285 -25.54372 -25.54464
 -25.54561 -25.54660 -25.54761 -25.54861
 -25.52794 -25.52816 -25.52841 -25.52869 -25.52899 -25.52933 -25.52969 -25.53007
 -25.53047 -25.53088 -25.53130 -25.53172
 --------------------/ IPRT= 1  / IGRD= 1  /PRB CALC/ Z1=68   / DATE= 11.01.08
 -23.90465 -23.90465 -23.90465 -23.90465 -23.90465 -23.90465 -23.90465 -23.90465
 -23.90465 -23.90465 -23.90465 -23.90465
 -24.02828 -24.02828 -24.02828 -24.02828 -24.02828 -24.02828 -24.02828 -24.02828
 -24.02828 -24.02828 -24.02828 -24.02828
 -24.15191 -24.15191 -24.15191 -24.15191 -24.15191 -24.15191 -24.15191 -24.15191
 -24.15191 -24.15191 -24.15191 -24.15191
 -24.27550 -24.27550 -24.27550 -24.27550 -24.27550 -24.27550 -24.27550 -24.27550
 -24.27550 -24.27550 -24.27550 -24.27550
 -24.39904 -24.39904 -24.39904 -24.39904 -24.39904 -24.39904 -24.39904 -24.39904
 -24.39904 -24.39904 -24.39904 -24.39904
 -24.52250 -24.52250 -24.52250 -24.52250 -24.52250 -24.52250 -24.52250 -24.52250
 -24.52250 -24.52250 -24.52250 -24.52250
 -24.64579 -24.64579 -24.64579 -24.64579 -24.64579 -24.64579 -24.64579 -24.64579
 -24.64579 -24.64579 -24.64579 -24.64579
 -24.76881 -24.76881 -24.76881 -24.76881 -24.76881 -24.76881 -24.76881 -24.76881
 -24.76881 -24.76881 -24.76881 -24.76881
 -24.88939 -24.88947 -24.88955 -24.88964 -24.88974 -24.88984 -24.88995 -24.89005
 -24.89016 -24.89027 -24.89038 -24.89048
 -24.94671 -24.94906 -24.95166 -24.95451 -24.95759 -24.96087 -24.96432 -24.96789
 -24.97152 -24.97517 -24.97877 -24.98227
 -24.83455 -24.84261 -24.85167 -24.86178 -24.87293 -24.88509 -24.89820 -24.91213
 -24.92673 -24.94181 -24.95716 -24.97253
 -24.75710 -24.76778 -24.77992 -24.79359 -24.80885 -24.82572 -24.84417 -24.86411
 -24.88540 -24.90783 -24.93113 -24.95502
 -24.81263 -24.82337 -24.83560 -24.84942 -24.86490 -24.88207 -24.90094 -24.92142
 -24.94339 -24.96667 -24.99100 -25.01608
 -24.92939 -24.93832 -24.94846 -24.95990 -24.97267 -24.98680 -25.00225 -25.01894
 -25.03675 -25.05549 -25.07495 -25.09484
 -25.04969 -25.05590 -25.06292 -25.07080 -25.07954 -25.08915 -25.09957 -25.11073
 -25.12253 -25.13481 -25.14741 -25.16013
 -25.18782 -25.19187 -25.19643 -25.20154 -25.20718 -25.21335 -25.22001 -25.22710
 -25.23455 -25.24226 -25.25011 -25.25798
 -25.33924 -25.34180 -25.34469 -25.34792 -25.35147 -25.35536 -25.35954 -25.36398
 -25.36864 -25.37344 -25.37831 -25.38318
 -25.46405 -25.46553 -25.46720 -25.46905 -25.47110 -25.47333 -25.47573 -25.47828
 -25.48095 -25.48370 -25.48649 -25.48927
 -25.52264 -25.52335 -25.52416 -25.52506 -25.52606 -25.52714 -25.52831 -25.52955
 -25.53085 -25.53219 -25.53355 -25.53490
 -25.50926 -25.50956 -25.50988 -25.51025 -25.51066 -25.51110 -25.51158 -25.51209
 -25.51262 -25.51317 -25.51373 -25.51429
 --------------------/ IPRT= 1  / IGRD= 1  /PRB CALC/ Z1=69   / DATE= 11.01.08
 -23.81598 -23.81598 -23.81598 -23.81598 -23.81598 -23.81598 -23.81598 -23.81598
 -23.81598 -23.81598 -23.81598 -23.81598
 -23.93962 -23.93962 -23.93962 -23.93962 -23.93962 -23.93962 -23.93962 -23.93962
 -23.93962 -23.93962 -23.93962 -23.93962
 -24.06324 -24.06324 -24.06324 -24.06324 -24.06324 -24.06324 -24.06324 -24.06324
 -24.06324 -24.06324 -24.06324 -24.06324
 -24.18685 -24.18685 -24.18685 -24.18685 -24.18685 -24.18685 -24.18685 -24.18685
 -24.18685 -24.18685 -24.18685 -24.18685
 -24.31041 -24.31041 -24.31041 -24.31041 -24.31041 -24.31041 -24.31041 -24.31041
 -24.31041 -24.31041 -24.31041 -24.31041
 -24.43389 -24.43389 -24.43389 -24.43389 -24.43389 -24.43389 -24.43389 -24.43389
 -24.43389 -24.43389 -24.43389 -24.43389
 -24.55725 -24.55725 -24.55725 -24.55725 -24.55725 -24.55725 -24.55725 -24.55725
 -24.55725 -24.55725 -24.55725 -24.55725
 -24.68037 -24.68037 -24.68037 -24.68037 -24.68037 -24.68037 -24.68037 -24.68037
 -24.68037 -24.68037 -24.68037 -24.68037
 -24.80307 -24.80307 -24.80307 -24.80307 -24.80307 -24.80307 -24.80307 -24.80307
 -24.80307 -24.80307 -24.80307 -24.80307
 -24.92502 -24.92502 -24.92502 -24.92502 -24.92502 -24.92502 -24.92502 -24.92502
 -24.92502 -24.92502 -24.92502 -24.92502
 -25.04564 -25.04564 -25.04564 -25.04564 -25.04564 -25.04564 -25.04564 -25.04564
 -25.04564 -25.04564 -25.04564 -25.04564
 -25.16368 -25.16368 -25.16368 -25.16368 -25.16368 -25.16368 -25.16368 -25.16368
 -25.16368 -25.16368 -25.16368 -25.16368
 -25.26587 -25.26587 -25.26587 -25.26587 -25.26587 -25.26587 -25.26587 -25.26587
 -25.26587 -25.26587 -25.26587 -25.26587
 -25.30226 -25.30226 -25.30226 -25.30226 -25.30226 -25.30226 -25.30226 -25.30226
 -25.30226 -25.30226 -25.30226 -25.30226
 -25.30750 -25.30750 -25.30750 -25.30750 -25.30750 -25.30750 -25.30750 -25.30750
 -25.30750 -25.30750 -25.30750 -25.30750
 -25.35871 -25.35871 -25.35871 -25.35871 -25.35871 -25.35871 -25.35871 -25.35871
 -25.35872 -25.35872 -25.35872 -25.35872
 -25.44315 -25.44315 -25.44315 -25.44315 -25.44315 -25.44315 -25.44315 -25.44315
 -25.44315 -25.44315 -25.44315 -25.44315
 -25.51286 -25.51286 -25.51286 -25.51286 -25.51286 -25.51286 -25.51286 -25.51286
 -25.51286 -25.51286 -25.51286 -25.51286
 -25.53293 -25.53293 -25.53293 -25.53293 -25.53293 -25.53293 -25.53293 -25.53293
 -25.53293 -25.53293 -25.53293 -25.53293
 -25.50023 -25.50023 -25.50023 -25.50023 -25.50023 -25.50023 -25.50023 -25.50023
 -25.50023 -25.50023 -25.50023 -25.50023
 --------------------/ IPRT= 1  / IGRD= 1  /PRB CALC/ Z1=70   / DATE= 11.01.08
 -23.74858 -23.74858 -23.74858 -23.74858 -23.74858 -23.74858 -23.74858 -23.74858
 -23.74858 -23.74858 -23.74858 -23.74858
 -23.87222 -23.87222 -23.87222 -23.87222 -23.87222 -23.87222 -23.87222 -23.87222
 -23.87222 -23.87222 -23.87222 -23.87222
 -23.99585 -23.99585 -23.99585 -23.99585 -23.99585 -23.99585 -23.99585 -23.99585
 -23.99585 -23.99585 -23.99585 -23.99585
 -24.11946 -24.11946 -24.11946 -24.11946 -24.11946 -24.11946 -24.11946 -24.11946
 -24.11946 -24.11946 -24.11946 -24.11946
 -24.24303 -24.24303 -24.24303 -24.24303 -24.24303 -24.24303 -24.24303 -24.24303
 -24.24303 -24.24303 -24.24303 -24.24303
 -24.36654 -24.36654 -24.36654 -24.36654 -24.36654 -24.36654 -24.36654 -24.36654
 -24.36654 -24.36654 -24.36654 -24.36654
 -24.48993 -24.48993 -24.48993 -24.48993 -24.48993 -24.48993 -24.48993 -24.48993
 -24.48993 -24.48993 -24.48993 -24.48993
 -24.61311 -24.61311 -24.61311 -24.61311 -24.61311 -24.61311 -24.61311 -24.61311
 -24.61311 -24.61311 -24.61311 -24.61311
 -24.73593 -24.73593 -24.73593 -24.73593 -24.73593 -24.73593 -24.73593 -24.73593
 -24.73593 -24.73593 -24.73593 -24.73593
 -24.85808 -24.85808 -24.85808 -24.85808 -24.85808 -24.85808 -24.85808 -24.85808
 -24.85808 -24.85808 -24.85808 -24.85808
 -24.97906 -24.97906 -24.97906 -24.97906 -24.97906 -24.97906 -24.97906 -24.97906
 -24.97906 -24.97906 -24.97906 -24.97906
 -25.09787 -25.09787 -25.09787 -25.09787 -25.09787 -25.09787 -25.09787 -25.09787
 -25.09787 -25.09787 -25.09787 -25.09787
 -25.20804 -25.20804 -25.20804 -25.20804 -25.20804 -25.20804 -25.20804 -25.20804
 -25.20804 -25.20804 -25.20804 -25.20804
 -25.28452 -25.28452 -25.28452 -25.28452 -25.28452 -25.28452 -25.28452 -25.28452
 -25.28452 -25.28452 -25.28452 -25.28452
 -25.33591 -25.33591 -25.33591 -25.33591 -25.33591 -25.33591 -25.33591 -25.33591
 -25.33591 -25.33591 -25.33591 -25.33591
 -25.40092 -25.40092 -25.40092 -25.40092 -25.40092 -25.40092 -25.40092 -25.40092
 -25.40092 -25.40092 -25.40092 -25.40092
 -25.47266 -25.47266 -25.47266 -25.47266 -25.47266 -25.47266 -25.47266 -25.47266
 -25.47266 -25.47266 -25.47266 -25.47266
 -25.52107 -25.52107 -25.52107 -25.52107 -25.52107 -25.52107 -25.52107 -25.52107
 -25.52107 -25.52107 -25.52107 -25.52107
 -25.52490 -25.52490 -25.52490 -25.52490 -25.52490 -25.52490 -25.52490 -25.52490
 -25.52490 -25.52490 -25.52490 -25.52490
 -25.48486 -25.48486 -25.48486 -25.48486 -25.48486 -25.48486 -25.48486 -25.48486
 -25.48486 -25.48486 -25.48486 -25.48486
 --------------------/ IPRT= 1  / IGRD= 1  /PRB CALC/ Z1=71   / DATE= 11.01.08
 -23.68130 -23.68130 -23.68130 -23.68130 -23.68130 -23.68130 -23.68130 -23.68130
 -23.68130 -23.68130 -23.68130 -23.68130
 -23.80494 -23.80494 -23.80494 -23.80494 -23.80494 -23.80494 -23.80494 -23.80494
 -23.80494 -23.80494 -23.80494 -23.80494
 -23.92858 -23.92858 -23.92858 -23.92858 -23.92858 -23.92858 -23.92858 -23.92858
 -23.92858 -23.92858 -23.92858 -23.92858
 -24.05219 -24.05219 -24.05219 -24.05219 -24.05219 -24.05219 -24.05219 -24.05219
 -24.05219 -24.05219 -24.05219 -24.05219
 -24.17577 -24.17577 -24.17577 -24.17577 -24.17577 -24.17577 -24.17577 -24.17577
 -24.17577 -24.17577 -24.17577 -24.17577
 -24.29930 -24.29930 -24.29930 -24.29930 -24.29930 -24.29930 -24.29930 -24.29930
 -24.29930 -24.29930 -24.29930 -24.29930
 -24.42272 -24.42272 -24.42272 -24.42272 -24.42272 -24.42272 -24.42272 -24.42272
 -24.42272 -24.42272 -24.42272 -24.42272
 -24.54596 -24.54596 -24.54596 -24.54596 -24.54596 -24.54596 -24.54596 -24.54596
 -24.54596 -24.54596 -24.54596 -24.54596
 -24.66749 -24.66755 -24.66761 -24.66767 -24.66774 -24.66781 -24.66788 -24.66796
 -24.66804 -24.66811 -24.66819 -24.66826
 -24.75568 -24.75694 -24.75834 -24.75988 -24.76153 -24.76330 -24.76516 -24.76708
 -24.76903 -24.77099 -24.77292 -24.77480
 -24.75793 -24.76262 -24.76788 -24.77370 -24.78007 -24.78696 -24.79431 -24.80205
 -24.81006 -24.81824 -24.82645 -24.83457
 -24.76988 -24.77678 -24.78456 -24.79325 -24.80287 -24.81338 -24.82474 -24.83684
 -24.84956 -24.86273 -24.87616 -24.88966
 -24.86200 -24.86912 -24.87717 -24.88619 -24.89621 -24.90721 -24.91915 -24.93193
 -24.94544 -24.95950 -24.97393 -24.98851
 -25.01179 -25.01798 -25.02497 -25.03281 -25.04151 -25.05107 -25.06143 -25.07253
 -25.08424 -25.09644 -25.10894 -25.12156
 -25.17807 -25.18276 -25.18806 -25.19400 -25.20057 -25.20778 -25.21557 -25.22389
 -25.23266 -25.24174 -25.25103 -25.26036
 -25.32664 -25.32975 -25.33324 -25.33715 -25.34148 -25.34620 -25.35129 -25.35672
 -25.36241 -25.36830 -25.37428 -25.38028
 -25.43352 -25.43529 -25.43727 -25.43949 -25.44194 -25.44461 -25.44748 -25.45054
 -25.45374 -25.45704 -25.46039 -25.46373
 -25.48964 -25.49051 -25.49148 -25.49257 -25.49377 -25.49508 -25.49649 -25.49798
 -25.49955 -25.50117 -25.50281 -25.50444
 -25.49584 -25.49621 -25.49663 -25.49709 -25.49761 -25.49817 -25.49878 -25.49943
 -25.50011 -25.50081 -25.50152 -25.50223
 -25.45959 -25.45974 -25.45990 -25.46008 -25.46028 -25.46050 -25.46073 -25.46099
 -25.46125 -25.46153 -25.46181 -25.46209
 --------------------/ IPRT= 1  / IGRD= 1  /PRB CALC/ Z1=72   / DATE= 11.01.08
 -23.62328 -23.62328 -23.62328 -23.62328 -23.62328 -23.62328 -23.62328 -23.62328
 -23.62328 -23.62328 -23.62328 -23.62328
 -23.74693 -23.74693 -23.74693 -23.74693 -23.74693 -23.74693 -23.74693 -23.74693
 -23.74693 -23.74693 -23.74693 -23.74693
 -23.87056 -23.87056 -23.87056 -23.87056 -23.87056 -23.87056 -23.87056 -23.87056
 -23.87056 -23.87056 -23.87056 -23.87056
 -23.99418 -23.99418 -23.99418 -23.99418 -23.99418 -23.99418 -23.99418 -23.99418
 -23.99418 -23.99418 -23.99418 -23.99418
 -24.11777 -24.11777 -24.11777 -24.11777 -24.11777 -24.11777 -24.11777 -24.11777
 -24.11777 -24.11777 -24.11777 -24.11777
 -24.24131 -24.24131 -24.24131 -24.24131 -24.24131 -24.24131 -24.24131 -24.24131
 -24.24131 -24.24131 -24.24131 -24.24131
 -24.36476 -24.36476 -24.36476 -24.36476 -24.36476 -24.36476 -24.36476 -24.36476
 -24.36476 -24.36476 -24.36476 -24.36476
 -24.48804 -24.48804 -24.48804 -24.48804 -24.48804 -24.48804 -24.48804 -24.48804
 -24.48804 -24.48804 -24.48804 -24.48804
 -24.61103 -24.61103 -24.61103 -24.61103 -24.61103 -24.61103 -24.61103 -24.61103
 -24.61103 -24.61103 -24.61103 -24.61103
 -24.73349 -24.73349 -24.73349 -24.73349 -24.73349 -24.73349 -24.73349 -24.73349
 -24.73349 -24.73349 -24.73349 -24.73349
 -24.85502 -24.85502 -24.85502 -24.85502 -24.85502 -24.85502 -24.85502 -24.85502
 -24.85502 -24.85502 -24.85502 -24.85502
 -24.97489 -24.97489 -24.97489 -24.97489 -24.97489 -24.97489 -24.97489 -24.97489
 -24.97489 -24.97489 -24.97489 -24.97489
 -25.09181 -25.09181 -25.09181 -25.09181 -25.09181 -25.09181 -25.09181 -25.09181
 -25.09181 -25.09181 -25.09181 -25.09181
 -25.20349 -25.20349 -25.20349 -25.20349 -25.20349 -25.20349 -25.20349 -25.20349
 -25.20349 -25.20349 -25.20349 -25.20349
 -25.30601 -25.30601 -25.30601 -25.30601 -25.30601 -25.30601 -25.30601 -25.30601
 -25.30601 -25.30601 -25.30601 -25.30601
 -25.39147 -25.39147 -25.39147 -25.39147 -25.39147 -25.39147 -25.39147 -25.39147
 -25.39147 -25.39147 -25.39147 -25.39147
 -25.44649 -25.44649 -25.44649 -25.44649 -25.44649 -25.44649 -25.44649 -25.44649
 -25.44649 -25.44649 -25.44649 -25.44649
 -25.47012 -25.47012 -25.47012 -25.47012 -25.47012 -25.47012 -25.47012 -25.47012
 -25.47012 -25.47012 -25.47012 -25.47012
 -25.46610 -25.46610 -25.46610 -25.46610 -25.46610 -25.46610 -25.46610 -25.46610
 -25.46610 -25.46610 -25.46610 -25.46610
 -25.43228 -25.43228 -25.43228 -25.43228 -25.43228 -25.43228 -25.43228 -25.43228
 -25.43228 -25.43228 -25.43228 -25.43228
 --------------------/ IPRT= 1  / IGRD= 1  /PRB CALC/ Z1=73   / DATE= 11.01.08
 -23.05884 -23.05884 -23.05884 -23.05884 -23.05884 -23.05884 -23.05884 -23.05884
 -23.05884 -23.05884 -23.05884 -23.05884
 -23.18249 -23.18249 -23.18249 -23.18249 -23.18249 -23.18249 -23.18249 -23.18249
 -23.18249 -23.18249 -23.18249 -23.18249
 -23.30614 -23.30614 -23.30614 -23.30614 -23.30614 -23.30614 -23.30614 -23.30614
 -23.30614 -23.30614 -23.30614 -23.30614
 -23.42979 -23.42979 -23.42979 -23.42979 -23.42979 -23.42979 -23.42979 -23.42979
 -23.42979 -23.42979 -23.42979 -23.42979
 -23.55343 -23.55343 -23.55343 -23.55343 -23.55343 -23.55343 -23.55343 -23.55343
 -23.55343 -23.55343 -23.55343 -23.55343
 -23.67705 -23.67705 -23.67705 -23.67705 -23.67705 -23.67705 -23.67705 -23.67705
 -23.67705 -23.67705 -23.67705 -23.67705
 -23.80065 -23.80065 -23.80065 -23.80065 -23.80065 -23.80065 -23.80065 -23.80065
 -23.80065 -23.80065 -23.80065 -23.80065
 -23.92420 -23.92420 -23.92420 -23.92420 -23.92420 -23.92420 -23.92420 -23.92420
 -23.92420 -23.92420 -23.92420 -23.92420
 -24.04767 -24.04767 -24.04767 -24.04767 -24.04767 -24.04767 -24.04767 -24.04767
 -24.04767 -24.04767 -24.04767 -24.04767
 -24.17099 -24.17099 -24.17099 -24.17099 -24.17099 -24.17099 -24.17099 -24.17099
 -24.17099 -24.17099 -24.17099 -24.17099
 -24.29405 -24.29405 -24.29405 -24.29405 -24.29405 -24.29405 -24.29405 -24.29405
 -24.29405 -24.29405 -24.29405 -24.29405
 -24.41664 -24.41664 -24.41664 -24.41664 -24.41664 -24.41664 -24.41664 -24.41664
 -24.41664 -24.41664 -24.41664 -24.41664
 -24.53837 -24.53837 -24.53837 -24.53837 -24.53837 -24.53837 -24.53837 -24.53837
 -24.53837 -24.53837 -24.53837 -24.53837
 -24.65856 -24.65856 -24.65856 -24.65856 -24.65856 -24.65856 -24.65856 -24.65856
 -24.65856 -24.65856 -24.65856 -24.65856
 -24.77592 -24.77592 -24.77592 -24.77592 -24.77592 -24.77592 -24.77592 -24.77592
 -24.77592 -24.77592 -24.77592 -24.77592
 -24.88775 -24.88775 -24.88775 -24.88775 -24.88775 -24.88775 -24.88775 -24.88775
 -24.88775 -24.88775 -24.88775 -24.88775
 -24.98851 -24.98851 -24.98851 -24.98851 -24.98851 -24.98851 -24.98851 -24.98851
 -24.98851 -24.98851 -24.98851 -24.98851
 -25.07425 -25.07425 -25.07425 -25.07425 -25.07425 -25.07425 -25.07425 -25.07425
 -25.07425 -25.07425 -25.07425 -25.07425
 -25.14081 -25.14081 -25.14081 -25.14081 -25.14081 -25.14081 -25.14081 -25.14081
 -25.14081 -25.14081 -25.14081 -25.14081
 -25.18070 -25.18070 -25.18070 -25.18070 -25.18070 -25.18070 -25.18070 -25.18070
 -25.18070 -25.18070 -25.18070 -25.18070
 --------------------/ IPRT= 1  / IGRD= 1  /PRB CALC/ Z1=74   / DATE= 11.01.08
 -22.80103 -22.80103 -22.80103 -22.80103 -22.80103 -22.80103 -22.80103 -22.80103
 -22.80103 -22.80103 -22.80103 -22.80103
 -22.92469 -22.92469 -22.92469 -22.92469 -22.92469 -22.92469 -22.92469 -22.92469
 -22.92469 -22.92469 -22.92469 -22.92469
 -23.04834 -23.04834 -23.04834 -23.04834 -23.04834 -23.04834 -23.04834 -23.04834
 -23.04834 -23.04834 -23.04834 -23.04834
 -23.17199 -23.17199 -23.17199 -23.17199 -23.17199 -23.17199 -23.17199 -23.17199
 -23.17199 -23.17199 -23.17199 -23.17199
 -23.29564 -23.29564 -23.29564 -23.29564 -23.29564 -23.29564 -23.29564 -23.29564
 -23.29564 -23.29564 -23.29564 -23.29564
 -23.41928 -23.41928 -23.41928 -23.41928 -23.41928 -23.41928 -23.41928 -23.41928
 -23.41928 -23.41928 -23.41928 -23.41928
 -23.54290 -23.54290 -23.54290 -23.54290 -23.54290 -23.54290 -23.54290 -23.54290
 -23.54290 -23.54290 -23.54290 -23.54290
 -23.66650 -23.66650 -23.66650 -23.66650 -23.66650 -23.66650 -23.66650 -23.66650
 -23.66650 -23.66650 -23.66650 -23.66650
 -23.79005 -23.79005 -23.79005 -23.79005 -23.79005 -23.79005 -23.79005 -23.79005
 -23.79005 -23.79005 -23.79005 -23.79005
 -23.91351 -23.91351 -23.91351 -23.91351 -23.91351 -23.91351 -23.91351 -23.91351
 -23.91351 -23.91351 -23.91351 -23.91351
 -24.03683 -24.03683 -24.03683 -24.03683 -24.03683 -24.03683 -24.03683 -24.03683
 -24.03683 -24.03683 -24.03683 -24.03683
 -24.15988 -24.15988 -24.15988 -24.15988 -24.15988 -24.15988 -24.15988 -24.15988
 -24.15988 -24.15988 -24.15988 -24.15988
 -24.28244 -24.28244 -24.28244 -24.28244 -24.28244 -24.28244 -24.28244 -24.28244
 -24.28244 -24.28244 -24.28244 -24.28244
 -24.40412 -24.40412 -24.40412 -24.40412 -24.40412 -24.40412 -24.40412 -24.40412
 -24.40412 -24.40412 -24.40412 -24.40412
 -24.52418 -24.52418 -24.52418 -24.52418 -24.52418 -24.52418 -24.52418 -24.52418
 -24.52418 -24.52418 -24.52418 -24.52418
 -24.64125 -24.64125 -24.64125 -24.64125 -24.64125 -24.64125 -24.64125 -24.64125
 -24.64125 -24.64125 -24.64125 -24.64125
 -24.75289 -24.75289 -24.75289 -24.75289 -24.75289 -24.75289 -24.75289 -24.75289
 -24.75289 -24.75289 -24.75289 -24.75289
 -24.85577 -24.85577 -24.85577 -24.85577 -24.85577 -24.85577 -24.85577 -24.85577
 -24.85577 -24.85577 -24.85577 -24.85577
 -24.94411 -24.94411 -24.94411 -24.94411 -24.94411 -24.94411 -24.94411 -24.94411
 -24.94411 -24.94411 -24.94411 -24.94411
 -25.01085 -25.01085 -25.01085 -25.01085 -25.01085 -25.01085 -25.01085 -25.01085
 -25.01085 -25.01085 -25.01085 -25.01085
C-------------------------------------------------------------------------------
C
C  Generate continuum power from : 
C     /home/adas/adas/adf03/atompars/atompars_arf#w.dat
C
C  CODE     : ADAS408
C  PRODUCER : Adam Foster                   
C  DATE     : 11.01.08
C
C  This file was used at JET and in SOLPS under the name prb89_w_01.dat
C  but was not in central ADAS. Although more sophisticated methods of
C  choosing the configurations for the adf04 files, which are the basis of
C  the coefficients in the adf03 file, have been developed this version
C  of the adf11 prb file is chosen for ADAS for data provenance 
C  considerations. Better prb data for tungsten within ADAS should be
C  preferred for modelling application.
C
C  Martin O'Mullane
C  14-06-2019
C 
C-------------------------------------------------------------------------------

C-----------------------------------------------------------------------
C                               OPEN-ADAS
C                               +++++++++
C
C This file has been downloaded from OPEN-ADAS (http://open.adas.ac.uk)
C on 21-Jul-2026.
C
C TERMS AND CONDITIONS
C --------------------
C
C The user of the OPEN-ADAS system and data (hereinafter "the User")
C accepts the following terms and conditions:
C
C   1. The University of Strathclyde uses all reasonable endeavours to
C      ensure the accuracy of the data provided and any information
C      given, but the University makes no warranty, expressed or implied
C      as to its accuracy, integrity, fitness for purpose and shall not
C      be responsible for the use to which the data is put by the User
C      and/or any consequences arising out of any inaccuracies or
C      omissions.
C
C   2. Any downloaded OPEN-ADAS file is made available for the
C      personal use of the User only.  It must not be used for any
C      commercial application, incorporated into any web site or in
C      any form re-distributed without express prior written permission
C      from the ADAS Project. In particular, but not by way of
C      limitation, it must not be:
C        *  inserted into a managed database structure,
C        *  redistributed along with a modelling or analysis code,
C        *  made available on a public website.
C
C Permission for OPEN-ADAS data incorporation in non-commercial
C code/system development for scientific advance will not be
C unreasonably withheld, but will be subject to written agreement
C on a case by case basis.
C
C The User will indemnify the University of Strathclyde and keep it
C fully and effectively indemnified against each and every claim made
C against the University as a result of the User's use of the data.
C
C-----------------------------------------------------------------------
