   74   12   20    1   74     /TUNGSTEN           /ABELS-VAN MAANEN 1985   ADF11
 -------------------------------------------------------------------------------
   9.00000   9.54545  10.09091  10.63636  11.18182  11.72727  12.27273  12.81818
  13.36364  13.90909  14.45455  15.00000
   0.00000   0.24731   0.49463   0.74194   0.98926   1.23657   1.48389   1.73120
   1.97851   2.22583   2.47314   2.72046   2.96777   3.21508   3.46240   3.70971
   3.95703   4.20434   4.45166   4.69897
 --------------------/ IPRT= 1  / IGRD= 1  /IONIS   / Z1= 1   / DATE= 11.01.08
 -10.44495 -10.44495 -10.44495 -10.44495 -10.44495 -10.44495 -10.44495 -10.44495
 -10.44495 -10.44495 -10.44495 -10.44495
  -8.80814  -8.80814  -8.80814  -8.80814  -8.80814  -8.80814  -8.80814  -8.80814
  -8.80814  -8.80814  -8.80814  -8.80814
  -7.81255  -7.81255  -7.81255  -7.81255  -7.81255  -7.81255  -7.81255  -7.81255
  -7.81255  -7.81255  -7.81255  -7.81255
  -7.20805  -7.20805  -7.20805  -7.20805  -7.20805  -7.20805  -7.20805  -7.20805
  -7.20805  -7.20805  -7.20805  -7.20805
  -6.84607  -6.84607  -6.84607  -6.84607  -6.84607  -6.84607  -6.84607  -6.84607
  -6.84607  -6.84607  -6.84607  -6.84607
  -6.63497  -6.63497  -6.63497  -6.63497  -6.63497  -6.63497  -6.63497  -6.63497
  -6.63497  -6.63497  -6.63497  -6.63497
  -6.51893  -6.51893  -6.51893  -6.51893  -6.51893  -6.51893  -6.51893  -6.51893
  -6.51893  -6.51893  -6.51893  -6.51893
  -6.46415  -6.46415  -6.46415  -6.46415  -6.46415  -6.46415  -6.46415  -6.46415
  -6.46415  -6.46415  -6.46415  -6.46415
  -6.44999  -6.44999  -6.44999  -6.44999  -6.44999  -6.44999  -6.44999  -6.44999
  -6.44999  -6.44999  -6.44999  -6.44999
  -6.46363  -6.46363  -6.46363  -6.46363  -6.46363  -6.46363  -6.46363  -6.46363
  -6.46363  -6.46363  -6.46363  -6.46363
  -6.49692  -6.49692  -6.49692  -6.49692  -6.49692  -6.49692  -6.49692  -6.49692
  -6.49692  -6.49692  -6.49692  -6.49692
  -6.54451  -6.54451  -6.54451  -6.54451  -6.54451  -6.54451  -6.54451  -6.54451
  -6.54451  -6.54451  -6.54451  -6.54451
  -6.60281  -6.60281  -6.60281  -6.60281  -6.60281  -6.60281  -6.60281  -6.60281
  -6.60281  -6.60281  -6.60281  -6.60281
  -6.66936  -6.66936  -6.66936  -6.66936  -6.66936  -6.66936  -6.66936  -6.66936
  -6.66936  -6.66936  -6.66936  -6.66936
  -6.74238  -6.74238  -6.74238  -6.74238  -6.74238  -6.74238  -6.74238  -6.74238
  -6.74238  -6.74238  -6.74238  -6.74238
  -6.82062  -6.82062  -6.82062  -6.82062  -6.82062  -6.82062  -6.82062  -6.82062
  -6.82062  -6.82062  -6.82062  -6.82062
  -6.90311  -6.90311  -6.90311  -6.90311  -6.90311  -6.90311  -6.90311  -6.90311
  -6.90311  -6.90311  -6.90311  -6.90311
  -6.98915  -6.98915  -6.98915  -6.98915  -6.98915  -6.98915  -6.98915  -6.98915
  -6.98915  -6.98915  -6.98915  -6.98915
  -7.07818  -7.07818  -7.07818  -7.07818  -7.07818  -7.07818  -7.07818  -7.07818
  -7.07818  -7.07818  -7.07818  -7.07818
  -7.16976  -7.16976  -7.16976  -7.16976  -7.16976  -7.16976  -7.16976  -7.16976
  -7.16976  -7.16976  -7.16976  -7.16976
 --------------------/ IPRT= 1  / IGRD= 1  /IONIS   / Z1= 2   / DATE= 11.01.08
 -14.79233 -14.79233 -14.79233 -14.79233 -14.79233 -14.79233 -14.79233 -14.79233
 -14.79233 -14.79233 -14.79233 -14.79233
 -11.49781 -11.49781 -11.49781 -11.49781 -11.49781 -11.49781 -11.49781 -11.49781
 -11.49781 -11.49781 -11.49781 -11.49781
  -9.56076  -9.56076  -9.56076  -9.56076  -9.56076  -9.56076  -9.56076  -9.56076
  -9.56076  -9.56076  -9.56076  -9.56076
  -8.42307  -8.42307  -8.42307  -8.42307  -8.42307  -8.42307  -8.42307  -8.42307
  -8.42307  -8.42307  -8.42307  -8.42307
  -7.75375  -7.75375  -7.75375  -7.75375  -7.75375  -7.75375  -7.75375  -7.75375
  -7.75375  -7.75375  -7.75375  -7.75375
  -7.36073  -7.36073  -7.36073  -7.36073  -7.36073  -7.36073  -7.36073  -7.36073
  -7.36073  -7.36073  -7.36073  -7.36073
  -7.13355  -7.13355  -7.13355  -7.13355  -7.13355  -7.13355  -7.13355  -7.13355
  -7.13355  -7.13355  -7.13355  -7.13355
  -7.00849  -7.00849  -7.00849  -7.00849  -7.00849  -7.00849  -7.00849  -7.00849
  -7.00849  -7.00849  -7.00849  -7.00849
  -6.94828  -6.94828  -6.94828  -6.94828  -6.94828  -6.94828  -6.94828  -6.94828
  -6.94828  -6.94828  -6.94828  -6.94828
  -6.93066  -6.93066  -6.93066  -6.93066  -6.93066  -6.93066  -6.93066  -6.93066
  -6.93066  -6.93066  -6.93066  -6.93066
  -6.94197  -6.94197  -6.94197  -6.94197  -6.94197  -6.94197  -6.94197  -6.94197
  -6.94197  -6.94197  -6.94197  -6.94197
  -6.97362  -6.97362  -6.97362  -6.97362  -6.97362  -6.97362  -6.97362  -6.97362
  -6.97362  -6.97362  -6.97362  -6.97362
  -7.02002  -7.02002  -7.02002  -7.02002  -7.02002  -7.02002  -7.02002  -7.02002
  -7.02002  -7.02002  -7.02002  -7.02002
  -7.07742  -7.07742  -7.07742  -7.07742  -7.07742  -7.07742  -7.07742  -7.07742
  -7.07742  -7.07742  -7.07742  -7.07742
  -7.14327  -7.14327  -7.14327  -7.14327  -7.14327  -7.14327  -7.14327  -7.14327
  -7.14327  -7.14327  -7.14327  -7.14327
  -7.21575  -7.21575  -7.21575  -7.21575  -7.21575  -7.21575  -7.21575  -7.21575
  -7.21575  -7.21575  -7.21575  -7.21575
  -7.29354  -7.29354  -7.29354  -7.29354  -7.29354  -7.29354  -7.29354  -7.29354
  -7.29354  -7.29354  -7.29354  -7.29354
  -7.37567  -7.37567  -7.37567  -7.37567  -7.37567  -7.37567  -7.37567  -7.37567
  -7.37567  -7.37567  -7.37567  -7.37567
  -7.46140  -7.46140  -7.46140  -7.46140  -7.46140  -7.46140  -7.46140  -7.46140
  -7.46140  -7.46140  -7.46140  -7.46140
  -7.55017  -7.55017  -7.55017  -7.55017  -7.55017  -7.55017  -7.55017  -7.55017
  -7.55017  -7.55017  -7.55017  -7.55017
 --------------------/ IPRT= 1  / IGRD= 1  /IONIS   / Z1= 3   / DATE= 11.01.08
 -18.78869 -18.78869 -18.78869 -18.78869 -18.78869 -18.78869 -18.78869 -18.78869
 -18.78869 -18.78869 -18.78869 -18.78869
 -13.88175 -13.88175 -13.88175 -13.88175 -13.88175 -13.88175 -13.88175 -13.88175
 -13.88175 -13.88175 -13.88175 -13.88175
 -11.06351 -11.06351 -11.06351 -11.06351 -11.06351 -11.06351 -11.06351 -11.06351
 -11.06351 -11.06351 -11.06351 -11.06351
  -9.43321  -9.43321  -9.43321  -9.43321  -9.43321  -9.43321  -9.43321  -9.43321
  -9.43321  -9.43321  -9.43321  -9.43321
  -8.48228  -8.48228  -8.48228  -8.48228  -8.48228  -8.48228  -8.48228  -8.48228
  -8.48228  -8.48228  -8.48228  -8.48228
  -7.92064  -7.92064  -7.92064  -7.92064  -7.92064  -7.92064  -7.92064  -7.92064
  -7.92064  -7.92064  -7.92064  -7.92064
  -7.58123  -7.58123  -7.58123  -7.58123  -7.58123  -7.58123  -7.58123  -7.58123
  -7.58123  -7.58123  -7.58123  -7.58123
  -7.37353  -7.37353  -7.37353  -7.37353  -7.37353  -7.37353  -7.37353  -7.37353
  -7.37353  -7.37353  -7.37353  -7.37353
  -7.25091  -7.25091  -7.25091  -7.25091  -7.25091  -7.25091  -7.25091  -7.25091
  -7.25091  -7.25091  -7.25091  -7.25091
  -7.18681  -7.18681  -7.18681  -7.18681  -7.18681  -7.18681  -7.18681  -7.18681
  -7.18681  -7.18681  -7.18681  -7.18681
  -7.16390  -7.16390  -7.16390  -7.16390  -7.16390  -7.16390  -7.16390  -7.16390
  -7.16390  -7.16390  -7.16390  -7.16390
  -7.17031  -7.17031  -7.17031  -7.17031  -7.17031  -7.17031  -7.17031  -7.17031
  -7.17031  -7.17031  -7.17031  -7.17031
  -7.19788  -7.19788  -7.19788  -7.19788  -7.19788  -7.19788  -7.19788  -7.19788
  -7.19788  -7.19788  -7.19788  -7.19788
  -7.24100  -7.24100  -7.24100  -7.24100  -7.24100  -7.24100  -7.24100  -7.24100
  -7.24100  -7.24100  -7.24100  -7.24100
  -7.29581  -7.29581  -7.29581  -7.29581  -7.29581  -7.29581  -7.29581  -7.29581
  -7.29581  -7.29581  -7.29581  -7.29581
  -7.35958  -7.35958  -7.35958  -7.35958  -7.35958  -7.35958  -7.35958  -7.35958
  -7.35958  -7.35958  -7.35958  -7.35958
  -7.43038  -7.43038  -7.43038  -7.43038  -7.43038  -7.43038  -7.43038  -7.43038
  -7.43038  -7.43038  -7.43038  -7.43038
  -7.50680  -7.50680  -7.50680  -7.50680  -7.50680  -7.50680  -7.50680  -7.50680
  -7.50680  -7.50680  -7.50680  -7.50680
  -7.58779  -7.58779  -7.58779  -7.58779  -7.58779  -7.58779  -7.58779  -7.58779
  -7.58779  -7.58779  -7.58779  -7.58779
  -7.67257  -7.67257  -7.67257  -7.67257  -7.67257  -7.67257  -7.67257  -7.67257
  -7.67257  -7.67257  -7.67257  -7.67257
 --------------------/ IPRT= 1  / IGRD= 1  /IONIS   / Z1= 4   / DATE= 11.01.08
 -25.30488 -25.30488 -25.30488 -25.30488 -25.30488 -25.30488 -25.30488 -25.30488
 -25.30488 -25.30488 -25.30488 -25.30488
 -17.78106 -17.78106 -17.78106 -17.78106 -17.78106 -17.78106 -17.78106 -17.78106
 -17.78106 -17.78106 -17.78106 -17.78106
 -13.47858 -13.47858 -13.47858 -13.47858 -13.47858 -13.47858 -13.47858 -13.47858
 -13.47858 -13.47858 -13.47858 -13.47858
 -11.00362 -11.00362 -11.00362 -11.00362 -11.00362 -11.00362 -11.00362 -11.00362
 -11.00362 -11.00362 -11.00362 -11.00362
  -9.56828  -9.56828  -9.56828  -9.56828  -9.56828  -9.56828  -9.56828  -9.56828
  -9.56828  -9.56828  -9.56828  -9.56828
  -8.72170  -8.72170  -8.72170  -8.72170  -8.72170  -8.72170  -8.72170  -8.72170
  -8.72170  -8.72170  -8.72170  -8.72170
  -8.20401  -8.20401  -8.20401  -8.20401  -8.20401  -8.20401  -8.20401  -8.20401
  -8.20401  -8.20401  -8.20401  -8.20401
  -7.87826  -7.87826  -7.87826  -7.87826  -7.87826  -7.87826  -7.87826  -7.87826
  -7.87826  -7.87826  -7.87826  -7.87826
  -7.67658  -7.67658  -7.67658  -7.67658  -7.67658  -7.67658  -7.67658  -7.67658
  -7.67658  -7.67658  -7.67658  -7.67658
  -7.55967  -7.55967  -7.55967  -7.55967  -7.55967  -7.55967  -7.55967  -7.55967
  -7.55967  -7.55967  -7.55967  -7.55967
  -7.50120  -7.50120  -7.50120  -7.50120  -7.50120  -7.50120  -7.50120  -7.50120
  -7.50120  -7.50120  -7.50120  -7.50120
  -7.48321  -7.48321  -7.48321  -7.48321  -7.48321  -7.48321  -7.48321  -7.48321
  -7.48321  -7.48321  -7.48321  -7.48321
  -7.49360  -7.49360  -7.49360  -7.49360  -7.49360  -7.49360  -7.49360  -7.49360
  -7.49360  -7.49360  -7.49360  -7.49360
  -7.52427  -7.52427  -7.52427  -7.52427  -7.52427  -7.52427  -7.52427  -7.52427
  -7.52427  -7.52427  -7.52427  -7.52427
  -7.56982  -7.56982  -7.56982  -7.56982  -7.56982  -7.56982  -7.56982  -7.56982
  -7.56982  -7.56982  -7.56982  -7.56982
  -7.62651  -7.62651  -7.62651  -7.62651  -7.62651  -7.62651  -7.62651  -7.62651
  -7.62651  -7.62651  -7.62651  -7.62651
  -7.69177  -7.69177  -7.69177  -7.69177  -7.69177  -7.69177  -7.69177  -7.69177
  -7.69177  -7.69177  -7.69177  -7.69177
  -7.76377  -7.76377  -7.76377  -7.76377  -7.76377  -7.76377  -7.76377  -7.76377
  -7.76377  -7.76377  -7.76377  -7.76377
  -7.84116  -7.84116  -7.84116  -7.84116  -7.84116  -7.84116  -7.84116  -7.84116
  -7.84116  -7.84116  -7.84116  -7.84116
  -7.92296  -7.92296  -7.92296  -7.92296  -7.92296  -7.92296  -7.92296  -7.92296
  -7.92296  -7.92296  -7.92296  -7.92296
 --------------------/ IPRT= 1  / IGRD= 1  /IONIS   / Z1= 5   / DATE= 11.01.08
 -31.76004 -31.76004 -31.76004 -31.76004 -31.76004 -31.76004 -31.76004 -31.76004
 -31.76004 -31.76004 -31.76004 -31.76004
 -21.62094 -21.62094 -21.62094 -21.62094 -21.62094 -21.62094 -21.62094 -21.62094
 -21.62094 -21.62094 -21.62094 -21.62094
 -15.83674 -15.83674 -15.83674 -15.83674 -15.83674 -15.83674 -15.83674 -15.83674
 -15.83674 -15.83674 -15.83674 -15.83674
 -12.52061 -12.52061 -12.52061 -12.52061 -12.52061 -12.52061 -12.52061 -12.52061
 -12.52061 -12.52061 -12.52061 -12.52061
 -10.60468 -10.60468 -10.60468 -10.60468 -10.60468 -10.60468 -10.60468 -10.60468
 -10.60468 -10.60468 -10.60468 -10.60468
  -9.47395  -9.47395  -9.47395  -9.47395  -9.47395  -9.47395  -9.47395  -9.47395
  -9.47395  -9.47395  -9.47395  -9.47395
  -8.77304  -8.77304  -8.77304  -8.77304  -8.77304  -8.77304  -8.77304  -8.77304
  -8.77304  -8.77304  -8.77304  -8.77304
  -8.32345  -8.32345  -8.32345  -8.32345  -8.32345  -8.32345  -8.32345  -8.32345
  -8.32345  -8.32345  -8.32345  -8.32345
  -8.04002  -8.04002  -8.04002  -8.04002  -8.04002  -8.04002  -8.04002  -8.04002
  -8.04002  -8.04002  -8.04002  -8.04002
  -7.87029  -7.87029  -7.87029  -7.87029  -7.87029  -7.87029  -7.87029  -7.87029
  -7.87029  -7.87029  -7.87029  -7.87029
  -7.77753  -7.77753  -7.77753  -7.77753  -7.77753  -7.77753  -7.77753  -7.77753
  -7.77753  -7.77753  -7.77753  -7.77753
  -7.73677  -7.73677  -7.73677  -7.73677  -7.73677  -7.73677  -7.73677  -7.73677
  -7.73677  -7.73677  -7.73677  -7.73677
  -7.73157  -7.73157  -7.73157  -7.73157  -7.73157  -7.73157  -7.73157  -7.73157
  -7.73157  -7.73157  -7.73157  -7.73157
  -7.75125  -7.75125  -7.75125  -7.75125  -7.75125  -7.75125  -7.75125  -7.75125
  -7.75125  -7.75125  -7.75125  -7.75125
  -7.78879  -7.78879  -7.78879  -7.78879  -7.78879  -7.78879  -7.78879  -7.78879
  -7.78879  -7.78879  -7.78879  -7.78879
  -7.83948  -7.83948  -7.83948  -7.83948  -7.83948  -7.83948  -7.83948  -7.83948
  -7.83948  -7.83948  -7.83948  -7.83948
  -7.90013  -7.90013  -7.90013  -7.90013  -7.90013  -7.90013  -7.90013  -7.90013
  -7.90013  -7.90013  -7.90013  -7.90013
  -7.96850  -7.96850  -7.96850  -7.96850  -7.96850  -7.96850  -7.96850  -7.96850
  -7.96850  -7.96850  -7.96850  -7.96850
  -8.04297  -8.04297  -8.04297  -8.04297  -8.04297  -8.04297  -8.04297  -8.04297
  -8.04297  -8.04297  -8.04297  -8.04297
  -8.12238  -8.12238  -8.12238  -8.12238  -8.12238  -8.12238  -8.12238  -8.12238
  -8.12238  -8.12238  -8.12238  -8.12238
 --------------------/ IPRT= 1  / IGRD= 1  /IONIS   / Z1= 6   / DATE= 11.01.08
 -38.27962 -38.27962 -38.27962 -38.27962 -38.27962 -38.27962 -38.27962 -38.27962
 -38.27962 -38.27962 -38.27962 -38.27962
 -25.52615 -25.52615 -25.52615 -25.52615 -25.52615 -25.52615 -25.52615 -25.52615
 -25.52615 -25.52615 -25.52615 -25.52615
 -18.26148 -18.26148 -18.26148 -18.26148 -18.26148 -18.26148 -18.26148 -18.26148
 -18.26148 -18.26148 -18.26148 -18.26148
 -14.10581 -14.10581 -14.10581 -14.10581 -14.10581 -14.10581 -14.10581 -14.10581
 -14.10581 -14.10581 -14.10581 -14.10581
 -11.71026 -11.71026 -11.71026 -11.71026 -11.71026 -11.71026 -11.71026 -11.71026
 -11.71026 -11.71026 -11.71026 -11.71026
 -10.28636 -10.28636 -10.28636 -10.28636 -10.28636 -10.28636 -10.28636 -10.28636
 -10.28636 -10.28636 -10.28636 -10.28636
  -9.37674  -9.37674  -9.37674  -9.37674  -9.37674  -9.37674  -9.37674  -9.37674
  -9.37674  -9.37674  -9.37674  -9.37674
  -8.77865  -8.77865  -8.77865  -8.77865  -8.77865  -8.77865  -8.77865  -8.77865
  -8.77865  -8.77865  -8.77865  -8.77865
  -8.39925  -8.39925  -8.39925  -8.39925  -8.39925  -8.39925  -8.39925  -8.39925
  -8.39925  -8.39925  -8.39925  -8.39925
  -8.16998  -8.16998  -8.16998  -8.16998  -8.16998  -8.16998  -8.16998  -8.16998
  -8.16998  -8.16998  -8.16998  -8.16998
  -8.03995  -8.03995  -8.03995  -8.03995  -8.03995  -8.03995  -8.03995  -8.03995
  -8.03995  -8.03995  -8.03995  -8.03995
  -7.97518  -7.97518  -7.97518  -7.97518  -7.97518  -7.97518  -7.97518  -7.97518
  -7.97518  -7.97518  -7.97518  -7.97518
  -7.95399  -7.95399  -7.95399  -7.95399  -7.95399  -7.95399  -7.95399  -7.95399
  -7.95399  -7.95399  -7.95399  -7.95399
  -7.96262  -7.96262  -7.96262  -7.96262  -7.96262  -7.96262  -7.96262  -7.96262
  -7.96262  -7.96262  -7.96262  -7.96262
  -7.99225  -7.99225  -7.99225  -7.99225  -7.99225  -7.99225  -7.99225  -7.99225
  -7.99225  -7.99225  -7.99225  -7.99225
  -8.03713  -8.03713  -8.03713  -8.03713  -8.03713  -8.03713  -8.03713  -8.03713
  -8.03713  -8.03713  -8.03713  -8.03713
  -8.09336  -8.09336  -8.09336  -8.09336  -8.09336  -8.09336  -8.09336  -8.09336
  -8.09336  -8.09336  -8.09336  -8.09336
  -8.15829  -8.15829  -8.15829  -8.15829  -8.15829  -8.15829  -8.15829  -8.15829
  -8.15829  -8.15829  -8.15829  -8.15829
  -8.23004  -8.23004  -8.23004  -8.23004  -8.23004  -8.23004  -8.23004  -8.23004
  -8.23004  -8.23004  -8.23004  -8.23004
  -8.30723  -8.30723  -8.30723  -8.30723  -8.30723  -8.30723  -8.30723  -8.30723
  -8.30723  -8.30723  -8.30723  -8.30723
 --------------------/ IPRT= 1  / IGRD= 1  /IONIS   / Z1= 7   / DATE= 11.01.08
 -74.00000 -74.00000 -74.00000 -74.00000 -74.00000 -74.00000 -74.00000 -74.00000
 -74.00000 -74.00000 -74.00000 -74.00000
 -38.19403 -38.19403 -38.19403 -38.19403 -38.19403 -38.19403 -38.19403 -38.19403
 -38.19403 -38.19403 -38.19403 -38.19403
 -25.30489 -25.30489 -25.30489 -25.30489 -25.30489 -25.30489 -25.30489 -25.30489
 -25.30489 -25.30489 -25.30489 -25.30489
 -17.96339 -17.96339 -17.96339 -17.96339 -17.96339 -17.96339 -17.96339 -17.96339
 -17.96339 -17.96339 -17.96339 -17.96339
 -13.76410 -13.76410 -13.76410 -13.76410 -13.76410 -13.76410 -13.76410 -13.76410
 -13.76410 -13.76410 -13.76410 -13.76410
 -11.34582 -11.34582 -11.34582 -11.34582 -11.34582 -11.34582 -11.34582 -11.34582
 -11.34582 -11.34582 -11.34582 -11.34582
  -9.93737  -9.93737  -9.93737  -9.93737  -9.93737  -9.93737  -9.93737  -9.93737
  -9.93737  -9.93737  -9.93737  -9.93737
  -9.10604  -9.10604  -9.10604  -9.10604  -9.10604  -9.10604  -9.10604  -9.10604
  -9.10604  -9.10604  -9.10604  -9.10604
  -8.61207  -8.61207  -8.61207  -8.61207  -8.61207  -8.61207  -8.61207  -8.61207
  -8.61207  -8.61207  -8.61207  -8.61207
  -8.32077  -8.32077  -8.32077  -8.32077  -8.32077  -8.32077  -8.32077  -8.32077
  -8.32077  -8.32077  -8.32077  -8.32077
  -8.15437  -8.15437  -8.15437  -8.15437  -8.15437  -8.15437  -8.15437  -8.15437
  -8.15437  -8.15437  -8.15437  -8.15437
  -8.06699  -8.06699  -8.06699  -8.06699  -8.06699  -8.06699  -8.06699  -8.06699
  -8.06699  -8.06699  -8.06699  -8.06699
  -8.03106  -8.03106  -8.03106  -8.03106  -8.03106  -8.03106  -8.03106  -8.03106
  -8.03106  -8.03106  -8.03106  -8.03106
  -8.02968  -8.02968  -8.02968  -8.02968  -8.02968  -8.02968  -8.02968  -8.02968
  -8.02968  -8.02968  -8.02968  -8.02968
  -8.05227  -8.05227  -8.05227  -8.05227  -8.05227  -8.05227  -8.05227  -8.05227
  -8.05227  -8.05227  -8.05227  -8.05227
  -8.09201  -8.09201  -8.09201  -8.09201  -8.09201  -8.09201  -8.09201  -8.09201
  -8.09201  -8.09201  -8.09201  -8.09201
  -8.14441  -8.14441  -8.14441  -8.14441  -8.14441  -8.14441  -8.14441  -8.14441
  -8.14441  -8.14441  -8.14441  -8.14441
  -8.20638  -8.20638  -8.20638  -8.20638  -8.20638  -8.20638  -8.20638  -8.20638
  -8.20638  -8.20638  -8.20638  -8.20638
  -8.27579  -8.27579  -8.27579  -8.27579  -8.27579  -8.27579  -8.27579  -8.27579
  -8.27579  -8.27579  -8.27579  -8.27579
  -8.35111  -8.35111  -8.35111  -8.35111  -8.35111  -8.35111  -8.35111  -8.35111
  -8.35111  -8.35111  -8.35111  -8.35111
 --------------------/ IPRT= 1  / IGRD= 1  /IONIS   / Z1= 8   / DATE= 11.01.08
 -74.00000 -74.00000 -74.00000 -74.00000 -74.00000 -74.00000 -74.00000 -74.00000
 -74.00000 -74.00000 -74.00000 -74.00000
 -43.31045 -43.31045 -43.31045 -43.31045 -43.31045 -43.31045 -43.31045 -43.31045
 -43.31045 -43.31045 -43.31045 -43.31045
 -28.29143 -28.29143 -28.29143 -28.29143 -28.29143 -28.29143 -28.29143 -28.29143
 -28.29143 -28.29143 -28.29143 -28.29143
 -19.74410 -19.74410 -19.74410 -19.74410 -19.74410 -19.74410 -19.74410 -19.74410
 -19.74410 -19.74410 -19.74410 -19.74410
 -14.86133 -14.86133 -14.86133 -14.86133 -14.86133 -14.86133 -14.86133 -14.86133
 -14.86133 -14.86133 -14.86133 -14.86133
 -12.05367 -12.05367 -12.05367 -12.05367 -12.05367 -12.05367 -12.05367 -12.05367
 -12.05367 -12.05367 -12.05367 -12.05367
 -10.42024 -10.42024 -10.42024 -10.42024 -10.42024 -10.42024 -10.42024 -10.42024
 -10.42024 -10.42024 -10.42024 -10.42024
  -9.45669  -9.45669  -9.45669  -9.45669  -9.45669  -9.45669  -9.45669  -9.45669
  -9.45669  -9.45669  -9.45669  -9.45669
  -8.88400  -8.88400  -8.88400  -8.88400  -8.88400  -8.88400  -8.88400  -8.88400
  -8.88400  -8.88400  -8.88400  -8.88400
  -8.54517  -8.54517  -8.54517  -8.54517  -8.54517  -8.54517  -8.54517  -8.54517
  -8.54517  -8.54517  -8.54517  -8.54517
  -8.34946  -8.34946  -8.34946  -8.34946  -8.34946  -8.34946  -8.34946  -8.34946
  -8.34946  -8.34946  -8.34946  -8.34946
  -8.24348  -8.24348  -8.24348  -8.24348  -8.24348  -8.24348  -8.24348  -8.24348
  -8.24348  -8.24348  -8.24348  -8.24348
  -8.19535  -8.19535  -8.19535  -8.19535  -8.19535  -8.19535  -8.19535  -8.19535
  -8.19535  -8.19535  -8.19535  -8.19535
  -8.18572  -8.18572  -8.18572  -8.18572  -8.18572  -8.18572  -8.18572  -8.18572
  -8.18572  -8.18572  -8.18572  -8.18572
  -8.20253  -8.20253  -8.20253  -8.20253  -8.20253  -8.20253  -8.20253  -8.20253
  -8.20253  -8.20253  -8.20253  -8.20253
  -8.23809  -8.23809  -8.23809  -8.23809  -8.23809  -8.23809  -8.23809  -8.23809
  -8.23809  -8.23809  -8.23809  -8.23809
  -8.28737  -8.28737  -8.28737  -8.28737  -8.28737  -8.28737  -8.28737  -8.28737
  -8.28737  -8.28737  -8.28737  -8.28737
  -8.34697  -8.34697  -8.34697  -8.34697  -8.34697  -8.34697  -8.34697  -8.34697
  -8.34697  -8.34697  -8.34697  -8.34697
  -8.41452  -8.41452  -8.41452  -8.41452  -8.41452  -8.41452  -8.41452  -8.41452
  -8.41452  -8.41452  -8.41452  -8.41452
  -8.48834  -8.48834  -8.48834  -8.48834  -8.48834  -8.48834  -8.48834  -8.48834
  -8.48834  -8.48834  -8.48834  -8.48834
 --------------------/ IPRT= 1  / IGRD= 1  /IONIS   / Z1= 9   / DATE= 11.01.08
 -74.00000 -74.00000 -74.00000 -74.00000 -74.00000 -74.00000 -74.00000 -74.00000
 -74.00000 -74.00000 -74.00000 -74.00000
 -49.02528 -49.02528 -49.02528 -49.02528 -49.02528 -49.02528 -49.02528 -49.02528
 -49.02528 -49.02528 -49.02528 -49.02528
 -31.62224 -31.62224 -31.62224 -31.62224 -31.62224 -31.62224 -31.62224 -31.62224
 -31.62224 -31.62224 -31.62224 -31.62224
 -21.72537 -21.72537 -21.72537 -21.72537 -21.72537 -21.72537 -21.72537 -21.72537
 -21.72537 -21.72537 -21.72537 -21.72537
 -16.07743 -16.07743 -16.07743 -16.07743 -16.07743 -16.07743 -16.07743 -16.07743
 -16.07743 -16.07743 -16.07743 -16.07743
 -12.83195 -12.83195 -12.83195 -12.83195 -12.83195 -12.83195 -12.83195 -12.83195
 -12.83195 -12.83195 -12.83195 -12.83195
 -10.94352 -10.94352 -10.94352 -10.94352 -10.94352 -10.94352 -10.94352 -10.94352
 -10.94352 -10.94352 -10.94352 -10.94352
  -9.83014  -9.83014  -9.83014  -9.83014  -9.83014  -9.83014  -9.83014  -9.83014
  -9.83014  -9.83014  -9.83014  -9.83014
  -9.16933  -9.16933  -9.16933  -9.16933  -9.16933  -9.16933  -9.16933  -9.16933
  -9.16933  -9.16933  -9.16933  -9.16933
  -8.77818  -8.77818  -8.77818  -8.77818  -8.77818  -8.77818  -8.77818  -8.77818
  -8.77818  -8.77818  -8.77818  -8.77818
  -8.55074  -8.55074  -8.55074  -8.55074  -8.55074  -8.55074  -8.55074  -8.55074
  -8.55074  -8.55074  -8.55074  -8.55074
  -8.42494  -8.42494  -8.42494  -8.42494  -8.42494  -8.42494  -8.42494  -8.42494
  -8.42494  -8.42494  -8.42494  -8.42494
  -8.36401  -8.36401  -8.36401  -8.36401  -8.36401  -8.36401  -8.36401  -8.36401
  -8.36401  -8.36401  -8.36401  -8.36401
  -8.34580  -8.34580  -8.34580  -8.34580  -8.34580  -8.34580  -8.34580  -8.34580
  -8.34580  -8.34580  -8.34580  -8.34580
  -8.35667  -8.35667  -8.35667  -8.35667  -8.35667  -8.35667  -8.35667  -8.35667
  -8.35667  -8.35667  -8.35667  -8.35667
  -8.38798  -8.38798  -8.38798  -8.38798  -8.38798  -8.38798  -8.38798  -8.38798
  -8.38798  -8.38798  -8.38798  -8.38798
  -8.43412  -8.43412  -8.43412  -8.43412  -8.43412  -8.43412  -8.43412  -8.43412
  -8.43412  -8.43412  -8.43412  -8.43412
  -8.49133  -8.49133  -8.49133  -8.49133  -8.49133  -8.49133  -8.49133  -8.49133
  -8.49133  -8.49133  -8.49133  -8.49133
  -8.55702  -8.55702  -8.55702  -8.55702  -8.55702  -8.55702  -8.55702  -8.55702
  -8.55702  -8.55702  -8.55702  -8.55702
  -8.62937  -8.62937  -8.62937  -8.62937  -8.62937  -8.62937  -8.62937  -8.62937
  -8.62937  -8.62937  -8.62937  -8.62937
 --------------------/ IPRT= 1  / IGRD= 1  /IONIS   / Z1=10   / DATE= 11.01.08
 -74.00000 -74.00000 -74.00000 -74.00000 -74.00000 -74.00000 -74.00000 -74.00000
 -74.00000 -74.00000 -74.00000 -74.00000
 -74.00000 -74.00000 -74.00000 -74.00000 -74.00000 -74.00000 -74.00000 -74.00000
 -74.00000 -74.00000 -74.00000 -74.00000
 -34.78633 -34.78633 -34.78633 -34.78633 -34.78633 -34.78633 -34.78633 -34.78633
 -34.78633 -34.78633 -34.78633 -34.78633
 -23.61505 -23.61505 -23.61505 -23.61505 -23.61505 -23.61505 -23.61505 -23.61505
 -23.61505 -23.61505 -23.61505 -23.61505
 -17.24451 -17.24451 -17.24451 -17.24451 -17.24451 -17.24451 -17.24451 -17.24451
 -17.24451 -17.24451 -17.24451 -17.24451
 -13.58507 -13.58507 -13.58507 -13.58507 -13.58507 -13.58507 -13.58507 -13.58507
 -13.58507 -13.58507 -13.58507 -13.58507
 -11.45460 -11.45460 -11.45460 -11.45460 -11.45460 -11.45460 -11.45460 -11.45460
 -11.45460 -11.45460 -11.45460 -11.45460
 -10.19813 -10.19813 -10.19813 -10.19813 -10.19813 -10.19813 -10.19813 -10.19813
 -10.19813 -10.19813 -10.19813 -10.19813
  -9.45262  -9.45262  -9.45262  -9.45262  -9.45262  -9.45262  -9.45262  -9.45262
  -9.45262  -9.45262  -9.45262  -9.45262
  -9.01099  -9.01099  -9.01099  -9.01099  -9.01099  -9.01099  -9.01099  -9.01099
  -9.01099  -9.01099  -9.01099  -9.01099
  -8.75292  -8.75292  -8.75292  -8.75292  -8.75292  -8.75292  -8.75292  -8.75292
  -8.75292  -8.75292  -8.75292  -8.75292
  -8.60803  -8.60803  -8.60803  -8.60803  -8.60803  -8.60803  -8.60803  -8.60803
  -8.60803  -8.60803  -8.60803  -8.60803
  -8.53482  -8.53482  -8.53482  -8.53482  -8.53482  -8.53482  -8.53482  -8.53482
  -8.53482  -8.53482  -8.53482  -8.53482
  -8.50844  -8.50844  -8.50844  -8.50844  -8.50844  -8.50844  -8.50844  -8.50844
  -8.50844  -8.50844  -8.50844  -8.50844
  -8.51368  -8.51368  -8.51368  -8.51368  -8.51368  -8.51368  -8.51368  -8.51368
  -8.51368  -8.51368  -8.51368  -8.51368
  -8.54099  -8.54099  -8.54099  -8.54099  -8.54099  -8.54099  -8.54099  -8.54099
  -8.54099  -8.54099  -8.54099  -8.54099
  -8.58419  -8.58419  -8.58419  -8.58419  -8.58419  -8.58419  -8.58419  -8.58419
  -8.58419  -8.58419  -8.58419  -8.58419
  -8.63918  -8.63918  -8.63918  -8.63918  -8.63918  -8.63918  -8.63918  -8.63918
  -8.63918  -8.63918  -8.63918  -8.63918
  -8.70315  -8.70315  -8.70315  -8.70315  -8.70315  -8.70315  -8.70315  -8.70315
  -8.70315  -8.70315  -8.70315  -8.70315
  -8.77415  -8.77415  -8.77415  -8.77415  -8.77415  -8.77415  -8.77415  -8.77415
  -8.77415  -8.77415  -8.77415  -8.77415
 --------------------/ IPRT= 1  / IGRD= 1  /IONIS   / Z1=11   / DATE= 11.01.08
 -74.00000 -74.00000 -74.00000 -74.00000 -74.00000 -74.00000 -74.00000 -74.00000
 -74.00000 -74.00000 -74.00000 -74.00000
 -74.00000 -74.00000 -74.00000 -74.00000 -74.00000 -74.00000 -74.00000 -74.00000
 -74.00000 -74.00000 -74.00000 -74.00000
 -36.80836 -36.80836 -36.80836 -36.80836 -36.80836 -36.80836 -36.80836 -36.80836
 -36.80836 -36.80836 -36.80836 -36.80836
 -24.78657 -24.78657 -24.78657 -24.78657 -24.78657 -24.78657 -24.78657 -24.78657
 -24.78657 -24.78657 -24.78657 -24.78657
 -17.93510 -17.93510 -17.93510 -17.93510 -17.93510 -17.93510 -17.93510 -17.93510
 -17.93510 -17.93510 -17.93510 -17.93510
 -14.00521 -14.00521 -14.00521 -14.00521 -14.00521 -14.00521 -14.00521 -14.00521
 -14.00521 -14.00521 -14.00521 -14.00521
 -11.72220 -11.72220 -11.72220 -11.72220 -11.72220 -11.72220 -11.72220 -11.72220
 -11.72220 -11.72220 -11.72220 -11.72220
 -10.37743 -10.37743 -10.37743 -10.37743 -10.37743 -10.37743 -10.37743 -10.37743
 -10.37743 -10.37743 -10.37743 -10.37743
  -9.57948  -9.57948  -9.57948  -9.57948  -9.57948  -9.57948  -9.57948  -9.57948
  -9.57948  -9.57948  -9.57948  -9.57948
  -9.10625  -9.10625  -9.10625  -9.10625  -9.10625  -9.10625  -9.10625  -9.10625
  -9.10625  -9.10625  -9.10625  -9.10625
  -8.82883  -8.82883  -8.82883  -8.82883  -8.82883  -8.82883  -8.82883  -8.82883
  -8.82883  -8.82883  -8.82883  -8.82883
  -8.67182  -8.67182  -8.67182  -8.67182  -8.67182  -8.67182  -8.67182  -8.67182
  -8.67182  -8.67182  -8.67182  -8.67182
  -8.59082  -8.59082  -8.59082  -8.59082  -8.59082  -8.59082  -8.59082  -8.59082
  -8.59082  -8.59082  -8.59082  -8.59082
  -8.55927  -8.55927  -8.55927  -8.55927  -8.55927  -8.55927  -8.55927  -8.55927
  -8.55927  -8.55927  -8.55927  -8.55927
  -8.56095  -8.56095  -8.56095  -8.56095  -8.56095  -8.56095  -8.56095  -8.56095
  -8.56095  -8.56095  -8.56095  -8.56095
  -8.58574  -8.58574  -8.58574  -8.58574  -8.58574  -8.58574  -8.58574  -8.58574
  -8.58574  -8.58574  -8.58574  -8.58574
  -8.62710  -8.62710  -8.62710  -8.62710  -8.62710  -8.62710  -8.62710  -8.62710
  -8.62710  -8.62710  -8.62710  -8.62710
  -8.68071  -8.68071  -8.68071  -8.68071  -8.68071  -8.68071  -8.68071  -8.68071
  -8.68071  -8.68071  -8.68071  -8.68071
  -8.74362  -8.74362  -8.74362  -8.74362  -8.74362  -8.74362  -8.74362  -8.74362
  -8.74362  -8.74362  -8.74362  -8.74362
  -8.81378  -8.81378  -8.81378  -8.81378  -8.81378  -8.81378  -8.81378  -8.81378
  -8.81378  -8.81378  -8.81378  -8.81378
 --------------------/ IPRT= 1  / IGRD= 1  /IONIS   / Z1=12   / DATE= 11.01.08
 -74.00000 -74.00000 -74.00000 -74.00000 -74.00000 -74.00000 -74.00000 -74.00000
 -74.00000 -74.00000 -74.00000 -74.00000
 -74.00000 -74.00000 -74.00000 -74.00000 -74.00000 -74.00000 -74.00000 -74.00000
 -74.00000 -74.00000 -74.00000 -74.00000
 -43.39746 -43.39746 -43.39746 -43.39746 -43.39746 -43.39746 -43.39746 -43.39746
 -43.39746 -43.39746 -43.39746 -43.39746
 -28.79150 -28.79150 -28.79150 -28.79150 -28.79150 -28.79150 -28.79150 -28.79150
 -28.79150 -28.79150 -28.79150 -28.79150
 -20.45099 -20.45099 -20.45099 -20.45099 -20.45099 -20.45099 -20.45099 -20.45099
 -20.45099 -20.45099 -20.45099 -20.45099
 -15.62462 -15.62462 -15.62462 -15.62462 -15.62462 -15.62462 -15.62462 -15.62462
 -15.62462 -15.62462 -15.62462 -15.62462
 -12.79970 -12.79970 -12.79970 -12.79970 -12.79970 -12.79970 -12.79970 -12.79970
 -12.79970 -12.79970 -12.79970 -12.79970
 -11.14098 -11.14098 -11.14098 -11.14098 -11.14098 -11.14098 -11.14098 -11.14098
 -11.14098 -11.14098 -11.14098 -11.14098
 -10.16536 -10.16536 -10.16536 -10.16536 -10.16536 -10.16536 -10.16536 -10.16536
 -10.16536 -10.16536 -10.16536 -10.16536
  -9.59072  -9.59072  -9.59072  -9.59072  -9.59072  -9.59072  -9.59072  -9.59072
  -9.59072  -9.59072  -9.59072  -9.59072
  -9.25391  -9.25391  -9.25391  -9.25391  -9.25391  -9.25391  -9.25391  -9.25391
  -9.25391  -9.25391  -9.25391  -9.25391
  -9.06095  -9.06095  -9.06095  -9.06095  -9.06095  -9.06095  -9.06095  -9.06095
  -9.06095  -9.06095  -9.06095  -9.06095
  -8.95736  -8.95736  -8.95736  -8.95736  -8.95736  -8.95736  -8.95736  -8.95736
  -8.95736  -8.95736  -8.95736  -8.95736
  -8.91108  -8.91108  -8.91108  -8.91108  -8.91108  -8.91108  -8.91108  -8.91108
  -8.91108  -8.91108  -8.91108  -8.91108
  -8.90281  -8.90281  -8.90281  -8.90281  -8.90281  -8.90281  -8.90281  -8.90281
  -8.90281  -8.90281  -8.90281  -8.90281
  -8.92062  -8.92062  -8.92062  -8.92062  -8.92062  -8.92062  -8.92062  -8.92062
  -8.92062  -8.92062  -8.92062  -8.92062
  -8.95693  -8.95693  -8.95693  -8.95693  -8.95693  -8.95693  -8.95693  -8.95693
  -8.95693  -8.95693  -8.95693  -8.95693
  -9.00678  -9.00678  -9.00678  -9.00678  -9.00678  -9.00678  -9.00678  -9.00678
  -9.00678  -9.00678  -9.00678  -9.00678
  -9.06681  -9.06681  -9.06681  -9.06681  -9.06681  -9.06681  -9.06681  -9.06681
  -9.06681  -9.06681  -9.06681  -9.06681
  -9.13470  -9.13470  -9.13470  -9.13470  -9.13470  -9.13470  -9.13470  -9.13470
  -9.13470  -9.13470  -9.13470  -9.13470
 --------------------/ IPRT= 1  / IGRD= 1  /IONIS   / Z1=13   / DATE= 11.01.08
 -74.00000 -74.00000 -74.00000 -74.00000 -74.00000 -74.00000 -74.00000 -74.00000
 -74.00000 -74.00000 -74.00000 -74.00000
 -74.00000 -74.00000 -74.00000 -74.00000 -74.00000 -74.00000 -74.00000 -74.00000
 -74.00000 -74.00000 -74.00000 -74.00000
 -46.34917 -46.34917 -46.34917 -46.34917 -46.34917 -46.34917 -46.34917 -46.34917
 -46.34917 -46.34917 -46.34917 -46.34917
 -30.49381 -30.49381 -30.49381 -30.49381 -30.49381 -30.49381 -30.49381 -30.49381
 -30.49381 -30.49381 -30.49381 -30.49381
 -21.45268 -21.45268 -21.45268 -21.45268 -21.45268 -21.45268 -21.45268 -21.45268
 -21.45268 -21.45268 -21.45268 -21.45268
 -16.23347 -16.23347 -16.23347 -16.23347 -16.23347 -16.23347 -16.23347 -16.23347
 -16.23347 -16.23347 -16.23347 -16.23347
 -13.18110 -13.18110 -13.18110 -13.18110 -13.18110 -13.18110 -13.18110 -13.18110
 -13.18110 -13.18110 -13.18110 -13.18110
 -11.38833 -11.38833 -11.38833 -11.38833 -11.38833 -11.38833 -11.38833 -11.38833
 -11.38833 -11.38833 -11.38833 -11.38833
 -10.33377 -10.33377 -10.33377 -10.33377 -10.33377 -10.33377 -10.33377 -10.33377
 -10.33377 -10.33377 -10.33377 -10.33377
  -9.71251  -9.71251  -9.71251  -9.71251  -9.71251  -9.71251  -9.71251  -9.71251
  -9.71251  -9.71251  -9.71251  -9.71251
  -9.34778  -9.34778  -9.34778  -9.34778  -9.34778  -9.34778  -9.34778  -9.34778
  -9.34778  -9.34778  -9.34778  -9.34778
  -9.13772  -9.13772  -9.13772  -9.13772  -9.13772  -9.13772  -9.13772  -9.13772
  -9.13772  -9.13772  -9.13772  -9.13772
  -9.02335  -9.02335  -9.02335  -9.02335  -9.02335  -9.02335  -9.02335  -9.02335
  -9.02335  -9.02335  -9.02335  -9.02335
  -8.97005  -8.97005  -8.97005  -8.97005  -8.97005  -8.97005  -8.97005  -8.97005
  -8.97005  -8.97005  -8.97005  -8.97005
  -8.95704  -8.95704  -8.95704  -8.95704  -8.95704  -8.95704  -8.95704  -8.95704
  -8.95704  -8.95704  -8.95704  -8.95704
  -8.97155  -8.97155  -8.97155  -8.97155  -8.97155  -8.97155  -8.97155  -8.97155
  -8.97155  -8.97155  -8.97155  -8.97155
  -9.00550  -9.00550  -9.00550  -9.00550  -9.00550  -9.00550  -9.00550  -9.00550
  -9.00550  -9.00550  -9.00550  -9.00550
  -9.05358  -9.05358  -9.05358  -9.05358  -9.05358  -9.05358  -9.05358  -9.05358
  -9.05358  -9.05358  -9.05358  -9.05358
  -9.11227  -9.11227  -9.11227  -9.11227  -9.11227  -9.11227  -9.11227  -9.11227
  -9.11227  -9.11227  -9.11227  -9.11227
  -9.17912  -9.17912  -9.17912  -9.17912  -9.17912  -9.17912  -9.17912  -9.17912
  -9.17912  -9.17912  -9.17912  -9.17912
 --------------------/ IPRT= 1  / IGRD= 1  /IONIS   / Z1=14   / DATE= 11.01.08
 -74.00000 -74.00000 -74.00000 -74.00000 -74.00000 -74.00000 -74.00000 -74.00000
 -74.00000 -74.00000 -74.00000 -74.00000
 -74.00000 -74.00000 -74.00000 -74.00000 -74.00000 -74.00000 -74.00000 -74.00000
 -74.00000 -74.00000 -74.00000 -74.00000
 -50.80912 -50.80912 -50.80912 -50.80912 -50.80912 -50.80912 -50.80912 -50.80912
 -50.80912 -50.80912 -50.80912 -50.80912
 -32.71935 -32.71935 -32.71935 -32.71935 -32.71935 -32.71935 -32.71935 -32.71935
 -32.71935 -32.71935 -32.71935 -32.71935
 -22.32772 -22.32772 -22.32772 -22.32772 -22.32772 -22.32772 -22.32772 -22.32772
 -22.32772 -22.32772 -22.32772 -22.32772
 -16.36578 -16.36578 -16.36578 -16.36578 -16.36578 -16.36578 -16.36578 -16.36578
 -16.36578 -16.36578 -16.36578 -16.36578
 -12.93968 -12.93968 -12.93968 -12.93968 -12.93968 -12.93968 -12.93968 -12.93968
 -12.93968 -12.93968 -12.93968 -12.93968
 -10.96060 -10.96060 -10.96060 -10.96060 -10.96060 -10.96060 -10.96060 -10.96060
 -10.96060 -10.96060 -10.96060 -10.96060
  -9.80921  -9.80921  -9.80921  -9.80921  -9.80921  -9.80921  -9.80921  -9.80921
  -9.80921  -9.80921  -9.80921  -9.80921
  -9.13510  -9.13510  -9.13510  -9.13510  -9.13510  -9.13510  -9.13510  -9.13510
  -9.13510  -9.13510  -9.13510  -9.13510
  -8.74025  -8.74025  -8.74025  -8.74025  -8.74025  -8.74025  -8.74025  -8.74025
  -8.74025  -8.74025  -8.74025  -8.74025
  -8.51230  -8.51230  -8.51230  -8.51230  -8.51230  -8.51230  -8.51230  -8.51230
  -8.51230  -8.51230  -8.51230  -8.51230
  -8.38689  -8.38689  -8.38689  -8.38689  -8.38689  -8.38689  -8.38689  -8.38689
  -8.38689  -8.38689  -8.38689  -8.38689
  -8.32650  -8.32650  -8.32650  -8.32650  -8.32650  -8.32650  -8.32650  -8.32650
  -8.32650  -8.32650  -8.32650  -8.32650
  -8.30876  -8.30876  -8.30876  -8.30876  -8.30876  -8.30876  -8.30876  -8.30876
  -8.30876  -8.30876  -8.30876  -8.30876
  -8.32001  -8.32001  -8.32001  -8.32001  -8.32001  -8.32001  -8.32001  -8.32001
  -8.32001  -8.32001  -8.32001  -8.32001
  -8.35162  -8.35162  -8.35162  -8.35162  -8.35162  -8.35162  -8.35162  -8.35162
  -8.35162  -8.35162  -8.35162  -8.35162
  -8.39798  -8.39798  -8.39798  -8.39798  -8.39798  -8.39798  -8.39798  -8.39798
  -8.39798  -8.39798  -8.39798  -8.39798
  -8.45537  -8.45537  -8.45537  -8.45537  -8.45537  -8.45537  -8.45537  -8.45537
  -8.45537  -8.45537  -8.45537  -8.45537
  -8.52120  -8.52120  -8.52120  -8.52120  -8.52120  -8.52120  -8.52120  -8.52120
  -8.52120  -8.52120  -8.52120  -8.52120
 --------------------/ IPRT= 1  / IGRD= 1  /IONIS   / Z1=15   / DATE= 11.01.08
 -74.00000 -74.00000 -74.00000 -74.00000 -74.00000 -74.00000 -74.00000 -74.00000
 -74.00000 -74.00000 -74.00000 -74.00000
 -74.00000 -74.00000 -74.00000 -74.00000 -74.00000 -74.00000 -74.00000 -74.00000
 -74.00000 -74.00000 -74.00000 -74.00000
 -74.00000 -74.00000 -74.00000 -74.00000 -74.00000 -74.00000 -74.00000 -74.00000
 -74.00000 -74.00000 -74.00000 -74.00000
 -35.89675 -35.89675 -35.89675 -35.89675 -35.89675 -35.89675 -35.89675 -35.89675
 -35.89675 -35.89675 -35.89675 -35.89675
 -24.13364 -24.13364 -24.13364 -24.13364 -24.13364 -24.13364 -24.13364 -24.13364
 -24.13364 -24.13364 -24.13364 -24.13364
 -17.42950 -17.42950 -17.42950 -17.42950 -17.42950 -17.42950 -17.42950 -17.42950
 -17.42950 -17.42950 -17.42950 -17.42950
 -13.59160 -13.59160 -13.59160 -13.59160 -13.59160 -13.59160 -13.59160 -13.59160
 -13.59160 -13.59160 -13.59160 -13.59160
 -11.38072 -11.38072 -11.38072 -11.38072 -11.38072 -11.38072 -11.38072 -11.38072
 -11.38072 -11.38072 -11.38072 -11.38072
 -10.09732 -10.09732 -10.09732 -10.09732 -10.09732 -10.09732 -10.09732 -10.09732
 -10.09732 -10.09732 -10.09732 -10.09732
  -9.34697  -9.34697  -9.34697  -9.34697  -9.34697  -9.34697  -9.34697  -9.34697
  -9.34697  -9.34697  -9.34697  -9.34697
  -8.90722  -8.90722  -8.90722  -8.90722  -8.90722  -8.90722  -8.90722  -8.90722
  -8.90722  -8.90722  -8.90722  -8.90722
  -8.65217  -8.65217  -8.65217  -8.65217  -8.65217  -8.65217  -8.65217  -8.65217
  -8.65217  -8.65217  -8.65217  -8.65217
  -8.50990  -8.50990  -8.50990  -8.50990  -8.50990  -8.50990  -8.50990  -8.50990
  -8.50990  -8.50990  -8.50990  -8.50990
  -8.43866  -8.43866  -8.43866  -8.43866  -8.43866  -8.43866  -8.43866  -8.43866
  -8.43866  -8.43866  -8.43866  -8.43866
  -8.41370  -8.41370  -8.41370  -8.41370  -8.41370  -8.41370  -8.41370  -8.41370
  -8.41370  -8.41370  -8.41370  -8.41370
  -8.41997  -8.41997  -8.41997  -8.41997  -8.41997  -8.41997  -8.41997  -8.41997
  -8.41997  -8.41997  -8.41997  -8.41997
  -8.44804  -8.44804  -8.44804  -8.44804  -8.44804  -8.44804  -8.44804  -8.44804
  -8.44804  -8.44804  -8.44804  -8.44804
  -8.49180  -8.49180  -8.49180  -8.49180  -8.49180  -8.49180  -8.49180  -8.49180
  -8.49180  -8.49180  -8.49180  -8.49180
  -8.54722  -8.54722  -8.54722  -8.54722  -8.54722  -8.54722  -8.54722  -8.54722
  -8.54722  -8.54722  -8.54722  -8.54722
  -8.61153  -8.61153  -8.61153  -8.61153  -8.61153  -8.61153  -8.61153  -8.61153
  -8.61153  -8.61153  -8.61153  -8.61153
 --------------------/ IPRT= 1  / IGRD= 1  /IONIS   / Z1=16   / DATE= 11.01.08
 -74.00000 -74.00000 -74.00000 -74.00000 -74.00000 -74.00000 -74.00000 -74.00000
 -74.00000 -74.00000 -74.00000 -74.00000
 -74.00000 -74.00000 -74.00000 -74.00000 -74.00000 -74.00000 -74.00000 -74.00000
 -74.00000 -74.00000 -74.00000 -74.00000
 -74.00000 -74.00000 -74.00000 -74.00000 -74.00000 -74.00000 -74.00000 -74.00000
 -74.00000 -74.00000 -74.00000 -74.00000
 -38.28590 -38.28590 -38.28590 -38.28590 -38.28590 -38.28590 -38.28590 -38.28590
 -38.28590 -38.28590 -38.28590 -38.28590
 -25.52935 -25.52935 -25.52935 -25.52935 -25.52935 -25.52935 -25.52935 -25.52935
 -25.52935 -25.52935 -25.52935 -25.52935
 -18.26293 -18.26293 -18.26293 -18.26293 -18.26293 -18.26293 -18.26293 -18.26293
 -18.26293 -18.26293 -18.26293 -18.26293
 -14.10635 -14.10635 -14.10635 -14.10635 -14.10635 -14.10635 -14.10635 -14.10635
 -14.10635 -14.10635 -14.10635 -14.10635
 -11.71432 -11.71432 -11.71432 -11.71432 -11.71432 -11.71432 -11.71432 -11.71432
 -11.71432 -11.71432 -11.71432 -11.71432
 -10.32734 -10.32734 -10.32734 -10.32734 -10.32734 -10.32734 -10.32734 -10.32734
 -10.32734 -10.32734 -10.32734 -10.32734
  -9.51714  -9.51714  -9.51714  -9.51714  -9.51714  -9.51714  -9.51714  -9.51714
  -9.51714  -9.51714  -9.51714  -9.51714
  -9.04223  -9.04223  -9.04223  -9.04223  -9.04223  -9.04223  -9.04223  -9.04223
  -9.04223  -9.04223  -9.04223  -9.04223
  -8.76603  -8.76603  -8.76603  -8.76603  -8.76603  -8.76603  -8.76603  -8.76603
  -8.76603  -8.76603  -8.76603  -8.76603
  -8.61065  -8.61065  -8.61065  -8.61065  -8.61065  -8.61065  -8.61065  -8.61065
  -8.61065  -8.61065  -8.61065  -8.61065
  -8.53104  -8.53104  -8.53104  -8.53104  -8.53104  -8.53104  -8.53104  -8.53104
  -8.53104  -8.53104  -8.53104  -8.53104
  -8.50054  -8.50054  -8.50054  -8.50054  -8.50054  -8.50054  -8.50054  -8.50054
  -8.50054  -8.50054  -8.50054  -8.50054
  -8.50300  -8.50300  -8.50300  -8.50300  -8.50300  -8.50300  -8.50300  -8.50300
  -8.50300  -8.50300  -8.50300  -8.50300
  -8.52837  -8.52837  -8.52837  -8.52837  -8.52837  -8.52837  -8.52837  -8.52837
  -8.52837  -8.52837  -8.52837  -8.52837
  -8.57017  -8.57017  -8.57017  -8.57017  -8.57017  -8.57017  -8.57017  -8.57017
  -8.57017  -8.57017  -8.57017  -8.57017
  -8.62411  -8.62411  -8.62411  -8.62411  -8.62411  -8.62411  -8.62411  -8.62411
  -8.62411  -8.62411  -8.62411  -8.62411
  -8.68727  -8.68727  -8.68727  -8.68727  -8.68727  -8.68727  -8.68727  -8.68727
  -8.68727  -8.68727  -8.68727  -8.68727
 --------------------/ IPRT= 1  / IGRD= 1  /IONIS   / Z1=17   / DATE= 11.01.08
 -74.00000 -74.00000 -74.00000 -74.00000 -74.00000 -74.00000 -74.00000 -74.00000
 -74.00000 -74.00000 -74.00000 -74.00000
 -74.00000 -74.00000 -74.00000 -74.00000 -74.00000 -74.00000 -74.00000 -74.00000
 -74.00000 -74.00000 -74.00000 -74.00000
 -74.00000 -74.00000 -74.00000 -74.00000 -74.00000 -74.00000 -74.00000 -74.00000
 -74.00000 -74.00000 -74.00000 -74.00000
 -40.82581 -40.82581 -40.82581 -40.82581 -40.82581 -40.82581 -40.82581 -40.82581
 -40.82581 -40.82581 -40.82581 -40.82581
 -27.02329 -27.02329 -27.02329 -27.02329 -27.02329 -27.02329 -27.02329 -27.02329
 -27.02329 -27.02329 -27.02329 -27.02329
 -19.15614 -19.15614 -19.15614 -19.15614 -19.15614 -19.15614 -19.15614 -19.15614
 -19.15614 -19.15614 -19.15614 -19.15614
 -14.65695 -14.65695 -14.65695 -14.65695 -14.65695 -14.65695 -14.65695 -14.65695
 -14.65695 -14.65695 -14.65695 -14.65695
 -12.06967 -12.06967 -12.06967 -12.06967 -12.06967 -12.06967 -12.06967 -12.06967
 -12.06967 -12.06967 -12.06967 -12.06967
 -10.57099 -10.57099 -10.57099 -10.57099 -10.57099 -10.57099 -10.57099 -10.57099
 -10.57099 -10.57099 -10.57099 -10.57099
  -9.69631  -9.69631  -9.69631  -9.69631  -9.69631  -9.69631  -9.69631  -9.69631
  -9.69631  -9.69631  -9.69631  -9.69631
  -9.18359  -9.18359  -9.18359  -9.18359  -9.18359  -9.18359  -9.18359  -9.18359
  -9.18359  -9.18359  -9.18359  -9.18359
  -8.88473  -8.88473  -8.88473  -8.88473  -8.88473  -8.88473  -8.88473  -8.88473
  -8.88473  -8.88473  -8.88473  -8.88473
  -8.71538  -8.71538  -8.71538  -8.71538  -8.71538  -8.71538  -8.71538  -8.71538
  -8.71538  -8.71538  -8.71538  -8.71538
  -8.62687  -8.62687  -8.62687  -8.62687  -8.62687  -8.62687  -8.62687  -8.62687
  -8.62687  -8.62687  -8.62687  -8.62687
  -8.59051  -8.59051  -8.59051  -8.59051  -8.59051  -8.59051  -8.59051  -8.59051
  -8.59051  -8.59051  -8.59051  -8.59051
  -8.58898  -8.58898  -8.58898  -8.58898  -8.58898  -8.58898  -8.58898  -8.58898
  -8.58898  -8.58898  -8.58898  -8.58898
  -8.61153  -8.61153  -8.61153  -8.61153  -8.61153  -8.61153  -8.61153  -8.61153
  -8.61153  -8.61153  -8.61153  -8.61153
  -8.65127  -8.65127  -8.65127  -8.65127  -8.65127  -8.65127  -8.65127  -8.65127
  -8.65127  -8.65127  -8.65127  -8.65127
  -8.70368  -8.70368  -8.70368  -8.70368  -8.70368  -8.70368  -8.70368  -8.70368
  -8.70368  -8.70368  -8.70368  -8.70368
  -8.76566  -8.76566  -8.76566  -8.76566  -8.76566  -8.76566  -8.76566  -8.76566
  -8.76566  -8.76566  -8.76566  -8.76566
 --------------------/ IPRT= 1  / IGRD= 1  /IONIS   / Z1=18   / DATE= 11.01.08
 -74.00000 -74.00000 -74.00000 -74.00000 -74.00000 -74.00000 -74.00000 -74.00000
 -74.00000 -74.00000 -74.00000 -74.00000
 -74.00000 -74.00000 -74.00000 -74.00000 -74.00000 -74.00000 -74.00000 -74.00000
 -74.00000 -74.00000 -74.00000 -74.00000
 -74.00000 -74.00000 -74.00000 -74.00000 -74.00000 -74.00000 -74.00000 -74.00000
 -74.00000 -74.00000 -74.00000 -74.00000
 -43.65282 -43.65282 -43.65282 -43.65282 -43.65282 -43.65282 -43.65282 -43.65282
 -43.65282 -43.65282 -43.65282 -43.65282
 -28.65801 -28.65801 -28.65801 -28.65801 -28.65801 -28.65801 -28.65801 -28.65801
 -28.65801 -28.65801 -28.65801 -28.65801
 -20.12439 -20.12439 -20.12439 -20.12439 -20.12439 -20.12439 -20.12439 -20.12439
 -20.12439 -20.12439 -20.12439 -20.12439
 -15.24953 -15.24953 -15.24953 -15.24953 -15.24953 -15.24953 -15.24953 -15.24953
 -15.24953 -15.24953 -15.24953 -15.24953
 -12.44643 -12.44643 -12.44643 -12.44643 -12.44643 -12.44643 -12.44643 -12.44643
 -12.44643 -12.44643 -12.44643 -12.44643
 -10.81108 -10.81108 -10.81108 -10.81108 -10.81108 -10.81108 -10.81108 -10.81108
 -10.81108 -10.81108 -10.81108 -10.81108
  -9.83583  -9.83583  -9.83583  -9.83583  -9.83583  -9.83583  -9.83583  -9.83583
  -9.83583  -9.83583  -9.83583  -9.83583
  -9.24666  -9.24666  -9.24666  -9.24666  -9.24666  -9.24666  -9.24666  -9.24666
  -9.24666  -9.24666  -9.24666  -9.24666
  -8.89265  -8.89265  -8.89265  -8.89265  -8.89265  -8.89265  -8.89265  -8.89265
  -8.89265  -8.89265  -8.89265  -8.89265
  -8.68528  -8.68528  -8.68528  -8.68528  -8.68528  -8.68528  -8.68528  -8.68528
  -8.68528  -8.68528  -8.68528  -8.68528
  -8.57099  -8.57099  -8.57099  -8.57099  -8.57099  -8.57099  -8.57099  -8.57099
  -8.57099  -8.57099  -8.57099  -8.57099
  -8.51707  -8.51707  -8.51707  -8.51707  -8.51707  -8.51707  -8.51707  -8.51707
  -8.51707  -8.51707  -8.51707  -8.51707
  -8.50337  -8.50337  -8.50337  -8.50337  -8.50337  -8.50337  -8.50337  -8.50337
  -8.50337  -8.50337  -8.50337  -8.50337
  -8.51728  -8.51728  -8.51728  -8.51728  -8.51728  -8.51728  -8.51728  -8.51728
  -8.51728  -8.51728  -8.51728  -8.51728
  -8.55072  -8.55072  -8.55072  -8.55072  -8.55072  -8.55072  -8.55072  -8.55072
  -8.55072  -8.55072  -8.55072  -8.55072
  -8.59842  -8.59842  -8.59842  -8.59842  -8.59842  -8.59842  -8.59842  -8.59842
  -8.59842  -8.59842  -8.59842  -8.59842
  -8.65681  -8.65681  -8.65681  -8.65681  -8.65681  -8.65681  -8.65681  -8.65681
  -8.65681  -8.65681  -8.65681  -8.65681
 --------------------/ IPRT= 1  / IGRD= 1  /IONIS   / Z1=19   / DATE= 11.01.08
 -74.00000 -74.00000 -74.00000 -74.00000 -74.00000 -74.00000 -74.00000 -74.00000
 -74.00000 -74.00000 -74.00000 -74.00000
 -74.00000 -74.00000 -74.00000 -74.00000 -74.00000 -74.00000 -74.00000 -74.00000
 -74.00000 -74.00000 -74.00000 -74.00000
 -74.00000 -74.00000 -74.00000 -74.00000 -74.00000 -74.00000 -74.00000 -74.00000
 -74.00000 -74.00000 -74.00000 -74.00000
 -47.34345 -47.34345 -47.34345 -47.34345 -47.34345 -47.34345 -47.34345 -47.34345
 -47.34345 -47.34345 -47.34345 -47.34345
 -30.80099 -30.80099 -30.80099 -30.80099 -30.80099 -30.80099 -30.80099 -30.80099
 -30.80099 -30.80099 -30.80099 -30.80099
 -21.39127 -21.39127 -21.39127 -21.39127 -21.39127 -21.39127 -21.39127 -21.39127
 -21.39127 -21.39127 -21.39127 -21.39127
 -16.02000 -16.02000 -16.02000 -16.02000 -16.02000 -16.02000 -16.02000 -16.02000
 -16.02000 -16.02000 -16.02000 -16.02000
 -12.93416 -12.93416 -12.93416 -12.93416 -12.93416 -12.93416 -12.93416 -12.93416
 -12.93416 -12.93416 -12.93416 -12.93416
 -11.13450 -11.13450 -11.13450 -11.13450 -11.13450 -11.13450 -11.13450 -11.13450
 -11.13450 -11.13450 -11.13450 -11.13450
 -10.06136 -10.06136 -10.06136 -10.06136 -10.06136 -10.06136 -10.06136 -10.06136
 -10.06136 -10.06136 -10.06136 -10.06136
  -9.41347  -9.41347  -9.41347  -9.41347  -9.41347  -9.41347  -9.41347  -9.41347
  -9.41347  -9.41347  -9.41347  -9.41347
  -9.02415  -9.02415  -9.02415  -9.02415  -9.02415  -9.02415  -9.02415  -9.02415
  -9.02415  -9.02415  -9.02415  -9.02415
  -8.79526  -8.79526  -8.79526  -8.79526  -8.79526  -8.79526  -8.79526  -8.79526
  -8.79526  -8.79526  -8.79526  -8.79526
  -8.66751  -8.66751  -8.66751  -8.66751  -8.66751  -8.66751  -8.66751  -8.66751
  -8.66751  -8.66751  -8.66751  -8.66751
  -8.60490  -8.60490  -8.60490  -8.60490  -8.60490  -8.60490  -8.60490  -8.60490
  -8.60490  -8.60490  -8.60490  -8.60490
  -8.58539  -8.58539  -8.58539  -8.58539  -8.58539  -8.58539  -8.58539  -8.58539
  -8.58539  -8.58539  -8.58539  -8.58539
  -8.59529  -8.59529  -8.59529  -8.59529  -8.59529  -8.59529  -8.59529  -8.59529
  -8.59529  -8.59529  -8.59529  -8.59529
  -8.62587  -8.62587  -8.62587  -8.62587  -8.62587  -8.62587  -8.62587  -8.62587
  -8.62587  -8.62587  -8.62587  -8.62587
  -8.67146  -8.67146  -8.67146  -8.67146  -8.67146  -8.67146  -8.67146  -8.67146
  -8.67146  -8.67146  -8.67146  -8.67146
  -8.72825  -8.72825  -8.72825  -8.72825  -8.72825  -8.72825  -8.72825  -8.72825
  -8.72825  -8.72825  -8.72825  -8.72825
 --------------------/ IPRT= 1  / IGRD= 1  /IONIS   / Z1=20   / DATE= 11.01.08
 -74.00000 -74.00000 -74.00000 -74.00000 -74.00000 -74.00000 -74.00000 -74.00000
 -74.00000 -74.00000 -74.00000 -74.00000
 -74.00000 -74.00000 -74.00000 -74.00000 -74.00000 -74.00000 -74.00000 -74.00000
 -74.00000 -74.00000 -74.00000 -74.00000
 -74.00000 -74.00000 -74.00000 -74.00000 -74.00000 -74.00000 -74.00000 -74.00000
 -74.00000 -74.00000 -74.00000 -74.00000
 -51.03078 -51.03078 -51.03078 -51.03078 -51.03078 -51.03078 -51.03078 -51.03078
 -51.03078 -51.03078 -51.03078 -51.03078
 -32.94073 -32.94073 -32.94073 -32.94073 -32.94073 -32.94073 -32.94073 -32.94073
 -32.94073 -32.94073 -32.94073 -32.94073
 -22.65500 -22.65500 -22.65500 -22.65500 -22.65500 -22.65500 -22.65500 -22.65500
 -22.65500 -22.65500 -22.65500 -22.65500
 -16.78747 -16.78747 -16.78747 -16.78747 -16.78747 -16.78747 -16.78747 -16.78747
 -16.78747 -16.78747 -16.78747 -16.78747
 -13.41891 -13.41891 -13.41891 -13.41891 -13.41891 -13.41891 -13.41891 -13.41891
 -13.41891 -13.41891 -13.41891 -13.41891
 -11.45468 -11.45468 -11.45468 -11.45468 -11.45468 -11.45468 -11.45468 -11.45468
 -11.45468 -11.45468 -11.45468 -11.45468
 -10.28335 -10.28335 -10.28335 -10.28335 -10.28335 -10.28335 -10.28335 -10.28335
 -10.28335 -10.28335 -10.28335 -10.28335
  -9.57665  -9.57665  -9.57665  -9.57665  -9.57665  -9.57665  -9.57665  -9.57665
  -9.57665  -9.57665  -9.57665  -9.57665
  -9.15211  -9.15211  -9.15211  -9.15211  -9.15211  -9.15211  -9.15211  -9.15211
  -9.15211  -9.15211  -9.15211  -9.15211
  -8.90184  -8.90184  -8.90184  -8.90184  -8.90184  -8.90184  -8.90184  -8.90184
  -8.90184  -8.90184  -8.90184  -8.90184
  -8.76079  -8.76079  -8.76079  -8.76079  -8.76079  -8.76079  -8.76079  -8.76079
  -8.76079  -8.76079  -8.76079  -8.76079
  -8.68965  -8.68965  -8.68965  -8.68965  -8.68965  -8.68965  -8.68965  -8.68965
  -8.68965  -8.68965  -8.68965  -8.68965
  -8.66448  -8.66448  -8.66448  -8.66448  -8.66448  -8.66448  -8.66448  -8.66448
  -8.66448  -8.66448  -8.66448  -8.66448
  -8.67047  -8.67047  -8.67047  -8.67047  -8.67047  -8.67047  -8.67047  -8.67047
  -8.67047  -8.67047  -8.67047  -8.67047
  -8.69829  -8.69829  -8.69829  -8.69829  -8.69829  -8.69829  -8.69829  -8.69829
  -8.69829  -8.69829  -8.69829  -8.69829
  -8.74184  -8.74184  -8.74184  -8.74184  -8.74184  -8.74184  -8.74184  -8.74184
  -8.74184  -8.74184  -8.74184  -8.74184
  -8.79710  -8.79710  -8.79710  -8.79710  -8.79710  -8.79710  -8.79710  -8.79710
  -8.79710  -8.79710  -8.79710  -8.79710
 --------------------/ IPRT= 1  / IGRD= 1  /IONIS   / Z1=21   / DATE= 11.01.08
 -74.00000 -74.00000 -74.00000 -74.00000 -74.00000 -74.00000 -74.00000 -74.00000
 -74.00000 -74.00000 -74.00000 -74.00000
 -74.00000 -74.00000 -74.00000 -74.00000 -74.00000 -74.00000 -74.00000 -74.00000
 -74.00000 -74.00000 -74.00000 -74.00000
 -74.00000 -74.00000 -74.00000 -74.00000 -74.00000 -74.00000 -74.00000 -74.00000
 -74.00000 -74.00000 -74.00000 -74.00000
 -74.00000 -74.00000 -74.00000 -74.00000 -74.00000 -74.00000 -74.00000 -74.00000
 -74.00000 -74.00000 -74.00000 -74.00000
 -35.07951 -35.07951 -35.07951 -35.07951 -35.07951 -35.07951 -35.07951 -35.07951
 -35.07951 -35.07951 -35.07951 -35.07951
 -23.91786 -23.91786 -23.91786 -23.91786 -23.91786 -23.91786 -23.91786 -23.91786
 -23.91786 -23.91786 -23.91786 -23.91786
 -17.55414 -17.55414 -17.55414 -17.55414 -17.55414 -17.55414 -17.55414 -17.55414
 -17.55414 -17.55414 -17.55414 -17.55414
 -13.90280 -13.90280 -13.90280 -13.90280 -13.90280 -13.90280 -13.90280 -13.90280
 -13.90280 -13.90280 -13.90280 -13.90280
 -11.77351 -11.77351 -11.77351 -11.77351 -11.77351 -11.77351 -11.77351 -11.77351
 -11.77351 -11.77351 -11.77351 -11.77351
 -10.50338 -10.50338 -10.50338 -10.50338 -10.50338 -10.50338 -10.50338 -10.50338
 -10.50338 -10.50338 -10.50338 -10.50338
  -9.73752  -9.73752  -9.73752  -9.73752  -9.73752  -9.73752  -9.73752  -9.73752
  -9.73752  -9.73752  -9.73752  -9.73752
  -9.27766  -9.27766  -9.27766  -9.27766  -9.27766  -9.27766  -9.27766  -9.27766
  -9.27766  -9.27766  -9.27766  -9.27766
  -9.00605  -9.00605  -9.00605  -9.00605  -9.00605  -9.00605  -9.00605  -9.00605
  -9.00605  -9.00605  -9.00605  -9.00605
  -8.85179  -8.85179  -8.85179  -8.85179  -8.85179  -8.85179  -8.85179  -8.85179
  -8.85179  -8.85179  -8.85179  -8.85179
  -8.77222  -8.77222  -8.77222  -8.77222  -8.77222  -8.77222  -8.77222  -8.77222
  -8.77222  -8.77222  -8.77222  -8.77222
  -8.74147  -8.74147  -8.74147  -8.74147  -8.74147  -8.74147  -8.74147  -8.74147
  -8.74147  -8.74147  -8.74147  -8.74147
  -8.74365  -8.74365  -8.74365  -8.74365  -8.74365  -8.74365  -8.74365  -8.74365
  -8.74365  -8.74365  -8.74365  -8.74365
  -8.76876  -8.76876  -8.76876  -8.76876  -8.76876  -8.76876  -8.76876  -8.76876
  -8.76876  -8.76876  -8.76876  -8.76876
  -8.81035  -8.81035  -8.81035  -8.81035  -8.81035  -8.81035  -8.81035  -8.81035
  -8.81035  -8.81035  -8.81035  -8.81035
  -8.86412  -8.86412  -8.86412  -8.86412  -8.86412  -8.86412  -8.86412  -8.86412
  -8.86412  -8.86412  -8.86412  -8.86412
 --------------------/ IPRT= 1  / IGRD= 1  /IONIS   / Z1=22   / DATE= 11.01.08
 -74.00000 -74.00000 -74.00000 -74.00000 -74.00000 -74.00000 -74.00000 -74.00000
 -74.00000 -74.00000 -74.00000 -74.00000
 -74.00000 -74.00000 -74.00000 -74.00000 -74.00000 -74.00000 -74.00000 -74.00000
 -74.00000 -74.00000 -74.00000 -74.00000
 -74.00000 -74.00000 -74.00000 -74.00000 -74.00000 -74.00000 -74.00000 -74.00000
 -74.00000 -74.00000 -74.00000 -74.00000
 -74.00000 -74.00000 -74.00000 -74.00000 -74.00000 -74.00000 -74.00000 -74.00000
 -74.00000 -74.00000 -74.00000 -74.00000
 -36.79567 -36.79567 -36.79567 -36.79567 -36.79567 -36.79567 -36.79567 -36.79567
 -36.79567 -36.79567 -36.79567 -36.79567
 -24.93669 -24.93669 -24.93669 -24.93669 -24.93669 -24.93669 -24.93669 -24.93669
 -24.93669 -24.93669 -24.93669 -24.93669
 -18.17812 -18.17812 -18.17812 -18.17812 -18.17812 -18.17812 -18.17812 -18.17812
 -18.17812 -18.17812 -18.17812 -18.17812
 -14.30264 -14.30264 -14.30264 -14.30264 -14.30264 -14.30264 -14.30264 -14.30264
 -14.30264 -14.30264 -14.30264 -14.30264
 -12.04339 -12.04339 -12.04339 -12.04339 -12.04339 -12.04339 -12.04339 -12.04339
 -12.04339 -12.04339 -12.04339 -12.04339
 -10.69446 -10.69446 -10.69446 -10.69446 -10.69446 -10.69446 -10.69446 -10.69446
 -10.69446 -10.69446 -10.69446 -10.69446
  -9.87995  -9.87995  -9.87995  -9.87995  -9.87995  -9.87995  -9.87995  -9.87995
  -9.87995  -9.87995  -9.87995  -9.87995
  -9.39021  -9.39021  -9.39021  -9.39021  -9.39021  -9.39021  -9.39021  -9.39021
  -9.39021  -9.39021  -9.39021  -9.39021
  -9.10023  -9.10023  -9.10023  -9.10023  -9.10023  -9.10023  -9.10023  -9.10023
  -9.10023  -9.10023  -9.10023  -9.10023
  -8.93450  -8.93450  -8.93450  -8.93450  -8.93450  -8.93450  -8.93450  -8.93450
  -8.93450  -8.93450  -8.93450  -8.93450
  -8.84756  -8.84756  -8.84756  -8.84756  -8.84756  -8.84756  -8.84756  -8.84756
  -8.84756  -8.84756  -8.84756  -8.84756
  -8.81195  -8.81195  -8.81195  -8.81195  -8.81195  -8.81195  -8.81195  -8.81195
  -8.81195  -8.81195  -8.81195  -8.81195
  -8.81081  -8.81081  -8.81081  -8.81081  -8.81081  -8.81081  -8.81081  -8.81081
  -8.81081  -8.81081  -8.81081  -8.81081
  -8.83358  -8.83358  -8.83358  -8.83358  -8.83358  -8.83358  -8.83358  -8.83358
  -8.83358  -8.83358  -8.83358  -8.83358
  -8.87346  -8.87346  -8.87346  -8.87346  -8.87346  -8.87346  -8.87346  -8.87346
  -8.87346  -8.87346  -8.87346  -8.87346
  -8.92595  -8.92595  -8.92595  -8.92595  -8.92595  -8.92595  -8.92595  -8.92595
  -8.92595  -8.92595  -8.92595  -8.92595
 --------------------/ IPRT= 1  / IGRD= 1  /IONIS   / Z1=23   / DATE= 11.01.08
 -74.00000 -74.00000 -74.00000 -74.00000 -74.00000 -74.00000 -74.00000 -74.00000
 -74.00000 -74.00000 -74.00000 -74.00000
 -74.00000 -74.00000 -74.00000 -74.00000 -74.00000 -74.00000 -74.00000 -74.00000
 -74.00000 -74.00000 -74.00000 -74.00000
 -74.00000 -74.00000 -74.00000 -74.00000 -74.00000 -74.00000 -74.00000 -74.00000
 -74.00000 -74.00000 -74.00000 -74.00000
 -74.00000 -74.00000 -74.00000 -74.00000 -74.00000 -74.00000 -74.00000 -74.00000
 -74.00000 -74.00000 -74.00000 -74.00000
 -39.20204 -39.20204 -39.20204 -39.20204 -39.20204 -39.20204 -39.20204 -39.20204
 -39.20204 -39.20204 -39.20204 -39.20204
 -26.35716 -26.35716 -26.35716 -26.35716 -26.35716 -26.35716 -26.35716 -26.35716
 -26.35716 -26.35716 -26.35716 -26.35716
 -19.04026 -19.04026 -19.04026 -19.04026 -19.04026 -19.04026 -19.04026 -19.04026
 -19.04026 -19.04026 -19.04026 -19.04026
 -14.84680 -14.84680 -14.84680 -14.84680 -14.84680 -14.84680 -14.84680 -14.84680
 -14.84680 -14.84680 -14.84680 -14.84680
 -12.40145 -12.40145 -12.40145 -12.40145 -12.40145 -12.40145 -12.40145 -12.40145
 -12.40145 -12.40145 -12.40145 -12.40145
 -10.94000 -10.94000 -10.94000 -10.94000 -10.94000 -10.94000 -10.94000 -10.94000
 -10.94000 -10.94000 -10.94000 -10.94000
 -10.05757 -10.05757 -10.05757 -10.05757 -10.05757 -10.05757 -10.05757 -10.05757
 -10.05757 -10.05757 -10.05757 -10.05757
  -9.52725  -9.52725  -9.52725  -9.52725  -9.52725  -9.52725  -9.52725  -9.52725
  -9.52725  -9.52725  -9.52725  -9.52725
  -9.21284  -9.21284  -9.21284  -9.21284  -9.21284  -9.21284  -9.21284  -9.21284
  -9.21284  -9.21284  -9.21284  -9.21284
  -9.03208  -9.03208  -9.03208  -9.03208  -9.03208  -9.03208  -9.03208  -9.03208
  -9.03208  -9.03208  -9.03208  -9.03208
  -8.93562  -8.93562  -8.93562  -8.93562  -8.93562  -8.93562  -8.93562  -8.93562
  -8.93562  -8.93562  -8.93562  -8.93562
  -8.89376  -8.89376  -8.89376  -8.89376  -8.89376  -8.89376  -8.89376  -8.89376
  -8.89376  -8.89376  -8.89376  -8.89376
  -8.88839  -8.88839  -8.88839  -8.88839  -8.88839  -8.88839  -8.88839  -8.88839
  -8.88839  -8.88839  -8.88839  -8.88839
  -8.90819  -8.90819  -8.90819  -8.90819  -8.90819  -8.90819  -8.90819  -8.90819
  -8.90819  -8.90819  -8.90819  -8.90819
  -8.94591  -8.94591  -8.94591  -8.94591  -8.94591  -8.94591  -8.94591  -8.94591
  -8.94591  -8.94591  -8.94591  -8.94591
  -8.99681  -8.99681  -8.99681  -8.99681  -8.99681  -8.99681  -8.99681  -8.99681
  -8.99681  -8.99681  -8.99681  -8.99681
 --------------------/ IPRT= 1  / IGRD= 1  /IONIS   / Z1=24   / DATE= 11.01.08
 -74.00000 -74.00000 -74.00000 -74.00000 -74.00000 -74.00000 -74.00000 -74.00000
 -74.00000 -74.00000 -74.00000 -74.00000
 -74.00000 -74.00000 -74.00000 -74.00000 -74.00000 -74.00000 -74.00000 -74.00000
 -74.00000 -74.00000 -74.00000 -74.00000
 -74.00000 -74.00000 -74.00000 -74.00000 -74.00000 -74.00000 -74.00000 -74.00000
 -74.00000 -74.00000 -74.00000 -74.00000
 -74.00000 -74.00000 -74.00000 -74.00000 -74.00000 -74.00000 -74.00000 -74.00000
 -74.00000 -74.00000 -74.00000 -74.00000
 -41.64971 -41.64971 -41.64971 -41.64971 -41.64971 -41.64971 -41.64971 -41.64971
 -41.64971 -41.64971 -41.64971 -41.64971
 -27.80451 -27.80451 -27.80451 -27.80451 -27.80451 -27.80451 -27.80451 -27.80451
 -27.80451 -27.80451 -27.80451 -27.80451
 -19.92097 -19.92097 -19.92097 -19.92097 -19.92097 -19.92097 -19.92097 -19.92097
 -19.92097 -19.92097 -19.92097 -19.92097
 -15.40295 -15.40295 -15.40295 -15.40295 -15.40295 -15.40295 -15.40295 -15.40295
 -15.40295 -15.40295 -15.40295 -15.40295
 -12.76382 -12.76382 -12.76382 -12.76382 -12.76382 -12.76382 -12.76382 -12.76382
 -12.76382 -12.76382 -12.76382 -12.76382
 -11.18406 -11.18406 -11.18406 -11.18406 -11.18406 -11.18406 -11.18406 -11.18406
 -11.18406 -11.18406 -11.18406 -11.18406
 -10.23136 -10.23136 -10.23136 -10.23136 -10.23136 -10.23136 -10.23136 -10.23136
 -10.23136 -10.23136 -10.23136 -10.23136
  -9.65998  -9.65998  -9.65998  -9.65998  -9.65998  -9.65998  -9.65998  -9.65998
  -9.65998  -9.65998  -9.65998  -9.65998
  -9.32133  -9.32133  -9.32133  -9.32133  -9.32133  -9.32133  -9.32133  -9.32133
  -9.32133  -9.32133  -9.32133  -9.32133
  -9.12586  -9.12586  -9.12586  -9.12586  -9.12586  -9.12586  -9.12586  -9.12586
  -9.12586  -9.12586  -9.12586  -9.12586
  -9.02018  -9.02018  -9.02018  -9.02018  -9.02018  -9.02018  -9.02018  -9.02018
  -9.02018  -9.02018  -9.02018  -9.02018
  -8.97233  -8.97233  -8.97233  -8.97233  -8.97233  -8.97233  -8.97233  -8.97233
  -8.97233  -8.97233  -8.97233  -8.97233
  -8.96292  -8.96292  -8.96292  -8.96292  -8.96292  -8.96292  -8.96292  -8.96292
  -8.96292  -8.96292  -8.96292  -8.96292
  -8.97991  -8.97991  -8.97991  -8.97991  -8.97991  -8.97991  -8.97991  -8.97991
  -8.97991  -8.97991  -8.97991  -8.97991
  -9.01561  -9.01561  -9.01561  -9.01561  -9.01561  -9.01561  -9.01561  -9.01561
  -9.01561  -9.01561  -9.01561  -9.01561
  -9.06499  -9.06499  -9.06499  -9.06499  -9.06499  -9.06499  -9.06499  -9.06499
  -9.06499  -9.06499  -9.06499  -9.06499
 --------------------/ IPRT= 1  / IGRD= 1  /IONIS   / Z1=25   / DATE= 11.01.08
 -74.00000 -74.00000 -74.00000 -74.00000 -74.00000 -74.00000 -74.00000 -74.00000
 -74.00000 -74.00000 -74.00000 -74.00000
 -74.00000 -74.00000 -74.00000 -74.00000 -74.00000 -74.00000 -74.00000 -74.00000
 -74.00000 -74.00000 -74.00000 -74.00000
 -74.00000 -74.00000 -74.00000 -74.00000 -74.00000 -74.00000 -74.00000 -74.00000
 -74.00000 -74.00000 -74.00000 -74.00000
 -74.00000 -74.00000 -74.00000 -74.00000 -74.00000 -74.00000 -74.00000 -74.00000
 -74.00000 -74.00000 -74.00000 -74.00000
 -43.83017 -43.83017 -43.83017 -43.83017 -43.83017 -43.83017 -43.83017 -43.83017
 -43.83017 -43.83017 -43.83017 -43.83017
 -29.10342 -29.10342 -29.10342 -29.10342 -29.10342 -29.10342 -29.10342 -29.10342
 -29.10342 -29.10342 -29.10342 -29.10342
 -20.72064 -20.72064 -20.72064 -20.72064 -20.72064 -20.72064 -20.72064 -20.72064
 -20.72064 -20.72064 -20.72064 -20.72064
 -15.91680 -15.91680 -15.91680 -15.91680 -15.91680 -15.91680 -15.91680 -15.91680
 -15.91680 -15.91680 -15.91680 -15.91680
 -13.10544 -13.10544 -13.10544 -13.10544 -13.10544 -13.10544 -13.10544 -13.10544
 -13.10544 -13.10544 -13.10544 -13.10544
 -11.41768 -11.41768 -11.41768 -11.41768 -11.41768 -11.41768 -11.41768 -11.41768
 -11.41768 -11.41768 -11.41768 -11.41768
 -10.39924 -10.39924 -10.39924 -10.39924 -10.39924 -10.39924 -10.39924 -10.39924
 -10.39924 -10.39924 -10.39924 -10.39924
  -9.78887  -9.78887  -9.78887  -9.78887  -9.78887  -9.78887  -9.78887  -9.78887
  -9.78887  -9.78887  -9.78887  -9.78887
  -9.42701  -9.42701  -9.42701  -9.42701  -9.42701  -9.42701  -9.42701  -9.42701
  -9.42701  -9.42701  -9.42701  -9.42701
  -9.21742  -9.21742  -9.21742  -9.21742  -9.21742  -9.21742  -9.21742  -9.21742
  -9.21742  -9.21742  -9.21742  -9.21742
  -9.10289  -9.10289  -9.10289  -9.10289  -9.10289  -9.10289  -9.10289  -9.10289
  -9.10289  -9.10289  -9.10289  -9.10289
  -9.04931  -9.04931  -9.04931  -9.04931  -9.04931  -9.04931  -9.04931  -9.04931
  -9.04931  -9.04931  -9.04931  -9.04931
  -9.03604  -9.03604  -9.03604  -9.03604  -9.03604  -9.03604  -9.03604  -9.03604
  -9.03604  -9.03604  -9.03604  -9.03604
  -9.05035  -9.05035  -9.05035  -9.05035  -9.05035  -9.05035  -9.05035  -9.05035
  -9.05035  -9.05035  -9.05035  -9.05035
  -9.08412  -9.08412  -9.08412  -9.08412  -9.08412  -9.08412  -9.08412  -9.08412
  -9.08412  -9.08412  -9.08412  -9.08412
  -9.13208  -9.13208  -9.13208  -9.13208  -9.13208  -9.13208  -9.13208  -9.13208
  -9.13208  -9.13208  -9.13208  -9.13208
 --------------------/ IPRT= 1  / IGRD= 1  /IONIS   / Z1=26   / DATE= 11.01.08
 -74.00000 -74.00000 -74.00000 -74.00000 -74.00000 -74.00000 -74.00000 -74.00000
 -74.00000 -74.00000 -74.00000 -74.00000
 -74.00000 -74.00000 -74.00000 -74.00000 -74.00000 -74.00000 -74.00000 -74.00000
 -74.00000 -74.00000 -74.00000 -74.00000
 -74.00000 -74.00000 -74.00000 -74.00000 -74.00000 -74.00000 -74.00000 -74.00000
 -74.00000 -74.00000 -74.00000 -74.00000
 -74.00000 -74.00000 -74.00000 -74.00000 -74.00000 -74.00000 -74.00000 -74.00000
 -74.00000 -74.00000 -74.00000 -74.00000
 -46.03554 -46.03554 -46.03554 -46.03554 -46.03554 -46.03554 -46.03554 -46.03554
 -46.03554 -46.03554 -46.03554 -46.03554
 -30.42727 -30.42727 -30.42727 -30.42727 -30.42727 -30.42727 -30.42727 -30.42727
 -30.42727 -30.42727 -30.42727 -30.42727
 -21.54552 -21.54552 -21.54552 -21.54552 -21.54552 -21.54552 -21.54552 -21.54552
 -21.54552 -21.54552 -21.54552 -21.54552
 -16.45756 -16.45756 -16.45756 -16.45756 -16.45756 -16.45756 -16.45756 -16.45756
 -16.45756 -16.45756 -16.45756 -16.45756
 -13.47416 -13.47416 -13.47416 -13.47416 -13.47416 -13.47416 -13.47416 -13.47416
 -13.47416 -13.47416 -13.47416 -13.47416
 -11.67383 -11.67383 -11.67383 -11.67383 -11.67383 -11.67383 -11.67383 -11.67383
 -11.67383 -11.67383 -11.67383 -11.67383
 -10.58400 -10.58400 -10.58400 -10.58400 -10.58400 -10.58400 -10.58400 -10.58400
 -10.58400 -10.58400 -10.58400 -10.58400
  -9.93037  -9.93037  -9.93037  -9.93037  -9.93037  -9.93037  -9.93037  -9.93037
  -9.93037  -9.93037  -9.93037  -9.93037
  -9.54252  -9.54252  -9.54252  -9.54252  -9.54252  -9.54252  -9.54252  -9.54252
  -9.54252  -9.54252  -9.54252  -9.54252
  -9.31707  -9.31707  -9.31707  -9.31707  -9.31707  -9.31707  -9.31707  -9.31707
  -9.31707  -9.31707  -9.31707  -9.31707
  -9.19260  -9.19260  -9.19260  -9.19260  -9.19260  -9.19260  -9.19260  -9.19260
  -9.19260  -9.19260  -9.19260  -9.19260
  -9.13258  -9.13258  -9.13258  -9.13258  -9.13258  -9.13258  -9.13258  -9.13258
  -9.13258  -9.13258  -9.13258  -9.13258
  -9.11500  -9.11500  -9.11500  -9.11500  -9.11500  -9.11500  -9.11500  -9.11500
  -9.11500  -9.11500  -9.11500  -9.11500
  -9.12632  -9.12632  -9.12632  -9.12632  -9.12632  -9.12632  -9.12632  -9.12632
  -9.12632  -9.12632  -9.12632  -9.12632
  -9.15795  -9.15795  -9.15795  -9.15795  -9.15795  -9.15795  -9.15795  -9.15795
  -9.15795  -9.15795  -9.15795  -9.15795
  -9.20433  -9.20433  -9.20433  -9.20433  -9.20433  -9.20433  -9.20433  -9.20433
  -9.20433  -9.20433  -9.20433  -9.20433
 --------------------/ IPRT= 1  / IGRD= 1  /IONIS   / Z1=27   / DATE= 11.01.08
 -74.00000 -74.00000 -74.00000 -74.00000 -74.00000 -74.00000 -74.00000 -74.00000
 -74.00000 -74.00000 -74.00000 -74.00000
 -74.00000 -74.00000 -74.00000 -74.00000 -74.00000 -74.00000 -74.00000 -74.00000
 -74.00000 -74.00000 -74.00000 -74.00000
 -74.00000 -74.00000 -74.00000 -74.00000 -74.00000 -74.00000 -74.00000 -74.00000
 -74.00000 -74.00000 -74.00000 -74.00000
 -74.00000 -74.00000 -74.00000 -74.00000 -74.00000 -74.00000 -74.00000 -74.00000
 -74.00000 -74.00000 -74.00000 -74.00000
 -48.28472 -48.28472 -48.28472 -48.28472 -48.28472 -48.28472 -48.28472 -48.28472
 -48.28472 -48.28472 -48.28472 -48.28472
 -31.79688 -31.79688 -31.79688 -31.79688 -31.79688 -31.79688 -31.79688 -31.79688
 -31.79688 -31.79688 -31.79688 -31.79688
 -22.41692 -22.41692 -22.41692 -22.41692 -22.41692 -22.41692 -22.41692 -22.41692
 -22.41692 -22.41692 -22.41692 -22.41692
 -17.03987 -17.03987 -17.03987 -17.03987 -17.03987 -17.03987 -17.03987 -17.03987
 -17.03987 -17.03987 -17.03987 -17.03987
 -13.86725 -13.86725 -13.86725 -13.86725 -13.86725 -13.86725 -13.86725 -13.86725
 -13.86725 -13.86725 -13.86725 -13.86725
 -11.93801 -11.93801 -11.93801 -11.93801 -11.93801 -11.93801 -11.93801 -11.93801
 -11.93801 -11.93801 -11.93801 -11.93801
 -10.76952 -10.76952 -10.76952 -10.76952 -10.76952 -10.76952 -10.76952 -10.76952
 -10.76952 -10.76952 -10.76952 -10.76952
 -10.07041 -10.07041 -10.07041 -10.07041 -10.07041 -10.07041 -10.07041 -10.07041
 -10.07041 -10.07041 -10.07041 -10.07041
  -9.65611  -9.65611  -9.65611  -9.65611  -9.65611  -9.65611  -9.65611  -9.65611
  -9.65611  -9.65611  -9.65611  -9.65611
  -9.41487  -9.41487  -9.41487  -9.41487  -9.41487  -9.41487  -9.41487  -9.41487
  -9.41487  -9.41487  -9.41487  -9.41487
  -9.28064  -9.28064  -9.28064  -9.28064  -9.28064  -9.28064  -9.28064  -9.28064
  -9.28064  -9.28064  -9.28064  -9.28064
  -9.21437  -9.21437  -9.21437  -9.21437  -9.21437  -9.21437  -9.21437  -9.21437
  -9.21437  -9.21437  -9.21437  -9.21437
  -9.19263  -9.19263  -9.19263  -9.19263  -9.19263  -9.19263  -9.19263  -9.19263
  -9.19263  -9.19263  -9.19263  -9.19263
  -9.20109  -9.20109  -9.20109  -9.20109  -9.20109  -9.20109  -9.20109  -9.20109
  -9.20109  -9.20109  -9.20109  -9.20109
  -9.23068  -9.23068  -9.23068  -9.23068  -9.23068  -9.23068  -9.23068  -9.23068
  -9.23068  -9.23068  -9.23068  -9.23068
  -9.27557  -9.27557  -9.27557  -9.27557  -9.27557  -9.27557  -9.27557  -9.27557
  -9.27557  -9.27557  -9.27557  -9.27557
 --------------------/ IPRT= 1  / IGRD= 1  /IONIS   / Z1=28   / DATE= 11.01.08
 -74.00000 -74.00000 -74.00000 -74.00000 -74.00000 -74.00000 -74.00000 -74.00000
 -74.00000 -74.00000 -74.00000 -74.00000
 -74.00000 -74.00000 -74.00000 -74.00000 -74.00000 -74.00000 -74.00000 -74.00000
 -74.00000 -74.00000 -74.00000 -74.00000
 -74.00000 -74.00000 -74.00000 -74.00000 -74.00000 -74.00000 -74.00000 -74.00000
 -74.00000 -74.00000 -74.00000 -74.00000
 -74.00000 -74.00000 -74.00000 -74.00000 -74.00000 -74.00000 -74.00000 -74.00000
 -74.00000 -74.00000 -74.00000 -74.00000
 -50.66090 -50.66090 -50.66090 -50.66090 -50.66090 -50.66090 -50.66090 -50.66090
 -50.66090 -50.66090 -50.66090 -50.66090
 -33.29158 -33.29158 -33.29158 -33.29158 -33.29158 -33.29158 -33.29158 -33.29158
 -33.29158 -33.29158 -33.29158 -33.29158
 -23.41168 -23.41168 -23.41168 -23.41168 -23.41168 -23.41168 -23.41168 -23.41168
 -23.41168 -23.41168 -23.41168 -23.41168
 -17.73141 -17.73141 -17.73141 -17.73141 -17.73141 -17.73141 -17.73141 -17.73141
 -17.73141 -17.73141 -17.73141 -17.73141
 -14.32562 -14.32562 -14.32562 -14.32562 -14.32562 -14.32562 -14.32562 -14.32562
 -14.32562 -14.32562 -14.32562 -14.32562
 -12.23162 -12.23162 -12.23162 -12.23162 -12.23162 -12.23162 -12.23162 -12.23162
 -12.23162 -12.23162 -12.23162 -12.23162
 -10.96916 -10.96916 -10.96916 -10.96916 -10.96916 -10.96916 -10.96916 -10.96916
 -10.96916 -10.96916 -10.96916 -10.96916
 -10.21857 -10.21857 -10.21857 -10.21857 -10.21857 -10.21857 -10.21857 -10.21857
 -10.21857 -10.21857 -10.21857 -10.21857
  -9.77526  -9.77526  -9.77526  -9.77526  -9.77526  -9.77526  -9.77526  -9.77526
  -9.77526  -9.77526  -9.77526  -9.77526
  -9.51701  -9.51701  -9.51701  -9.51701  -9.51701  -9.51701  -9.51701  -9.51701
  -9.51701  -9.51701  -9.51701  -9.51701
  -9.37239  -9.37239  -9.37239  -9.37239  -9.37239  -9.37239  -9.37239  -9.37239
  -9.37239  -9.37239  -9.37239  -9.37239
  -9.29953  -9.29953  -9.29953  -9.29953  -9.29953  -9.29953  -9.29953  -9.29953
  -9.29953  -9.29953  -9.29953  -9.29953
  -9.27344  -9.27344  -9.27344  -9.27344  -9.27344  -9.27344  -9.27344  -9.27344
  -9.27344  -9.27344  -9.27344  -9.27344
  -9.27891  -9.27891  -9.27891  -9.27891  -9.27891  -9.27891  -9.27891  -9.27891
  -9.27891  -9.27891  -9.27891  -9.27891
  -9.30640  -9.30640  -9.30640  -9.30640  -9.30640  -9.30640  -9.30640  -9.30640
  -9.30640  -9.30640  -9.30640  -9.30640
  -9.34974  -9.34974  -9.34974  -9.34974  -9.34974  -9.34974  -9.34974  -9.34974
  -9.34974  -9.34974  -9.34974  -9.34974
 --------------------/ IPRT= 1  / IGRD= 1  /IONIS   / Z1=29   / DATE= 11.01.08
 -74.00000 -74.00000 -74.00000 -74.00000 -74.00000 -74.00000 -74.00000 -74.00000
 -74.00000 -74.00000 -74.00000 -74.00000
 -74.00000 -74.00000 -74.00000 -74.00000 -74.00000 -74.00000 -74.00000 -74.00000
 -74.00000 -74.00000 -74.00000 -74.00000
 -74.00000 -74.00000 -74.00000 -74.00000 -74.00000 -74.00000 -74.00000 -74.00000
 -74.00000 -74.00000 -74.00000 -74.00000
 -74.00000 -74.00000 -74.00000 -74.00000 -74.00000 -74.00000 -74.00000 -74.00000
 -74.00000 -74.00000 -74.00000 -74.00000
 -74.00000 -74.00000 -74.00000 -74.00000 -74.00000 -74.00000 -74.00000 -74.00000
 -74.00000 -74.00000 -74.00000 -74.00000
 -39.09948 -39.09948 -39.09948 -39.09948 -39.09948 -39.09948 -39.09948 -39.09948
 -39.09948 -39.09948 -39.09948 -39.09948
 -26.36064 -26.36064 -26.36064 -26.36064 -26.36064 -26.36064 -26.36064 -26.36064
 -26.36064 -26.36064 -26.36064 -26.36064
 -19.10142 -19.10142 -19.10142 -19.10142 -19.10142 -19.10142 -19.10142 -19.10142
 -19.10142 -19.10142 -19.10142 -19.10142
 -14.93578 -14.93578 -14.93578 -14.93578 -14.93578 -14.93578 -14.93578 -14.93578
 -14.93578 -14.93578 -14.93578 -14.93578
 -12.51734 -12.51734 -12.51734 -12.51734 -12.51734 -12.51734 -12.51734 -12.51734
 -12.51734 -12.51734 -12.51734 -12.51734
 -11.09830 -11.09830 -11.09830 -11.09830 -11.09830 -11.09830 -11.09830 -11.09830
 -11.09830 -11.09830 -11.09830 -11.09830
 -10.26071 -10.26071 -10.26071 -10.26071 -10.26071 -10.26071 -10.26071 -10.26071
 -10.26071 -10.26071 -10.26071 -10.26071
  -9.76598  -9.76598  -9.76598  -9.76598  -9.76598  -9.76598  -9.76598  -9.76598
  -9.76598  -9.76598  -9.76598  -9.76598
  -9.47643  -9.47643  -9.47643  -9.47643  -9.47643  -9.47643  -9.47643  -9.47643
  -9.47643  -9.47643  -9.47643  -9.47643
  -9.31226  -9.31226  -9.31226  -9.31226  -9.31226  -9.31226  -9.31226  -9.31226
  -9.31226  -9.31226  -9.31226  -9.31226
  -9.22681  -9.22681  -9.22681  -9.22681  -9.22681  -9.22681  -9.22681  -9.22681
  -9.22681  -9.22681  -9.22681  -9.22681
  -9.19238  -9.19238  -9.19238  -9.19238  -9.19238  -9.19238  -9.19238  -9.19238
  -9.19238  -9.19238  -9.19238  -9.19238
  -9.19213  -9.19213  -9.19213  -9.19213  -9.19213  -9.19213  -9.19213  -9.19213
  -9.19213  -9.19213  -9.19213  -9.19213
  -9.21556  -9.21556  -9.21556  -9.21556  -9.21556  -9.21556  -9.21556  -9.21556
  -9.21556  -9.21556  -9.21556  -9.21556
  -9.25594  -9.25594  -9.25594  -9.25594  -9.25594  -9.25594  -9.25594  -9.25594
  -9.25594  -9.25594  -9.25594  -9.25594
 --------------------/ IPRT= 1  / IGRD= 1  /IONIS   / Z1=30   / DATE= 11.01.08
 -74.00000 -74.00000 -74.00000 -74.00000 -74.00000 -74.00000 -74.00000 -74.00000
 -74.00000 -74.00000 -74.00000 -74.00000
 -74.00000 -74.00000 -74.00000 -74.00000 -74.00000 -74.00000 -74.00000 -74.00000
 -74.00000 -74.00000 -74.00000 -74.00000
 -74.00000 -74.00000 -74.00000 -74.00000 -74.00000 -74.00000 -74.00000 -74.00000
 -74.00000 -74.00000 -74.00000 -74.00000
 -74.00000 -74.00000 -74.00000 -74.00000 -74.00000 -74.00000 -74.00000 -74.00000
 -74.00000 -74.00000 -74.00000 -74.00000
 -74.00000 -74.00000 -74.00000 -74.00000 -74.00000 -74.00000 -74.00000 -74.00000
 -74.00000 -74.00000 -74.00000 -74.00000
 -40.49301 -40.49301 -40.49301 -40.49301 -40.49301 -40.49301 -40.49301 -40.49301
 -40.49301 -40.49301 -40.49301 -40.49301
 -27.18528 -27.18528 -27.18528 -27.18528 -27.18528 -27.18528 -27.18528 -27.18528
 -27.18528 -27.18528 -27.18528 -27.18528
 -19.60322 -19.60322 -19.60322 -19.60322 -19.60322 -19.60322 -19.60322 -19.60322
 -19.60322 -19.60322 -19.60322 -19.60322
 -15.25223 -15.25223 -15.25223 -15.25223 -15.25223 -15.25223 -15.25223 -15.25223
 -15.25223 -15.25223 -15.25223 -15.25223
 -12.72588 -12.72588 -12.72588 -12.72588 -12.72588 -12.72588 -12.72588 -12.72588
 -12.72588 -12.72588 -12.72588 -12.72588
 -11.24392 -11.24392 -11.24392 -11.24392 -11.24392 -11.24392 -11.24392 -11.24392
 -11.24392 -11.24392 -11.24392 -11.24392
 -10.36969 -10.36969 -10.36969 -10.36969 -10.36969 -10.36969 -10.36969 -10.36969
 -10.36969 -10.36969 -10.36969 -10.36969
  -9.85344  -9.85344  -9.85344  -9.85344  -9.85344  -9.85344  -9.85344  -9.85344
  -9.85344  -9.85344  -9.85344  -9.85344
  -9.55100  -9.55100  -9.55100  -9.55100  -9.55100  -9.55100  -9.55100  -9.55100
  -9.55100  -9.55100  -9.55100  -9.55100
  -9.37891  -9.37891  -9.37891  -9.37891  -9.37891  -9.37891  -9.37891  -9.37891
  -9.37891  -9.37891  -9.37891  -9.37891
  -9.28843  -9.28843  -9.28843  -9.28843  -9.28843  -9.28843  -9.28843  -9.28843
  -9.28843  -9.28843  -9.28843  -9.28843
  -9.25070  -9.25070  -9.25070  -9.25070  -9.25070  -9.25070  -9.25070  -9.25070
  -9.25070  -9.25070  -9.25070  -9.25070
  -9.24820  -9.24820  -9.24820  -9.24820  -9.24820  -9.24820  -9.24820  -9.24820
  -9.24820  -9.24820  -9.24820  -9.24820
  -9.27005  -9.27005  -9.27005  -9.27005  -9.27005  -9.27005  -9.27005  -9.27005
  -9.27005  -9.27005  -9.27005  -9.27005
  -9.30928  -9.30928  -9.30928  -9.30928  -9.30928  -9.30928  -9.30928  -9.30928
  -9.30928  -9.30928  -9.30928  -9.30928
 --------------------/ IPRT= 1  / IGRD= 1  /IONIS   / Z1=31   / DATE= 11.01.08
 -74.00000 -74.00000 -74.00000 -74.00000 -74.00000 -74.00000 -74.00000 -74.00000
 -74.00000 -74.00000 -74.00000 -74.00000
 -74.00000 -74.00000 -74.00000 -74.00000 -74.00000 -74.00000 -74.00000 -74.00000
 -74.00000 -74.00000 -74.00000 -74.00000
 -74.00000 -74.00000 -74.00000 -74.00000 -74.00000 -74.00000 -74.00000 -74.00000
 -74.00000 -74.00000 -74.00000 -74.00000
 -74.00000 -74.00000 -74.00000 -74.00000 -74.00000 -74.00000 -74.00000 -74.00000
 -74.00000 -74.00000 -74.00000 -74.00000
 -74.00000 -74.00000 -74.00000 -74.00000 -74.00000 -74.00000 -74.00000 -74.00000
 -74.00000 -74.00000 -74.00000 -74.00000
 -41.91622 -41.91622 -41.91622 -41.91622 -41.91622 -41.91622 -41.91622 -41.91622
 -41.91622 -41.91622 -41.91622 -41.91622
 -28.02854 -28.02854 -28.02854 -28.02854 -28.02854 -28.02854 -28.02854 -28.02854
 -28.02854 -28.02854 -28.02854 -28.02854
 -20.11634 -20.11634 -20.11634 -20.11634 -20.11634 -20.11634 -20.11634 -20.11634
 -20.11634 -20.11634 -20.11634 -20.11634
 -15.57386 -15.57386 -15.57386 -15.57386 -15.57386 -15.57386 -15.57386 -15.57386
 -15.57386 -15.57386 -15.57386 -15.57386
 -12.93552 -12.93552 -12.93552 -12.93552 -12.93552 -12.93552 -12.93552 -12.93552
 -12.93552 -12.93552 -12.93552 -12.93552
 -11.38896 -11.38896 -11.38896 -11.38896 -11.38896 -11.38896 -11.38896 -11.38896
 -11.38896 -11.38896 -11.38896 -11.38896
 -10.47776 -10.47776 -10.47776 -10.47776 -10.47776 -10.47776 -10.47776 -10.47776
 -10.47776 -10.47776 -10.47776 -10.47776
  -9.94012  -9.94012  -9.94012  -9.94012  -9.94012  -9.94012  -9.94012  -9.94012
  -9.94012  -9.94012  -9.94012  -9.94012
  -9.62503  -9.62503  -9.62503  -9.62503  -9.62503  -9.62503  -9.62503  -9.62503
  -9.62503  -9.62503  -9.62503  -9.62503
  -9.44521  -9.44521  -9.44521  -9.44521  -9.44521  -9.44521  -9.44521  -9.44521
  -9.44521  -9.44521  -9.44521  -9.44521
  -9.34987  -9.34987  -9.34987  -9.34987  -9.34987  -9.34987  -9.34987  -9.34987
  -9.34987  -9.34987  -9.34987  -9.34987
  -9.30895  -9.30895  -9.30895  -9.30895  -9.30895  -9.30895  -9.30895  -9.30895
  -9.30895  -9.30895  -9.30895  -9.30895
  -9.30429  -9.30429  -9.30429  -9.30429  -9.30429  -9.30429  -9.30429  -9.30429
  -9.30429  -9.30429  -9.30429  -9.30429
  -9.32463  -9.32463  -9.32463  -9.32463  -9.32463  -9.32463  -9.32463  -9.32463
  -9.32463  -9.32463  -9.32463  -9.32463
  -9.36277  -9.36277  -9.36277  -9.36277  -9.36277  -9.36277  -9.36277  -9.36277
  -9.36277  -9.36277  -9.36277  -9.36277
 --------------------/ IPRT= 1  / IGRD= 1  /IONIS   / Z1=32   / DATE= 11.01.08
 -74.00000 -74.00000 -74.00000 -74.00000 -74.00000 -74.00000 -74.00000 -74.00000
 -74.00000 -74.00000 -74.00000 -74.00000
 -74.00000 -74.00000 -74.00000 -74.00000 -74.00000 -74.00000 -74.00000 -74.00000
 -74.00000 -74.00000 -74.00000 -74.00000
 -74.00000 -74.00000 -74.00000 -74.00000 -74.00000 -74.00000 -74.00000 -74.00000
 -74.00000 -74.00000 -74.00000 -74.00000
 -74.00000 -74.00000 -74.00000 -74.00000 -74.00000 -74.00000 -74.00000 -74.00000
 -74.00000 -74.00000 -74.00000 -74.00000
 -74.00000 -74.00000 -74.00000 -74.00000 -74.00000 -74.00000 -74.00000 -74.00000
 -74.00000 -74.00000 -74.00000 -74.00000
 -43.34471 -43.34471 -43.34471 -43.34471 -43.34471 -43.34471 -43.34471 -43.34471
 -43.34471 -43.34471 -43.34471 -43.34471
 -28.87718 -28.87718 -28.87718 -28.87718 -28.87718 -28.87718 -28.87718 -28.87718
 -28.87718 -28.87718 -28.87718 -28.87718
 -20.63540 -20.63540 -20.63540 -20.63540 -20.63540 -20.63540 -20.63540 -20.63540
 -20.63540 -20.63540 -20.63540 -20.63540
 -15.90254 -15.90254 -15.90254 -15.90254 -15.90254 -15.90254 -15.90254 -15.90254
 -15.90254 -15.90254 -15.90254 -15.90254
 -13.15256 -13.15256 -13.15256 -13.15256 -13.15256 -13.15256 -13.15256 -13.15256
 -13.15256 -13.15256 -13.15256 -13.15256
 -11.54073 -11.54073 -11.54073 -11.54073 -11.54073 -11.54073 -11.54073 -11.54073
 -11.54073 -11.54073 -11.54073 -11.54073
 -10.59153 -10.59153 -10.59153 -10.59153 -10.59153 -10.59153 -10.59153 -10.59153
 -10.59153 -10.59153 -10.59153 -10.59153
 -10.03163 -10.03163 -10.03163 -10.03163 -10.03163 -10.03163 -10.03163 -10.03163
 -10.03163 -10.03163 -10.03163 -10.03163
  -9.70326  -9.70326  -9.70326  -9.70326  -9.70326  -9.70326  -9.70326  -9.70326
  -9.70326  -9.70326  -9.70326  -9.70326
  -9.51531  -9.51531  -9.51531  -9.51531  -9.51531  -9.51531  -9.51531  -9.51531
  -9.51531  -9.51531  -9.51531  -9.51531
  -9.41483  -9.41483  -9.41483  -9.41483  -9.41483  -9.41483  -9.41483  -9.41483
  -9.41483  -9.41483  -9.41483  -9.41483
  -9.37055  -9.37055  -9.37055  -9.37055  -9.37055  -9.37055  -9.37055  -9.37055
  -9.37055  -9.37055  -9.37055  -9.37055
  -9.36362  -9.36362  -9.36362  -9.36362  -9.36362  -9.36362  -9.36362  -9.36362
  -9.36362  -9.36362  -9.36362  -9.36362
  -9.38237  -9.38237  -9.38237  -9.38237  -9.38237  -9.38237  -9.38237  -9.38237
  -9.38237  -9.38237  -9.38237  -9.38237
  -9.41936  -9.41936  -9.41936  -9.41936  -9.41936  -9.41936  -9.41936  -9.41936
  -9.41936  -9.41936  -9.41936  -9.41936
 --------------------/ IPRT= 1  / IGRD= 1  /IONIS   / Z1=33   / DATE= 11.01.08
 -74.00000 -74.00000 -74.00000 -74.00000 -74.00000 -74.00000 -74.00000 -74.00000
 -74.00000 -74.00000 -74.00000 -74.00000
 -74.00000 -74.00000 -74.00000 -74.00000 -74.00000 -74.00000 -74.00000 -74.00000
 -74.00000 -74.00000 -74.00000 -74.00000
 -74.00000 -74.00000 -74.00000 -74.00000 -74.00000 -74.00000 -74.00000 -74.00000
 -74.00000 -74.00000 -74.00000 -74.00000
 -74.00000 -74.00000 -74.00000 -74.00000 -74.00000 -74.00000 -74.00000 -74.00000
 -74.00000 -74.00000 -74.00000 -74.00000
 -74.00000 -74.00000 -74.00000 -74.00000 -74.00000 -74.00000 -74.00000 -74.00000
 -74.00000 -74.00000 -74.00000 -74.00000
 -44.78079 -44.78079 -44.78079 -44.78079 -44.78079 -44.78079 -44.78079 -44.78079
 -44.78079 -44.78079 -44.78079 -44.78079
 -29.73335 -29.73335 -29.73335 -29.73335 -29.73335 -29.73335 -29.73335 -29.73335
 -29.73335 -29.73335 -29.73335 -29.73335
 -21.16148 -21.16148 -21.16148 -21.16148 -21.16148 -21.16148 -21.16148 -21.16148
 -21.16148 -21.16148 -21.16148 -21.16148
 -16.23683 -16.23683 -16.23683 -16.23683 -16.23683 -16.23683 -16.23683 -16.23683
 -16.23683 -16.23683 -16.23683 -16.23683
 -13.37363 -13.37363 -13.37363 -13.37363 -13.37363 -13.37363 -13.37363 -13.37363
 -13.37363 -13.37363 -13.37363 -13.37363
 -11.69547 -11.69547 -11.69547 -11.69547 -11.69547 -11.69547 -11.69547 -11.69547
 -11.69547 -11.69547 -11.69547 -11.69547
 -10.70772 -10.70772 -10.70772 -10.70772 -10.70772 -10.70772 -10.70772 -10.70772
 -10.70772 -10.70772 -10.70772 -10.70772
 -10.12528 -10.12528 -10.12528 -10.12528 -10.12528 -10.12528 -10.12528 -10.12528
 -10.12528 -10.12528 -10.12528 -10.12528
  -9.78350  -9.78350  -9.78350  -9.78350  -9.78350  -9.78350  -9.78350  -9.78350
  -9.78350  -9.78350  -9.78350  -9.78350
  -9.58736  -9.58736  -9.58736  -9.58736  -9.58736  -9.58736  -9.58736  -9.58736
  -9.58736  -9.58736  -9.58736  -9.58736
  -9.48172  -9.48172  -9.48172  -9.48172  -9.48172  -9.48172  -9.48172  -9.48172
  -9.48172  -9.48172  -9.48172  -9.48172
  -9.43408  -9.43408  -9.43408  -9.43408  -9.43408  -9.43408  -9.43408  -9.43408
  -9.43408  -9.43408  -9.43408  -9.43408
  -9.42488  -9.42488  -9.42488  -9.42488  -9.42488  -9.42488  -9.42488  -9.42488
  -9.42488  -9.42488  -9.42488  -9.42488
  -9.44205  -9.44205  -9.44205  -9.44205  -9.44205  -9.44205  -9.44205  -9.44205
  -9.44205  -9.44205  -9.44205  -9.44205
  -9.47789  -9.47789  -9.47789  -9.47789  -9.47789  -9.47789  -9.47789  -9.47789
  -9.47789  -9.47789  -9.47789  -9.47789
 --------------------/ IPRT= 1  / IGRD= 1  /IONIS   / Z1=34   / DATE= 11.01.08
 -74.00000 -74.00000 -74.00000 -74.00000 -74.00000 -74.00000 -74.00000 -74.00000
 -74.00000 -74.00000 -74.00000 -74.00000
 -74.00000 -74.00000 -74.00000 -74.00000 -74.00000 -74.00000 -74.00000 -74.00000
 -74.00000 -74.00000 -74.00000 -74.00000
 -74.00000 -74.00000 -74.00000 -74.00000 -74.00000 -74.00000 -74.00000 -74.00000
 -74.00000 -74.00000 -74.00000 -74.00000
 -74.00000 -74.00000 -74.00000 -74.00000 -74.00000 -74.00000 -74.00000 -74.00000
 -74.00000 -74.00000 -74.00000 -74.00000
 -74.00000 -74.00000 -74.00000 -74.00000 -74.00000 -74.00000 -74.00000 -74.00000
 -74.00000 -74.00000 -74.00000 -74.00000
 -46.20199 -46.20199 -46.20199 -46.20199 -46.20199 -46.20199 -46.20199 -46.20199
 -46.20199 -46.20199 -46.20199 -46.20199
 -30.58565 -30.58565 -30.58565 -30.58565 -30.58565 -30.58565 -30.58565 -30.58565
 -30.58565 -30.58565 -30.58565 -30.58565
 -21.69013 -21.69013 -21.69013 -21.69013 -21.69013 -21.69013 -21.69013 -21.69013
 -21.69013 -21.69013 -21.69013 -21.69013
 -16.57684 -16.57684 -16.57684 -16.57684 -16.57684 -16.57684 -16.57684 -16.57684
 -16.57684 -16.57684 -16.57684 -16.57684
 -13.60086 -13.60086 -13.60086 -13.60086 -13.60086 -13.60086 -13.60086 -13.60086
 -13.60086 -13.60086 -13.60086 -13.60086
 -11.85568 -11.85568 -11.85568 -11.85568 -11.85568 -11.85568 -11.85568 -11.85568
 -11.85568 -11.85568 -11.85568 -11.85568
 -10.82857 -10.82857 -10.82857 -10.82857 -10.82857 -10.82857 -10.82857 -10.82857
 -10.82857 -10.82857 -10.82857 -10.82857
 -10.22300 -10.22300 -10.22300 -10.22300 -10.22300 -10.22300 -10.22300 -10.22300
 -10.22300 -10.22300 -10.22300 -10.22300
  -9.86742  -9.86742  -9.86742  -9.86742  -9.86742  -9.86742  -9.86742  -9.86742
  -9.86742  -9.86742  -9.86742  -9.86742
  -9.66285  -9.66285  -9.66285  -9.66285  -9.66285  -9.66285  -9.66285  -9.66285
  -9.66285  -9.66285  -9.66285  -9.66285
  -9.55190  -9.55190  -9.55190  -9.55190  -9.55190  -9.55190  -9.55190  -9.55190
  -9.55190  -9.55190  -9.55190  -9.55190
  -9.50081  -9.50081  -9.50081  -9.50081  -9.50081  -9.50081  -9.50081  -9.50081
  -9.50081  -9.50081  -9.50081  -9.50081
  -9.48929  -9.48929  -9.48929  -9.48929  -9.48929  -9.48929  -9.48929  -9.48929
  -9.48929  -9.48929  -9.48929  -9.48929
  -9.50483  -9.50483  -9.50483  -9.50483  -9.50483  -9.50483  -9.50483  -9.50483
  -9.50483  -9.50483  -9.50483  -9.50483
  -9.53951  -9.53951  -9.53951  -9.53951  -9.53951  -9.53951  -9.53951  -9.53951
  -9.53951  -9.53951  -9.53951  -9.53951
 --------------------/ IPRT= 1  / IGRD= 1  /IONIS   / Z1=35   / DATE= 11.01.08
 -74.00000 -74.00000 -74.00000 -74.00000 -74.00000 -74.00000 -74.00000 -74.00000
 -74.00000 -74.00000 -74.00000 -74.00000
 -74.00000 -74.00000 -74.00000 -74.00000 -74.00000 -74.00000 -74.00000 -74.00000
 -74.00000 -74.00000 -74.00000 -74.00000
 -74.00000 -74.00000 -74.00000 -74.00000 -74.00000 -74.00000 -74.00000 -74.00000
 -74.00000 -74.00000 -74.00000 -74.00000
 -74.00000 -74.00000 -74.00000 -74.00000 -74.00000 -74.00000 -74.00000 -74.00000
 -74.00000 -74.00000 -74.00000 -74.00000
 -74.00000 -74.00000 -74.00000 -74.00000 -74.00000 -74.00000 -74.00000 -74.00000
 -74.00000 -74.00000 -74.00000 -74.00000
 -48.00058 -48.00058 -48.00058 -48.00058 -48.00058 -48.00058 -48.00058 -48.00058
 -48.00058 -48.00058 -48.00058 -48.00058
 -31.66151 -31.66151 -31.66151 -31.66151 -31.66151 -31.66151 -31.66151 -31.66151
 -31.66151 -31.66151 -31.66151 -31.66151
 -22.35029 -22.35029 -22.35029 -22.35029 -22.35029 -22.35029 -22.35029 -22.35029
 -22.35029 -22.35029 -22.35029 -22.35029
 -16.98942 -16.98942 -16.98942 -16.98942 -16.98942 -16.98942 -16.98942 -16.98942
 -16.98942 -16.98942 -16.98942 -16.98942
 -13.86681 -13.86681 -13.86681 -13.86681 -13.86681 -13.86681 -13.86681 -13.86681
 -13.86681 -13.86681 -13.86681 -13.86681
 -12.03787 -12.03787 -12.03787 -12.03787 -12.03787 -12.03787 -12.03787 -12.03787
 -12.03787 -12.03787 -12.03787 -12.03787
 -10.96348 -10.96348 -10.96348 -10.96348 -10.96348 -10.96348 -10.96348 -10.96348
 -10.96348 -10.96348 -10.96348 -10.96348
 -10.33087 -10.33087 -10.33087 -10.33087 -10.33087 -10.33087 -10.33087 -10.33087
 -10.33087 -10.33087 -10.33087 -10.33087
  -9.95945  -9.95945  -9.95945  -9.95945  -9.95945  -9.95945  -9.95945  -9.95945
  -9.95945  -9.95945  -9.95945  -9.95945
  -9.74533  -9.74533  -9.74533  -9.74533  -9.74533  -9.74533  -9.74533  -9.74533
  -9.74533  -9.74533  -9.74533  -9.74533
  -9.62842  -9.62842  -9.62842  -9.62842  -9.62842  -9.62842  -9.62842  -9.62842
  -9.62842  -9.62842  -9.62842  -9.62842
  -9.57347  -9.57347  -9.57347  -9.57347  -9.57347  -9.57347  -9.57347  -9.57347
  -9.57347  -9.57347  -9.57347  -9.57347
  -9.55936  -9.55936  -9.55936  -9.55936  -9.55936  -9.55936  -9.55936  -9.55936
  -9.55936  -9.55936  -9.55936  -9.55936
  -9.57310  -9.57310  -9.57310  -9.57310  -9.57310  -9.57310  -9.57310  -9.57310
  -9.57310  -9.57310  -9.57310  -9.57310
  -9.60649  -9.60649  -9.60649  -9.60649  -9.60649  -9.60649  -9.60649  -9.60649
  -9.60649  -9.60649  -9.60649  -9.60649
 --------------------/ IPRT= 1  / IGRD= 1  /IONIS   / Z1=36   / DATE= 11.01.08
 -74.00000 -74.00000 -74.00000 -74.00000 -74.00000 -74.00000 -74.00000 -74.00000
 -74.00000 -74.00000 -74.00000 -74.00000
 -74.00000 -74.00000 -74.00000 -74.00000 -74.00000 -74.00000 -74.00000 -74.00000
 -74.00000 -74.00000 -74.00000 -74.00000
 -74.00000 -74.00000 -74.00000 -74.00000 -74.00000 -74.00000 -74.00000 -74.00000
 -74.00000 -74.00000 -74.00000 -74.00000
 -74.00000 -74.00000 -74.00000 -74.00000 -74.00000 -74.00000 -74.00000 -74.00000
 -74.00000 -74.00000 -74.00000 -74.00000
 -74.00000 -74.00000 -74.00000 -74.00000 -74.00000 -74.00000 -74.00000 -74.00000
 -74.00000 -74.00000 -74.00000 -74.00000
 -49.51652 -49.51652 -49.51652 -49.51652 -49.51652 -49.51652 -49.51652 -49.51652
 -49.51652 -49.51652 -49.51652 -49.51652
 -32.58626 -32.58626 -32.58626 -32.58626 -32.58626 -32.58626 -32.58626 -32.58626
 -32.58626 -32.58626 -32.58626 -32.58626
 -22.93484 -22.93484 -22.93484 -22.93484 -22.93484 -22.93484 -22.93484 -22.93484
 -22.93484 -22.93484 -22.93484 -22.93484
 -17.36798 -17.36798 -17.36798 -17.36798 -17.36798 -17.36798 -17.36798 -17.36798
 -17.36798 -17.36798 -17.36798 -17.36798
 -14.11873 -14.11873 -14.11873 -14.11873 -14.11873 -14.11873 -14.11873 -14.11873
 -14.11873 -14.11873 -14.11873 -14.11873
 -12.21476 -12.21476 -12.21476 -12.21476 -12.21476 -12.21476 -12.21476 -12.21476
 -12.21476 -12.21476 -12.21476 -12.21476
 -11.09689 -11.09689 -11.09689 -11.09689 -11.09689 -11.09689 -11.09689 -11.09689
 -11.09689 -11.09689 -11.09689 -11.09689
 -10.43902 -10.43902 -10.43902 -10.43902 -10.43902 -10.43902 -10.43902 -10.43902
 -10.43902 -10.43902 -10.43902 -10.43902
 -10.05269 -10.05269 -10.05269 -10.05269 -10.05269 -10.05269 -10.05269 -10.05269
 -10.05269 -10.05269 -10.05269 -10.05269
  -9.82952  -9.82952  -9.82952  -9.82952  -9.82952  -9.82952  -9.82952  -9.82952
  -9.82952  -9.82952  -9.82952  -9.82952
  -9.70696  -9.70696  -9.70696  -9.70696  -9.70696  -9.70696  -9.70696  -9.70696
  -9.70696  -9.70696  -9.70696  -9.70696
  -9.64835  -9.64835  -9.64835  -9.64835  -9.64835  -9.64835  -9.64835  -9.64835
  -9.64835  -9.64835  -9.64835  -9.64835
  -9.63179  -9.63179  -9.63179  -9.63179  -9.63179  -9.63179  -9.63179  -9.63179
  -9.63179  -9.63179  -9.63179  -9.63179
  -9.64384  -9.64384  -9.64384  -9.64384  -9.64384  -9.64384  -9.64384  -9.64384
  -9.64384  -9.64384  -9.64384  -9.64384
  -9.67602  -9.67602  -9.67602  -9.67602  -9.67602  -9.67602  -9.67602  -9.67602
  -9.67602  -9.67602  -9.67602  -9.67602
 --------------------/ IPRT= 1  / IGRD= 1  /IONIS   / Z1=37   / DATE= 11.01.08
 -74.00000 -74.00000 -74.00000 -74.00000 -74.00000 -74.00000 -74.00000 -74.00000
 -74.00000 -74.00000 -74.00000 -74.00000
 -74.00000 -74.00000 -74.00000 -74.00000 -74.00000 -74.00000 -74.00000 -74.00000
 -74.00000 -74.00000 -74.00000 -74.00000
 -74.00000 -74.00000 -74.00000 -74.00000 -74.00000 -74.00000 -74.00000 -74.00000
 -74.00000 -74.00000 -74.00000 -74.00000
 -74.00000 -74.00000 -74.00000 -74.00000 -74.00000 -74.00000 -74.00000 -74.00000
 -74.00000 -74.00000 -74.00000 -74.00000
 -74.00000 -74.00000 -74.00000 -74.00000 -74.00000 -74.00000 -74.00000 -74.00000
 -74.00000 -74.00000 -74.00000 -74.00000
 -51.08261 -51.08261 -51.08261 -51.08261 -51.08261 -51.08261 -51.08261 -51.08261
 -51.08261 -51.08261 -51.08261 -51.08261
 -33.56126 -33.56126 -33.56126 -33.56126 -33.56126 -33.56126 -33.56126 -33.56126
 -33.56126 -33.56126 -33.56126 -33.56126
 -23.56805 -23.56805 -23.56805 -23.56805 -23.56805 -23.56805 -23.56805 -23.56805
 -23.56805 -23.56805 -23.56805 -23.56805
 -17.78641 -17.78641 -17.78641 -17.78641 -17.78641 -17.78641 -17.78641 -17.78641
 -17.78641 -17.78641 -17.78641 -17.78641
 -14.39892 -14.39892 -14.39892 -14.39892 -14.39892 -14.39892 -14.39892 -14.39892
 -14.39892 -14.39892 -14.39892 -14.39892
 -12.41145 -12.41145 -12.41145 -12.41145 -12.41145 -12.41145 -12.41145 -12.41145
 -12.41145 -12.41145 -12.41145 -12.41145
 -11.24497 -11.24497 -11.24497 -11.24497 -11.24497 -11.24497 -11.24497 -11.24497
 -11.24497 -11.24497 -11.24497 -11.24497
 -10.55885 -10.55885 -10.55885 -10.55885 -10.55885 -10.55885 -10.55885 -10.55885
 -10.55885 -10.55885 -10.55885 -10.55885
 -10.15584 -10.15584 -10.15584 -10.15584 -10.15584 -10.15584 -10.15584 -10.15584
 -10.15584 -10.15584 -10.15584 -10.15584
  -9.92259  -9.92259  -9.92259  -9.92259  -9.92259  -9.92259  -9.92259  -9.92259
  -9.92259  -9.92259  -9.92259  -9.92259
  -9.79374  -9.79374  -9.79374  -9.79374  -9.79374  -9.79374  -9.79374  -9.79374
  -9.79374  -9.79374  -9.79374  -9.79374
  -9.73108  -9.73108  -9.73108  -9.73108  -9.73108  -9.73108  -9.73108  -9.73108
  -9.73108  -9.73108  -9.73108  -9.73108
  -9.71181  -9.71181  -9.71181  -9.71181  -9.71181  -9.71181  -9.71181  -9.71181
  -9.71181  -9.71181  -9.71181  -9.71181
  -9.72199  -9.72199  -9.72199  -9.72199  -9.72199  -9.72199  -9.72199  -9.72199
  -9.72199  -9.72199  -9.72199  -9.72199
  -9.75283  -9.75283  -9.75283  -9.75283  -9.75283  -9.75283  -9.75283  -9.75283
  -9.75283  -9.75283  -9.75283  -9.75283
 --------------------/ IPRT= 1  / IGRD= 1  /IONIS   / Z1=38   / DATE= 11.01.08
 -74.00000 -74.00000 -74.00000 -74.00000 -74.00000 -74.00000 -74.00000 -74.00000
 -74.00000 -74.00000 -74.00000 -74.00000
 -74.00000 -74.00000 -74.00000 -74.00000 -74.00000 -74.00000 -74.00000 -74.00000
 -74.00000 -74.00000 -74.00000 -74.00000
 -74.00000 -74.00000 -74.00000 -74.00000 -74.00000 -74.00000 -74.00000 -74.00000
 -74.00000 -74.00000 -74.00000 -74.00000
 -74.00000 -74.00000 -74.00000 -74.00000 -74.00000 -74.00000 -74.00000 -74.00000
 -74.00000 -74.00000 -74.00000 -74.00000
 -74.00000 -74.00000 -74.00000 -74.00000 -74.00000 -74.00000 -74.00000 -74.00000
 -74.00000 -74.00000 -74.00000 -74.00000
 -52.77259 -52.77259 -52.77259 -52.77259 -52.77259 -52.77259 -52.77259 -52.77259
 -52.77259 -52.77259 -52.77259 -52.77259
 -34.65855 -34.65855 -34.65855 -34.65855 -34.65855 -34.65855 -34.65855 -34.65855
 -34.65855 -34.65855 -34.65855 -34.65855
 -24.30504 -24.30504 -24.30504 -24.30504 -24.30504 -24.30504 -24.30504 -24.30504
 -24.30504 -24.30504 -24.30504 -24.30504
 -18.26643 -18.26643 -18.26643 -18.26643 -18.26643 -18.26643 -18.26643 -18.26643
 -18.26643 -18.26643 -18.26643 -18.26643
 -14.70974 -14.70974 -14.70974 -14.70974 -14.70974 -14.70974 -14.70974 -14.70974
 -14.70974 -14.70974 -14.70974 -14.70974
 -12.62515 -12.62515 -12.62515 -12.62515 -12.62515 -12.62515 -12.62515 -12.62515
 -12.62515 -12.62515 -12.62515 -12.62515
 -11.40457 -11.40457 -11.40457 -11.40457 -11.40457 -11.40457 -11.40457 -11.40457
 -11.40457 -11.40457 -11.40457 -11.40457
 -10.68786 -10.68786 -10.68786 -10.68786 -10.68786 -10.68786 -10.68786 -10.68786
 -10.68786 -10.68786 -10.68786 -10.68786
 -10.26709 -10.26709 -10.26709 -10.26709 -10.26709 -10.26709 -10.26709 -10.26709
 -10.26709 -10.26709 -10.26709 -10.26709
 -10.02321 -10.02321 -10.02321 -10.02321 -10.02321 -10.02321 -10.02321 -10.02321
 -10.02321 -10.02321 -10.02321 -10.02321
  -9.88778  -9.88778  -9.88778  -9.88778  -9.88778  -9.88778  -9.88778  -9.88778
  -9.88778  -9.88778  -9.88778  -9.88778
  -9.82090  -9.82090  -9.82090  -9.82090  -9.82090  -9.82090  -9.82090  -9.82090
  -9.82090  -9.82090  -9.82090  -9.82090
  -9.79883  -9.79883  -9.79883  -9.79883  -9.79883  -9.79883  -9.79883  -9.79883
  -9.79883  -9.79883  -9.79883  -9.79883
  -9.80707  -9.80707  -9.80707  -9.80707  -9.80707  -9.80707  -9.80707  -9.80707
  -9.80707  -9.80707  -9.80707  -9.80707
  -9.83653  -9.83653  -9.83653  -9.83653  -9.83653  -9.83653  -9.83653  -9.83653
  -9.83653  -9.83653  -9.83653  -9.83653
 --------------------/ IPRT= 1  / IGRD= 1  /IONIS   / Z1=39   / DATE= 11.01.08
 -74.00000 -74.00000 -74.00000 -74.00000 -74.00000 -74.00000 -74.00000 -74.00000
 -74.00000 -74.00000 -74.00000 -74.00000
 -74.00000 -74.00000 -74.00000 -74.00000 -74.00000 -74.00000 -74.00000 -74.00000
 -74.00000 -74.00000 -74.00000 -74.00000
 -74.00000 -74.00000 -74.00000 -74.00000 -74.00000 -74.00000 -74.00000 -74.00000
 -74.00000 -74.00000 -74.00000 -74.00000
 -74.00000 -74.00000 -74.00000 -74.00000 -74.00000 -74.00000 -74.00000 -74.00000
 -74.00000 -74.00000 -74.00000 -74.00000
 -74.00000 -74.00000 -74.00000 -74.00000 -74.00000 -74.00000 -74.00000 -74.00000
 -74.00000 -74.00000 -74.00000 -74.00000
 -74.00000 -74.00000 -74.00000 -74.00000 -74.00000 -74.00000 -74.00000 -74.00000
 -74.00000 -74.00000 -74.00000 -74.00000
 -37.20185 -37.20185 -37.20185 -37.20185 -37.20185 -37.20185 -37.20185 -37.20185
 -37.20185 -37.20185 -37.20185 -37.20185
 -25.50898 -25.50898 -25.50898 -25.50898 -25.50898 -25.50898 -25.50898 -25.50898
 -25.50898 -25.50898 -25.50898 -25.50898
 -18.83421 -18.83421 -18.83421 -18.83421 -18.83421 -18.83421 -18.83421 -18.83421
 -18.83421 -18.83421 -18.83421 -18.83421
 -14.99891 -14.99891 -14.99891 -14.99891 -14.99891 -14.99891 -14.99891 -14.99891
 -14.99891 -14.99891 -14.99891 -14.99891
 -12.77940 -12.77940 -12.77940 -12.77940 -12.77940 -12.77940 -12.77940 -12.77940
 -12.77940 -12.77940 -12.77940 -12.77940
 -11.48602 -11.48602 -11.48602 -11.48602 -11.48602 -11.48602 -11.48602 -11.48602
 -11.48602 -11.48602 -11.48602 -11.48602
 -10.72781 -10.72781 -10.72781 -10.72781 -10.72781 -10.72781 -10.72781 -10.72781
 -10.72781 -10.72781 -10.72781 -10.72781
 -10.28265 -10.28265 -10.28265 -10.28265 -10.28265 -10.28265 -10.28265 -10.28265
 -10.28265 -10.28265 -10.28265 -10.28265
 -10.02404 -10.02404 -10.02404 -10.02404 -10.02404 -10.02404 -10.02404 -10.02404
 -10.02404 -10.02404 -10.02404 -10.02404
  -9.87944  -9.87944  -9.87944  -9.87944  -9.87944  -9.87944  -9.87944  -9.87944
  -9.87944  -9.87944  -9.87944  -9.87944
  -9.80667  -9.80667  -9.80667  -9.80667  -9.80667  -9.80667  -9.80667  -9.80667
  -9.80667  -9.80667  -9.80667  -9.80667
  -9.78068  -9.78068  -9.78068  -9.78068  -9.78068  -9.78068  -9.78068  -9.78068
  -9.78068  -9.78068  -9.78068  -9.78068
  -9.78623  -9.78623  -9.78623  -9.78623  -9.78623  -9.78623  -9.78623  -9.78623
  -9.78623  -9.78623  -9.78623  -9.78623
  -9.81378  -9.81378  -9.81378  -9.81378  -9.81378  -9.81378  -9.81378  -9.81378
  -9.81378  -9.81378  -9.81378  -9.81378
 --------------------/ IPRT= 1  / IGRD= 1  /IONIS   / Z1=40   / DATE= 11.01.08
 -74.00000 -74.00000 -74.00000 -74.00000 -74.00000 -74.00000 -74.00000 -74.00000
 -74.00000 -74.00000 -74.00000 -74.00000
 -74.00000 -74.00000 -74.00000 -74.00000 -74.00000 -74.00000 -74.00000 -74.00000
 -74.00000 -74.00000 -74.00000 -74.00000
 -74.00000 -74.00000 -74.00000 -74.00000 -74.00000 -74.00000 -74.00000 -74.00000
 -74.00000 -74.00000 -74.00000 -74.00000
 -74.00000 -74.00000 -74.00000 -74.00000 -74.00000 -74.00000 -74.00000 -74.00000
 -74.00000 -74.00000 -74.00000 -74.00000
 -74.00000 -74.00000 -74.00000 -74.00000 -74.00000 -74.00000 -74.00000 -74.00000
 -74.00000 -74.00000 -74.00000 -74.00000
 -74.00000 -74.00000 -74.00000 -74.00000 -74.00000 -74.00000 -74.00000 -74.00000
 -74.00000 -74.00000 -74.00000 -74.00000
 -38.10450 -38.10450 -38.10450 -38.10450 -38.10450 -38.10450 -38.10450 -38.10450
 -38.10450 -38.10450 -38.10450 -38.10450
 -26.06421 -26.06421 -26.06421 -26.06421 -26.06421 -26.06421 -26.06421 -26.06421
 -26.06421 -26.06421 -26.06421 -26.06421
 -19.19047 -19.19047 -19.19047 -19.19047 -19.19047 -19.19047 -19.19047 -19.19047
 -19.19047 -19.19047 -19.19047 -19.19047
 -15.23973 -15.23973 -15.23973 -15.23973 -15.23973 -15.23973 -15.23973 -15.23973
 -15.23973 -15.23973 -15.23973 -15.23973
 -12.95295 -12.95295 -12.95295 -12.95295 -12.95295 -12.95295 -12.95295 -12.95295
 -12.95295 -12.95295 -12.95295 -12.95295
 -11.62042 -11.62042 -11.62042 -11.62042 -11.62042 -11.62042 -11.62042 -11.62042
 -11.62042 -11.62042 -11.62042 -11.62042
 -10.83934 -10.83934 -10.83934 -10.83934 -10.83934 -10.83934 -10.83934 -10.83934
 -10.83934 -10.83934 -10.83934 -10.83934
 -10.38064 -10.38064 -10.38064 -10.38064 -10.38064 -10.38064 -10.38064 -10.38064
 -10.38064 -10.38064 -10.38064 -10.38064
 -10.11386 -10.11386 -10.11386 -10.11386 -10.11386 -10.11386 -10.11386 -10.11386
 -10.11386 -10.11386 -10.11386 -10.11386
  -9.96419  -9.96419  -9.96419  -9.96419  -9.96419  -9.96419  -9.96419  -9.96419
  -9.96419  -9.96419  -9.96419  -9.96419
  -9.88817  -9.88817  -9.88817  -9.88817  -9.88817  -9.88817  -9.88817  -9.88817
  -9.88817  -9.88817  -9.88817  -9.88817
  -9.86003  -9.86003  -9.86003  -9.86003  -9.86003  -9.86003  -9.86003  -9.86003
  -9.86003  -9.86003  -9.86003  -9.86003
  -9.86410  -9.86410  -9.86410  -9.86410  -9.86410  -9.86410  -9.86410  -9.86410
  -9.86410  -9.86410  -9.86410  -9.86410
  -9.89060  -9.89060  -9.89060  -9.89060  -9.89060  -9.89060  -9.89060  -9.89060
  -9.89060  -9.89060  -9.89060  -9.89060
 --------------------/ IPRT= 1  / IGRD= 1  /IONIS   / Z1=41   / DATE= 11.01.08
 -74.00000 -74.00000 -74.00000 -74.00000 -74.00000 -74.00000 -74.00000 -74.00000
 -74.00000 -74.00000 -74.00000 -74.00000
 -74.00000 -74.00000 -74.00000 -74.00000 -74.00000 -74.00000 -74.00000 -74.00000
 -74.00000 -74.00000 -74.00000 -74.00000
 -74.00000 -74.00000 -74.00000 -74.00000 -74.00000 -74.00000 -74.00000 -74.00000
 -74.00000 -74.00000 -74.00000 -74.00000
 -74.00000 -74.00000 -74.00000 -74.00000 -74.00000 -74.00000 -74.00000 -74.00000
 -74.00000 -74.00000 -74.00000 -74.00000
 -74.00000 -74.00000 -74.00000 -74.00000 -74.00000 -74.00000 -74.00000 -74.00000
 -74.00000 -74.00000 -74.00000 -74.00000
 -74.00000 -74.00000 -74.00000 -74.00000 -74.00000 -74.00000 -74.00000 -74.00000
 -74.00000 -74.00000 -74.00000 -74.00000
 -39.00923 -39.00923 -39.00923 -39.00923 -39.00923 -39.00923 -39.00923 -39.00923
 -39.00923 -39.00923 -39.00923 -39.00923
 -26.62601 -26.62601 -26.62601 -26.62601 -26.62601 -26.62601 -26.62601 -26.62601
 -26.62601 -26.62601 -26.62601 -26.62601
 -19.55337 -19.55337 -19.55337 -19.55337 -19.55337 -19.55337 -19.55337 -19.55337
 -19.55337 -19.55337 -19.55337 -19.55337
 -15.48630 -15.48630 -15.48630 -15.48630 -15.48630 -15.48630 -15.48630 -15.48630
 -15.48630 -15.48630 -15.48630 -15.48630
 -13.13212 -13.13212 -13.13212 -13.13212 -13.13212 -13.13212 -13.13212 -13.13212
 -13.13212 -13.13212 -13.13212 -13.13212
 -11.76081 -11.76081 -11.76081 -11.76081 -11.76081 -11.76081 -11.76081 -11.76081
 -11.76081 -11.76081 -11.76081 -11.76081
 -10.95731 -10.95731 -10.95731 -10.95731 -10.95731 -10.95731 -10.95731 -10.95731
 -10.95731 -10.95731 -10.95731 -10.95731
 -10.48548 -10.48548 -10.48548 -10.48548 -10.48548 -10.48548 -10.48548 -10.48548
 -10.48548 -10.48548 -10.48548 -10.48548
 -10.21081 -10.21081 -10.21081 -10.21081 -10.21081 -10.21081 -10.21081 -10.21081
 -10.21081 -10.21081 -10.21081 -10.21081
 -10.05627 -10.05627 -10.05627 -10.05627 -10.05627 -10.05627 -10.05627 -10.05627
 -10.05627 -10.05627 -10.05627 -10.05627
  -9.97713  -9.97713  -9.97713  -9.97713  -9.97713  -9.97713  -9.97713  -9.97713
  -9.97713  -9.97713  -9.97713  -9.97713
  -9.94694  -9.94694  -9.94694  -9.94694  -9.94694  -9.94694  -9.94694  -9.94694
  -9.94694  -9.94694  -9.94694  -9.94694
  -9.94960  -9.94960  -9.94960  -9.94960  -9.94960  -9.94960  -9.94960  -9.94960
  -9.94960  -9.94960  -9.94960  -9.94960
  -9.97511  -9.97511  -9.97511  -9.97511  -9.97511  -9.97511  -9.97511  -9.97511
  -9.97511  -9.97511  -9.97511  -9.97511
 --------------------/ IPRT= 1  / IGRD= 1  /IONIS   / Z1=42   / DATE= 11.01.08
 -74.00000 -74.00000 -74.00000 -74.00000 -74.00000 -74.00000 -74.00000 -74.00000
 -74.00000 -74.00000 -74.00000 -74.00000
 -74.00000 -74.00000 -74.00000 -74.00000 -74.00000 -74.00000 -74.00000 -74.00000
 -74.00000 -74.00000 -74.00000 -74.00000
 -74.00000 -74.00000 -74.00000 -74.00000 -74.00000 -74.00000 -74.00000 -74.00000
 -74.00000 -74.00000 -74.00000 -74.00000
 -74.00000 -74.00000 -74.00000 -74.00000 -74.00000 -74.00000 -74.00000 -74.00000
 -74.00000 -74.00000 -74.00000 -74.00000
 -74.00000 -74.00000 -74.00000 -74.00000 -74.00000 -74.00000 -74.00000 -74.00000
 -74.00000 -74.00000 -74.00000 -74.00000
 -74.00000 -74.00000 -74.00000 -74.00000 -74.00000 -74.00000 -74.00000 -74.00000
 -74.00000 -74.00000 -74.00000 -74.00000
 -39.95620 -39.95620 -39.95620 -39.95620 -39.95620 -39.95620 -39.95620 -39.95620
 -39.95620 -39.95620 -39.95620 -39.95620
 -27.22465 -27.22465 -27.22465 -27.22465 -27.22465 -27.22465 -27.22465 -27.22465
 -27.22465 -27.22465 -27.22465 -27.22465
 -19.94962 -19.94962 -19.94962 -19.94962 -19.94962 -19.94962 -19.94962 -19.94962
 -19.94962 -19.94962 -19.94962 -19.94962
 -15.76198 -15.76198 -15.76198 -15.76198 -15.76198 -15.76198 -15.76198 -15.76198
 -15.76198 -15.76198 -15.76198 -15.76198
 -13.33593 -13.33593 -13.33593 -13.33593 -13.33593 -13.33593 -13.33593 -13.33593
 -13.33593 -13.33593 -13.33593 -13.33593
 -11.92223 -11.92223 -11.92223 -11.92223 -11.92223 -11.92223 -11.92223 -11.92223
 -11.92223 -11.92223 -11.92223 -11.92223
 -11.09383 -11.09383 -11.09383 -11.09383 -11.09383 -11.09383 -11.09383 -11.09383
 -11.09383 -11.09383 -11.09383 -11.09383
 -10.60724 -10.60724 -10.60724 -10.60724 -10.60724 -10.60724 -10.60724 -10.60724
 -10.60724 -10.60724 -10.60724 -10.60724
 -10.32367 -10.32367 -10.32367 -10.32367 -10.32367 -10.32367 -10.32367 -10.32367
 -10.32367 -10.32367 -10.32367 -10.32367
 -10.16361 -10.16361 -10.16361 -10.16361 -10.16361 -10.16361 -10.16361 -10.16361
 -10.16361 -10.16361 -10.16361 -10.16361
 -10.08096 -10.08096 -10.08096 -10.08096 -10.08096 -10.08096 -10.08096 -10.08096
 -10.08096 -10.08096 -10.08096 -10.08096
 -10.04843 -10.04843 -10.04843 -10.04843 -10.04843 -10.04843 -10.04843 -10.04843
 -10.04843 -10.04843 -10.04843 -10.04843
 -10.04951 -10.04951 -10.04951 -10.04951 -10.04951 -10.04951 -10.04951 -10.04951
 -10.04951 -10.04951 -10.04951 -10.04951
 -10.07389 -10.07389 -10.07389 -10.07389 -10.07389 -10.07389 -10.07389 -10.07389
 -10.07389 -10.07389 -10.07389 -10.07389
 --------------------/ IPRT= 1  / IGRD= 1  /IONIS   / Z1=43   / DATE= 11.01.08
 -74.00000 -74.00000 -74.00000 -74.00000 -74.00000 -74.00000 -74.00000 -74.00000
 -74.00000 -74.00000 -74.00000 -74.00000
 -74.00000 -74.00000 -74.00000 -74.00000 -74.00000 -74.00000 -74.00000 -74.00000
 -74.00000 -74.00000 -74.00000 -74.00000
 -74.00000 -74.00000 -74.00000 -74.00000 -74.00000 -74.00000 -74.00000 -74.00000
 -74.00000 -74.00000 -74.00000 -74.00000
 -74.00000 -74.00000 -74.00000 -74.00000 -74.00000 -74.00000 -74.00000 -74.00000
 -74.00000 -74.00000 -74.00000 -74.00000
 -74.00000 -74.00000 -74.00000 -74.00000 -74.00000 -74.00000 -74.00000 -74.00000
 -74.00000 -74.00000 -74.00000 -74.00000
 -74.00000 -74.00000 -74.00000 -74.00000 -74.00000 -74.00000 -74.00000 -74.00000
 -74.00000 -74.00000 -74.00000 -74.00000
 -41.96781 -41.96781 -41.96781 -41.96781 -41.96781 -41.96781 -41.96781 -41.96781
 -41.96781 -41.96781 -41.96781 -41.96781
 -28.42369 -28.42369 -28.42369 -28.42369 -28.42369 -28.42369 -28.42369 -28.42369
 -28.42369 -28.42369 -28.42369 -28.42369
 -20.67257 -20.67257 -20.67257 -20.67257 -20.67257 -20.67257 -20.67257 -20.67257
 -20.67257 -20.67257 -20.67257 -20.67257
 -16.21841 -16.21841 -16.21841 -16.21841 -16.21841 -16.21841 -16.21841 -16.21841
 -16.21841 -16.21841 -16.21841 -16.21841
 -13.64784 -13.64784 -13.64784 -13.64784 -13.64784 -13.64784 -13.64784 -13.64784
 -13.64784 -13.64784 -13.64784 -13.64784
 -12.15552 -12.15552 -12.15552 -12.15552 -12.15552 -12.15552 -12.15552 -12.15552
 -12.15552 -12.15552 -12.15552 -12.15552
 -11.28340 -11.28340 -11.28340 -11.28340 -11.28340 -11.28340 -11.28340 -11.28340
 -11.28340 -11.28340 -11.28340 -11.28340
 -10.77181 -10.77181 -10.77181 -10.77181 -10.77181 -10.77181 -10.77181 -10.77181
 -10.77181 -10.77181 -10.77181 -10.77181
 -10.47350 -10.47350 -10.47350 -10.47350 -10.47350 -10.47350 -10.47350 -10.47350
 -10.47350 -10.47350 -10.47350 -10.47350
 -10.30444 -10.30444 -10.30444 -10.30444 -10.30444 -10.30444 -10.30444 -10.30444
 -10.30444 -10.30444 -10.30444 -10.30444
 -10.21609 -10.21609 -10.21609 -10.21609 -10.21609 -10.21609 -10.21609 -10.21609
 -10.21609 -10.21609 -10.21609 -10.21609
 -10.17983 -10.17983 -10.17983 -10.17983 -10.17983 -10.17983 -10.17983 -10.17983
 -10.17983 -10.17983 -10.17983 -10.17983
 -10.17836 -10.17836 -10.17836 -10.17836 -10.17836 -10.17836 -10.17836 -10.17836
 -10.17836 -10.17836 -10.17836 -10.17836
 -10.20096 -10.20096 -10.20096 -10.20096 -10.20096 -10.20096 -10.20096 -10.20096
 -10.20096 -10.20096 -10.20096 -10.20096
 --------------------/ IPRT= 1  / IGRD= 1  /IONIS   / Z1=44   / DATE= 11.01.08
 -74.00000 -74.00000 -74.00000 -74.00000 -74.00000 -74.00000 -74.00000 -74.00000
 -74.00000 -74.00000 -74.00000 -74.00000
 -74.00000 -74.00000 -74.00000 -74.00000 -74.00000 -74.00000 -74.00000 -74.00000
 -74.00000 -74.00000 -74.00000 -74.00000
 -74.00000 -74.00000 -74.00000 -74.00000 -74.00000 -74.00000 -74.00000 -74.00000
 -74.00000 -74.00000 -74.00000 -74.00000
 -74.00000 -74.00000 -74.00000 -74.00000 -74.00000 -74.00000 -74.00000 -74.00000
 -74.00000 -74.00000 -74.00000 -74.00000
 -74.00000 -74.00000 -74.00000 -74.00000 -74.00000 -74.00000 -74.00000 -74.00000
 -74.00000 -74.00000 -74.00000 -74.00000
 -74.00000 -74.00000 -74.00000 -74.00000 -74.00000 -74.00000 -74.00000 -74.00000
 -74.00000 -74.00000 -74.00000 -74.00000
 -43.13210 -43.13210 -43.13210 -43.13210 -43.13210 -43.13210 -43.13210 -43.13210
 -43.13210 -43.13210 -43.13210 -43.13210
 -29.17783 -29.17783 -29.17783 -29.17783 -29.17783 -29.17783 -29.17783 -29.17783
 -29.17783 -29.17783 -29.17783 -29.17783
 -21.17251 -21.17251 -21.17251 -21.17251 -21.17251 -21.17251 -21.17251 -21.17251
 -21.17251 -21.17251 -21.17251 -21.17251
 -16.56810 -16.56810 -16.56810 -16.56810 -16.56810 -16.56810 -16.56810 -16.56810
 -16.56810 -16.56810 -16.56810 -16.56810
 -13.91143 -13.91143 -13.91143 -13.91143 -13.91143 -13.91143 -13.91143 -13.91143
 -13.91143 -13.91143 -13.91143 -13.91143
 -12.37005 -12.37005 -12.37005 -12.37005 -12.37005 -12.37005 -12.37005 -12.37005
 -12.37005 -12.37005 -12.37005 -12.37005
 -11.46976 -11.46976 -11.46976 -11.46976 -11.46976 -11.46976 -11.46976 -11.46976
 -11.46976 -11.46976 -11.46976 -11.46976
 -10.94174 -10.94174 -10.94174 -10.94174 -10.94174 -10.94174 -10.94174 -10.94174
 -10.94174 -10.94174 -10.94174 -10.94174
 -10.63361 -10.63361 -10.63361 -10.63361 -10.63361 -10.63361 -10.63361 -10.63361
 -10.63361 -10.63361 -10.63361 -10.63361
 -10.45853 -10.45853 -10.45853 -10.45853 -10.45853 -10.45853 -10.45853 -10.45853
 -10.45853 -10.45853 -10.45853 -10.45853
 -10.36637 -10.36637 -10.36637 -10.36637 -10.36637 -10.36637 -10.36637 -10.36637
 -10.36637 -10.36637 -10.36637 -10.36637
 -10.32760 -10.32760 -10.32760 -10.32760 -10.32760 -10.32760 -10.32760 -10.32760
 -10.32760 -10.32760 -10.32760 -10.32760
 -10.32444 -10.32444 -10.32444 -10.32444 -10.32444 -10.32444 -10.32444 -10.32444
 -10.32444 -10.32444 -10.32444 -10.32444
 -10.34583 -10.34583 -10.34583 -10.34583 -10.34583 -10.34583 -10.34583 -10.34583
 -10.34583 -10.34583 -10.34583 -10.34583
 --------------------/ IPRT= 1  / IGRD= 1  /IONIS   / Z1=45   / DATE= 11.01.08
 -74.00000 -74.00000 -74.00000 -74.00000 -74.00000 -74.00000 -74.00000 -74.00000
 -74.00000 -74.00000 -74.00000 -74.00000
 -74.00000 -74.00000 -74.00000 -74.00000 -74.00000 -74.00000 -74.00000 -74.00000
 -74.00000 -74.00000 -74.00000 -74.00000
 -74.00000 -74.00000 -74.00000 -74.00000 -74.00000 -74.00000 -74.00000 -74.00000
 -74.00000 -74.00000 -74.00000 -74.00000
 -74.00000 -74.00000 -74.00000 -74.00000 -74.00000 -74.00000 -74.00000 -74.00000
 -74.00000 -74.00000 -74.00000 -74.00000
 -74.00000 -74.00000 -74.00000 -74.00000 -74.00000 -74.00000 -74.00000 -74.00000
 -74.00000 -74.00000 -74.00000 -74.00000
 -74.00000 -74.00000 -74.00000 -74.00000 -74.00000 -74.00000 -74.00000 -74.00000
 -74.00000 -74.00000 -74.00000 -74.00000
 -45.24334 -45.24334 -45.24334 -45.24334 -45.24334 -45.24334 -45.24334 -45.24334
 -45.24334 -45.24334 -45.24334 -45.24334
 -30.35982 -30.35982 -30.35982 -30.35982 -30.35982 -30.35982 -30.35982 -30.35982
 -30.35982 -30.35982 -30.35982 -30.35982
 -21.88921 -21.88921 -21.88921 -21.88921 -21.88921 -21.88921 -21.88921 -21.88921
 -21.88921 -21.88921 -21.88921 -21.88921
 -17.05014 -17.05014 -17.05014 -17.05014 -17.05014 -17.05014 -17.05014 -17.05014
 -17.05014 -17.05014 -17.05014 -17.05014
 -14.26684 -14.26684 -14.26684 -14.26684 -14.26684 -14.26684 -14.26684 -14.26684
 -14.26684 -14.26684 -14.26684 -14.26684
 -12.62467 -12.62467 -12.62467 -12.62467 -12.62467 -12.62467 -12.62467 -12.62467
 -12.62467 -12.62467 -12.62467 -12.62467
 -11.59447 -11.59447 -11.59447 -11.59447 -11.59447 -11.59447 -11.59447 -11.59447
 -11.59447 -11.59447 -11.59447 -11.59447
 -10.92852 -10.92852 -10.92852 -10.92852 -10.92852 -10.92852 -10.92852 -10.92852
 -10.92852 -10.92852 -10.92852 -10.92852
 -10.50931 -10.50931 -10.50931 -10.50931 -10.50931 -10.50931 -10.50931 -10.50931
 -10.50931 -10.50931 -10.50931 -10.50931
 -10.25590 -10.25590 -10.25590 -10.25590 -10.25590 -10.25590 -10.25590 -10.25590
 -10.25590 -10.25590 -10.25590 -10.25590
 -10.11084 -10.11084 -10.11084 -10.11084 -10.11084 -10.11084 -10.11084 -10.11084
 -10.11084 -10.11084 -10.11084 -10.11084
 -10.03640 -10.03640 -10.03640 -10.03640 -10.03640 -10.03640 -10.03640 -10.03640
 -10.03640 -10.03640 -10.03640 -10.03640
 -10.00878 -10.00878 -10.00878 -10.00878 -10.00878 -10.00878 -10.00878 -10.00878
 -10.00878 -10.00878 -10.00878 -10.00878
 -10.01300 -10.01300 -10.01300 -10.01300 -10.01300 -10.01300 -10.01300 -10.01300
 -10.01300 -10.01300 -10.01300 -10.01300
 --------------------/ IPRT= 1  / IGRD= 1  /IONIS   / Z1=46   / DATE= 11.01.08
 -74.00000 -74.00000 -74.00000 -74.00000 -74.00000 -74.00000 -74.00000 -74.00000
 -74.00000 -74.00000 -74.00000 -74.00000
 -74.00000 -74.00000 -74.00000 -74.00000 -74.00000 -74.00000 -74.00000 -74.00000
 -74.00000 -74.00000 -74.00000 -74.00000
 -74.00000 -74.00000 -74.00000 -74.00000 -74.00000 -74.00000 -74.00000 -74.00000
 -74.00000 -74.00000 -74.00000 -74.00000
 -74.00000 -74.00000 -74.00000 -74.00000 -74.00000 -74.00000 -74.00000 -74.00000
 -74.00000 -74.00000 -74.00000 -74.00000
 -74.00000 -74.00000 -74.00000 -74.00000 -74.00000 -74.00000 -74.00000 -74.00000
 -74.00000 -74.00000 -74.00000 -74.00000
 -74.00000 -74.00000 -74.00000 -74.00000 -74.00000 -74.00000 -74.00000 -74.00000
 -74.00000 -74.00000 -74.00000 -74.00000
 -46.43552 -46.43552 -46.43552 -46.43552 -46.43552 -46.43552 -46.43552 -46.43552
 -46.43552 -46.43552 -46.43552 -46.43552
 -31.17446 -31.17446 -31.17446 -31.17446 -31.17446 -31.17446 -31.17446 -31.17446
 -31.17446 -31.17446 -31.17446 -31.17446
 -22.49012 -22.49012 -22.49012 -22.49012 -22.49012 -22.49012 -22.49012 -22.49012
 -22.49012 -22.49012 -22.49012 -22.49012
 -17.52991 -17.52991 -17.52991 -17.52991 -17.52991 -17.52991 -17.52991 -17.52991
 -17.52991 -17.52991 -17.52991 -17.52991
 -14.67479 -14.67479 -14.67479 -14.67479 -14.67479 -14.67479 -14.67479 -14.67479
 -14.67479 -14.67479 -14.67479 -14.67479
 -12.96470 -12.96470 -12.96470 -12.96470 -12.96470 -12.96470 -12.96470 -12.96470
 -12.96470 -12.96470 -12.96470 -12.96470
 -11.84769 -11.84769 -11.84769 -11.84769 -11.84769 -11.84769 -11.84769 -11.84769
 -11.84769 -11.84769 -11.84769 -11.84769
 -11.11110 -11.11110 -11.11110 -11.11110 -11.11110 -11.11110 -11.11110 -11.11110
 -11.11110 -11.11110 -11.11110 -11.11110
 -10.64906 -10.64906 -10.64906 -10.64906 -10.64906 -10.64906 -10.64906 -10.64906
 -10.64906 -10.64906 -10.64906 -10.64906
 -10.37117 -10.37117 -10.37117 -10.37117 -10.37117 -10.37117 -10.37117 -10.37117
 -10.37117 -10.37117 -10.37117 -10.37117
 -10.21172 -10.21172 -10.21172 -10.21172 -10.21172 -10.21172 -10.21172 -10.21172
 -10.21172 -10.21172 -10.21172 -10.21172
 -10.12845 -10.12845 -10.12845 -10.12845 -10.12845 -10.12845 -10.12845 -10.12845
 -10.12845 -10.12845 -10.12845 -10.12845
 -10.09514 -10.09514 -10.09514 -10.09514 -10.09514 -10.09514 -10.09514 -10.09514
 -10.09514 -10.09514 -10.09514 -10.09514
 -10.09553 -10.09553 -10.09553 -10.09553 -10.09553 -10.09553 -10.09553 -10.09553
 -10.09553 -10.09553 -10.09553 -10.09553
 --------------------/ IPRT= 1  / IGRD= 1  /IONIS   / Z1=47   / DATE= 11.01.08
 -74.00000 -74.00000 -74.00000 -74.00000 -74.00000 -74.00000 -74.00000 -74.00000
 -74.00000 -74.00000 -74.00000 -74.00000
 -74.00000 -74.00000 -74.00000 -74.00000 -74.00000 -74.00000 -74.00000 -74.00000
 -74.00000 -74.00000 -74.00000 -74.00000
 -74.00000 -74.00000 -74.00000 -74.00000 -74.00000 -74.00000 -74.00000 -74.00000
 -74.00000 -74.00000 -74.00000 -74.00000
 -74.00000 -74.00000 -74.00000 -74.00000 -74.00000 -74.00000 -74.00000 -74.00000
 -74.00000 -74.00000 -74.00000 -74.00000
 -74.00000 -74.00000 -74.00000 -74.00000 -74.00000 -74.00000 -74.00000 -74.00000
 -74.00000 -74.00000 -74.00000 -74.00000
 -74.00000 -74.00000 -74.00000 -74.00000 -74.00000 -74.00000 -74.00000 -74.00000
 -74.00000 -74.00000 -74.00000 -74.00000
 -74.00000 -74.00000 -74.00000 -74.00000 -74.00000 -74.00000 -74.00000 -74.00000
 -74.00000 -74.00000 -74.00000 -74.00000
 -40.91693 -40.91693 -40.91693 -40.91693 -40.91693 -40.91693 -40.91693 -40.91693
 -40.91693 -40.91693 -40.91693 -40.91693
 -27.72433 -27.72433 -27.72433 -27.72433 -27.72433 -27.72433 -27.72433 -27.72433
 -27.72433 -27.72433 -27.72433 -27.72433
 -20.21044 -20.21044 -20.21044 -20.21044 -20.21044 -20.21044 -20.21044 -20.21044
 -20.21044 -20.21044 -20.21044 -20.21044
 -15.90761 -15.90761 -15.90761 -15.90761 -15.90761 -15.90761 -15.90761 -15.90761
 -15.90761 -15.90761 -15.90761 -15.90761
 -13.41586 -13.41586 -13.41586 -13.41586 -13.41586 -13.41586 -13.41586 -13.41586
 -13.41586 -13.41586 -13.41586 -13.41586
 -11.95277 -11.95277 -11.95277 -11.95277 -11.95277 -11.95277 -11.95277 -11.95277
 -11.95277 -11.95277 -11.95277 -11.95277
 -11.08614 -11.08614 -11.08614 -11.08614 -11.08614 -11.08614 -11.08614 -11.08614
 -11.08614 -11.08614 -11.08614 -11.08614
 -10.57219 -10.57219 -10.57219 -10.57219 -10.57219 -10.57219 -10.57219 -10.57219
 -10.57219 -10.57219 -10.57219 -10.57219
 -10.27013 -10.27013 -10.27013 -10.27013 -10.27013 -10.27013 -10.27013 -10.27013
 -10.27013 -10.27013 -10.27013 -10.27013
 -10.09784 -10.09784 -10.09784 -10.09784 -10.09784 -10.09784 -10.09784 -10.09784
 -10.09784 -10.09784 -10.09784 -10.09784
 -10.00708 -10.00708 -10.00708 -10.00708 -10.00708 -10.00708 -10.00708 -10.00708
 -10.00708 -10.00708 -10.00708 -10.00708
  -9.96908  -9.96908  -9.96908  -9.96908  -9.96908  -9.96908  -9.96908  -9.96908
  -9.96908  -9.96908  -9.96908  -9.96908
  -9.96637  -9.96637  -9.96637  -9.96637  -9.96637  -9.96637  -9.96637  -9.96637
  -9.96637  -9.96637  -9.96637  -9.96637
 --------------------/ IPRT= 1  / IGRD= 1  /IONIS   / Z1=48   / DATE= 11.01.08
 -74.00000 -74.00000 -74.00000 -74.00000 -74.00000 -74.00000 -74.00000 -74.00000
 -74.00000 -74.00000 -74.00000 -74.00000
 -74.00000 -74.00000 -74.00000 -74.00000 -74.00000 -74.00000 -74.00000 -74.00000
 -74.00000 -74.00000 -74.00000 -74.00000
 -74.00000 -74.00000 -74.00000 -74.00000 -74.00000 -74.00000 -74.00000 -74.00000
 -74.00000 -74.00000 -74.00000 -74.00000
 -74.00000 -74.00000 -74.00000 -74.00000 -74.00000 -74.00000 -74.00000 -74.00000
 -74.00000 -74.00000 -74.00000 -74.00000
 -74.00000 -74.00000 -74.00000 -74.00000 -74.00000 -74.00000 -74.00000 -74.00000
 -74.00000 -74.00000 -74.00000 -74.00000
 -74.00000 -74.00000 -74.00000 -74.00000 -74.00000 -74.00000 -74.00000 -74.00000
 -74.00000 -74.00000 -74.00000 -74.00000
 -74.00000 -74.00000 -74.00000 -74.00000 -74.00000 -74.00000 -74.00000 -74.00000
 -74.00000 -74.00000 -74.00000 -74.00000
 -42.18970 -42.18970 -42.18970 -42.18970 -42.18970 -42.18970 -42.18970 -42.18970
 -42.18970 -42.18970 -42.18970 -42.18970
 -28.47876 -28.47876 -28.47876 -28.47876 -28.47876 -28.47876 -28.47876 -28.47876
 -28.47876 -28.47876 -28.47876 -28.47876
 -20.67109 -20.67109 -20.67109 -20.67109 -20.67109 -20.67109 -20.67109 -20.67109
 -20.67109 -20.67109 -20.67109 -20.67109
 -16.19988 -16.19988 -16.19988 -16.19988 -16.19988 -16.19988 -16.19988 -16.19988
 -16.19988 -16.19988 -16.19988 -16.19988
 -13.60933 -13.60933 -13.60933 -13.60933 -13.60933 -13.60933 -13.60933 -13.60933
 -13.60933 -13.60933 -13.60933 -13.60933
 -12.08790 -12.08790 -12.08790 -12.08790 -12.08790 -12.08790 -12.08790 -12.08790
 -12.08790 -12.08790 -12.08790 -12.08790
 -11.18716 -11.18716 -11.18716 -11.18716 -11.18716 -11.18716 -11.18716 -11.18716
 -11.18716 -11.18716 -11.18716 -11.18716
 -10.65326 -10.65326 -10.65326 -10.65326 -10.65326 -10.65326 -10.65326 -10.65326
 -10.65326 -10.65326 -10.65326 -10.65326
 -10.33935 -10.33935 -10.33935 -10.33935 -10.33935 -10.33935 -10.33935 -10.33935
 -10.33935 -10.33935 -10.33935 -10.33935
 -10.15982 -10.15982 -10.15982 -10.15982 -10.15982 -10.15982 -10.15982 -10.15982
 -10.15982 -10.15982 -10.15982 -10.15982
 -10.06449 -10.06449 -10.06449 -10.06449 -10.06449 -10.06449 -10.06449 -10.06449
 -10.06449 -10.06449 -10.06449 -10.06449
 -10.02350 -10.02350 -10.02350 -10.02350 -10.02350 -10.02350 -10.02350 -10.02350
 -10.02350 -10.02350 -10.02350 -10.02350
 -10.01878 -10.01878 -10.01878 -10.01878 -10.01878 -10.01878 -10.01878 -10.01878
 -10.01878 -10.01878 -10.01878 -10.01878
 --------------------/ IPRT= 1  / IGRD= 1  /IONIS   / Z1=49   / DATE= 11.01.08
 -74.00000 -74.00000 -74.00000 -74.00000 -74.00000 -74.00000 -74.00000 -74.00000
 -74.00000 -74.00000 -74.00000 -74.00000
 -74.00000 -74.00000 -74.00000 -74.00000 -74.00000 -74.00000 -74.00000 -74.00000
 -74.00000 -74.00000 -74.00000 -74.00000
 -74.00000 -74.00000 -74.00000 -74.00000 -74.00000 -74.00000 -74.00000 -74.00000
 -74.00000 -74.00000 -74.00000 -74.00000
 -74.00000 -74.00000 -74.00000 -74.00000 -74.00000 -74.00000 -74.00000 -74.00000
 -74.00000 -74.00000 -74.00000 -74.00000
 -74.00000 -74.00000 -74.00000 -74.00000 -74.00000 -74.00000 -74.00000 -74.00000
 -74.00000 -74.00000 -74.00000 -74.00000
 -74.00000 -74.00000 -74.00000 -74.00000 -74.00000 -74.00000 -74.00000 -74.00000
 -74.00000 -74.00000 -74.00000 -74.00000
 -74.00000 -74.00000 -74.00000 -74.00000 -74.00000 -74.00000 -74.00000 -74.00000
 -74.00000 -74.00000 -74.00000 -74.00000
 -43.45835 -43.45835 -43.45835 -43.45835 -43.45835 -43.45835 -43.45835 -43.45835
 -43.45835 -43.45835 -43.45835 -43.45835
 -29.23257 -29.23257 -29.23257 -29.23257 -29.23257 -29.23257 -29.23257 -29.23257
 -29.23257 -29.23257 -29.23257 -29.23257
 -21.13285 -21.13285 -21.13285 -21.13285 -21.13285 -21.13285 -21.13285 -21.13285
 -21.13285 -21.13285 -21.13285 -21.13285
 -16.49321 -16.49321 -16.49321 -16.49321 -16.49321 -16.49321 -16.49321 -16.49321
 -16.49321 -16.49321 -16.49321 -16.49321
 -13.80294 -13.80294 -13.80294 -13.80294 -13.80294 -13.80294 -13.80294 -13.80294
 -13.80294 -13.80294 -13.80294 -13.80294
 -12.22267 -12.22267 -12.22267 -12.22267 -12.22267 -12.22267 -12.22267 -12.22267
 -12.22267 -12.22267 -12.22267 -12.22267
 -11.28783 -11.28783 -11.28783 -11.28783 -11.28783 -11.28783 -11.28783 -11.28783
 -11.28783 -11.28783 -11.28783 -11.28783
 -10.73418 -10.73418 -10.73418 -10.73418 -10.73418 -10.73418 -10.73418 -10.73418
 -10.73418 -10.73418 -10.73418 -10.73418
 -10.40862 -10.40862 -10.40862 -10.40862 -10.40862 -10.40862 -10.40862 -10.40862
 -10.40862 -10.40862 -10.40862 -10.40862
 -10.22203 -10.22203 -10.22203 -10.22203 -10.22203 -10.22203 -10.22203 -10.22203
 -10.22203 -10.22203 -10.22203 -10.22203
 -10.12226 -10.12226 -10.12226 -10.12226 -10.12226 -10.12226 -10.12226 -10.12226
 -10.12226 -10.12226 -10.12226 -10.12226
 -10.07839 -10.07839 -10.07839 -10.07839 -10.07839 -10.07839 -10.07839 -10.07839
 -10.07839 -10.07839 -10.07839 -10.07839
 -10.07171 -10.07171 -10.07171 -10.07171 -10.07171 -10.07171 -10.07171 -10.07171
 -10.07171 -10.07171 -10.07171 -10.07171
 --------------------/ IPRT= 1  / IGRD= 1  /IONIS   / Z1=50   / DATE= 11.01.08
 -74.00000 -74.00000 -74.00000 -74.00000 -74.00000 -74.00000 -74.00000 -74.00000
 -74.00000 -74.00000 -74.00000 -74.00000
 -74.00000 -74.00000 -74.00000 -74.00000 -74.00000 -74.00000 -74.00000 -74.00000
 -74.00000 -74.00000 -74.00000 -74.00000
 -74.00000 -74.00000 -74.00000 -74.00000 -74.00000 -74.00000 -74.00000 -74.00000
 -74.00000 -74.00000 -74.00000 -74.00000
 -74.00000 -74.00000 -74.00000 -74.00000 -74.00000 -74.00000 -74.00000 -74.00000
 -74.00000 -74.00000 -74.00000 -74.00000
 -74.00000 -74.00000 -74.00000 -74.00000 -74.00000 -74.00000 -74.00000 -74.00000
 -74.00000 -74.00000 -74.00000 -74.00000
 -74.00000 -74.00000 -74.00000 -74.00000 -74.00000 -74.00000 -74.00000 -74.00000
 -74.00000 -74.00000 -74.00000 -74.00000
 -74.00000 -74.00000 -74.00000 -74.00000 -74.00000 -74.00000 -74.00000 -74.00000
 -74.00000 -74.00000 -74.00000 -74.00000
 -44.74097 -44.74097 -44.74097 -44.74097 -44.74097 -44.74097 -44.74097 -44.74097
 -44.74097 -44.74097 -44.74097 -44.74097
 -29.99685 -29.99685 -29.99685 -29.99685 -29.99685 -29.99685 -29.99685 -29.99685
 -29.99685 -29.99685 -29.99685 -29.99685
 -21.60313 -21.60313 -21.60313 -21.60313 -21.60313 -21.60313 -21.60313 -21.60313
 -21.60313 -21.60313 -21.60313 -21.60313
 -16.79413 -16.79413 -16.79413 -16.79413 -16.79413 -16.79413 -16.79413 -16.79413
 -16.79413 -16.79413 -16.79413 -16.79413
 -14.00357 -14.00357 -14.00357 -14.00357 -14.00357 -14.00357 -14.00357 -14.00357
 -14.00357 -14.00357 -14.00357 -14.00357
 -12.36370 -12.36370 -12.36370 -12.36370 -12.36370 -12.36370 -12.36370 -12.36370
 -12.36370 -12.36370 -12.36370 -12.36370
 -11.39389 -11.39389 -11.39389 -11.39389 -11.39389 -11.39389 -11.39389 -11.39389
 -11.39389 -11.39389 -11.39389 -11.39389
 -10.81975 -10.81975 -10.81975 -10.81975 -10.81975 -10.81975 -10.81975 -10.81975
 -10.81975 -10.81975 -10.81975 -10.81975
 -10.48200 -10.48200 -10.48200 -10.48200 -10.48200 -10.48200 -10.48200 -10.48200
 -10.48200 -10.48200 -10.48200 -10.48200
 -10.28797 -10.28797 -10.28797 -10.28797 -10.28797 -10.28797 -10.28797 -10.28797
 -10.28797 -10.28797 -10.28797 -10.28797
 -10.18352 -10.18352 -10.18352 -10.18352 -10.18352 -10.18352 -10.18352 -10.18352
 -10.18352 -10.18352 -10.18352 -10.18352
 -10.13660 -10.13660 -10.13660 -10.13660 -10.13660 -10.13660 -10.13660 -10.13660
 -10.13660 -10.13660 -10.13660 -10.13660
 -10.12786 -10.12786 -10.12786 -10.12786 -10.12786 -10.12786 -10.12786 -10.12786
 -10.12786 -10.12786 -10.12786 -10.12786
 --------------------/ IPRT= 1  / IGRD= 1  /IONIS   / Z1=51   / DATE= 11.01.08
 -74.00000 -74.00000 -74.00000 -74.00000 -74.00000 -74.00000 -74.00000 -74.00000
 -74.00000 -74.00000 -74.00000 -74.00000
 -74.00000 -74.00000 -74.00000 -74.00000 -74.00000 -74.00000 -74.00000 -74.00000
 -74.00000 -74.00000 -74.00000 -74.00000
 -74.00000 -74.00000 -74.00000 -74.00000 -74.00000 -74.00000 -74.00000 -74.00000
 -74.00000 -74.00000 -74.00000 -74.00000
 -74.00000 -74.00000 -74.00000 -74.00000 -74.00000 -74.00000 -74.00000 -74.00000
 -74.00000 -74.00000 -74.00000 -74.00000
 -74.00000 -74.00000 -74.00000 -74.00000 -74.00000 -74.00000 -74.00000 -74.00000
 -74.00000 -74.00000 -74.00000 -74.00000
 -74.00000 -74.00000 -74.00000 -74.00000 -74.00000 -74.00000 -74.00000 -74.00000
 -74.00000 -74.00000 -74.00000 -74.00000
 -74.00000 -74.00000 -74.00000 -74.00000 -74.00000 -74.00000 -74.00000 -74.00000
 -74.00000 -74.00000 -74.00000 -74.00000
 -46.03146 -46.03146 -46.03146 -46.03146 -46.03146 -46.03146 -46.03146 -46.03146
 -46.03146 -46.03146 -46.03146 -46.03146
 -30.76900 -30.76900 -30.76900 -30.76900 -30.76900 -30.76900 -30.76900 -30.76900
 -30.76900 -30.76900 -30.76900 -30.76900
 -22.08109 -22.08109 -22.08109 -22.08109 -22.08109 -22.08109 -22.08109 -22.08109
 -22.08109 -22.08109 -22.08109 -22.08109
 -17.10177 -17.10177 -17.10177 -17.10177 -17.10177 -17.10177 -17.10177 -17.10177
 -17.10177 -17.10177 -17.10177 -17.10177
 -14.20942 -14.20942 -14.20942 -14.20942 -14.20942 -14.20942 -14.20942 -14.20942
 -14.20942 -14.20942 -14.20942 -14.20942
 -12.50870 -12.50870 -12.50870 -12.50870 -12.50870 -12.50870 -12.50870 -12.50870
 -12.50870 -12.50870 -12.50870 -12.50870
 -11.50317 -11.50317 -11.50317 -11.50317 -11.50317 -11.50317 -11.50317 -11.50317
 -11.50317 -11.50317 -11.50317 -11.50317
 -10.90812 -10.90812 -10.90812 -10.90812 -10.90812 -10.90812 -10.90812 -10.90812
 -10.90812 -10.90812 -10.90812 -10.90812
 -10.55796 -10.55796 -10.55796 -10.55796 -10.55796 -10.55796 -10.55796 -10.55796
 -10.55796 -10.55796 -10.55796 -10.55796
 -10.35637 -10.35637 -10.35637 -10.35637 -10.35637 -10.35637 -10.35637 -10.35637
 -10.35637 -10.35637 -10.35637 -10.35637
 -10.24717 -10.24717 -10.24717 -10.24717 -10.24717 -10.24717 -10.24717 -10.24717
 -10.24717 -10.24717 -10.24717 -10.24717
 -10.19717 -10.19717 -10.19717 -10.19717 -10.19717 -10.19717 -10.19717 -10.19717
 -10.19717 -10.19717 -10.19717 -10.19717
 -10.18635 -10.18635 -10.18635 -10.18635 -10.18635 -10.18635 -10.18635 -10.18635
 -10.18635 -10.18635 -10.18635 -10.18635
 --------------------/ IPRT= 1  / IGRD= 1  /IONIS   / Z1=52   / DATE= 11.01.08
 -74.00000 -74.00000 -74.00000 -74.00000 -74.00000 -74.00000 -74.00000 -74.00000
 -74.00000 -74.00000 -74.00000 -74.00000
 -74.00000 -74.00000 -74.00000 -74.00000 -74.00000 -74.00000 -74.00000 -74.00000
 -74.00000 -74.00000 -74.00000 -74.00000
 -74.00000 -74.00000 -74.00000 -74.00000 -74.00000 -74.00000 -74.00000 -74.00000
 -74.00000 -74.00000 -74.00000 -74.00000
 -74.00000 -74.00000 -74.00000 -74.00000 -74.00000 -74.00000 -74.00000 -74.00000
 -74.00000 -74.00000 -74.00000 -74.00000
 -74.00000 -74.00000 -74.00000 -74.00000 -74.00000 -74.00000 -74.00000 -74.00000
 -74.00000 -74.00000 -74.00000 -74.00000
 -74.00000 -74.00000 -74.00000 -74.00000 -74.00000 -74.00000 -74.00000 -74.00000
 -74.00000 -74.00000 -74.00000 -74.00000
 -74.00000 -74.00000 -74.00000 -74.00000 -74.00000 -74.00000 -74.00000 -74.00000
 -74.00000 -74.00000 -74.00000 -74.00000
 -47.32492 -47.32492 -47.32492 -47.32492 -47.32492 -47.32492 -47.32492 -47.32492
 -47.32492 -47.32492 -47.32492 -47.32492
 -31.54762 -31.54762 -31.54762 -31.54762 -31.54762 -31.54762 -31.54762 -31.54762
 -31.54762 -31.54762 -31.54762 -31.54762
 -22.56714 -22.56714 -22.56714 -22.56714 -22.56714 -22.56714 -22.56714 -22.56714
 -22.56714 -22.56714 -22.56714 -22.56714
 -17.41707 -17.41707 -17.41707 -17.41707 -17.41707 -17.41707 -17.41707 -17.41707
 -17.41707 -17.41707 -17.41707 -17.41707
 -14.42120 -14.42120 -14.42120 -14.42120 -14.42120 -14.42120 -14.42120 -14.42120
 -14.42120 -14.42120 -14.42120 -14.42120
 -12.65816 -12.65816 -12.65816 -12.65816 -12.65816 -12.65816 -12.65816 -12.65816
 -12.65816 -12.65816 -12.65816 -12.65816
 -11.61606 -11.61606 -11.61606 -11.61606 -11.61606 -11.61606 -11.61606 -11.61606
 -11.61606 -11.61606 -11.61606 -11.61606
 -10.99966 -10.99966 -10.99966 -10.99966 -10.99966 -10.99966 -10.99966 -10.99966
 -10.99966 -10.99966 -10.99966 -10.99966
 -10.63686 -10.63686 -10.63686 -10.63686 -10.63686 -10.63686 -10.63686 -10.63686
 -10.63686 -10.63686 -10.63686 -10.63686
 -10.42760 -10.42760 -10.42760 -10.42760 -10.42760 -10.42760 -10.42760 -10.42760
 -10.42760 -10.42760 -10.42760 -10.42760
 -10.31360 -10.31360 -10.31360 -10.31360 -10.31360 -10.31360 -10.31360 -10.31360
 -10.31360 -10.31360 -10.31360 -10.31360
 -10.26048 -10.26048 -10.26048 -10.26048 -10.26048 -10.26048 -10.26048 -10.26048
 -10.26048 -10.26048 -10.26048 -10.26048
 -10.24757 -10.24757 -10.24757 -10.24757 -10.24757 -10.24757 -10.24757 -10.24757
 -10.24757 -10.24757 -10.24757 -10.24757
 --------------------/ IPRT= 1  / IGRD= 1  /IONIS   / Z1=53   / DATE= 11.01.08
 -74.00000 -74.00000 -74.00000 -74.00000 -74.00000 -74.00000 -74.00000 -74.00000
 -74.00000 -74.00000 -74.00000 -74.00000
 -74.00000 -74.00000 -74.00000 -74.00000 -74.00000 -74.00000 -74.00000 -74.00000
 -74.00000 -74.00000 -74.00000 -74.00000
 -74.00000 -74.00000 -74.00000 -74.00000 -74.00000 -74.00000 -74.00000 -74.00000
 -74.00000 -74.00000 -74.00000 -74.00000
 -74.00000 -74.00000 -74.00000 -74.00000 -74.00000 -74.00000 -74.00000 -74.00000
 -74.00000 -74.00000 -74.00000 -74.00000
 -74.00000 -74.00000 -74.00000 -74.00000 -74.00000 -74.00000 -74.00000 -74.00000
 -74.00000 -74.00000 -74.00000 -74.00000
 -74.00000 -74.00000 -74.00000 -74.00000 -74.00000 -74.00000 -74.00000 -74.00000
 -74.00000 -74.00000 -74.00000 -74.00000
 -74.00000 -74.00000 -74.00000 -74.00000 -74.00000 -74.00000 -74.00000 -74.00000
 -74.00000 -74.00000 -74.00000 -74.00000
 -49.17142 -49.17142 -49.17142 -49.17142 -49.17142 -49.17142 -49.17142 -49.17142
 -49.17142 -49.17142 -49.17142 -49.17142
 -32.65142 -32.65142 -32.65142 -32.65142 -32.65142 -32.65142 -32.65142 -32.65142
 -32.65142 -32.65142 -32.65142 -32.65142
 -23.24627 -23.24627 -23.24627 -23.24627 -23.24627 -23.24627 -23.24627 -23.24627
 -23.24627 -23.24627 -23.24627 -23.24627
 -17.84296 -17.84296 -17.84296 -17.84296 -17.84296 -17.84296 -17.84296 -17.84296
 -17.84296 -17.84296 -17.84296 -17.84296
 -14.69375 -14.69375 -14.69375 -14.69375 -14.69375 -14.69375 -14.69375 -14.69375
 -14.69375 -14.69375 -14.69375 -14.69375
 -12.84235 -12.84235 -12.84235 -12.84235 -12.84235 -12.84235 -12.84235 -12.84235
 -12.84235 -12.84235 -12.84235 -12.84235
 -11.75090 -11.75090 -11.75090 -11.75090 -11.75090 -11.75090 -11.75090 -11.75090
 -11.75090 -11.75090 -11.75090 -11.75090
 -11.10674 -11.10674 -11.10674 -11.10674 -11.10674 -11.10674 -11.10674 -11.10674
 -11.10674 -11.10674 -11.10674 -11.10674
 -10.72790 -10.72790 -10.72790 -10.72790 -10.72790 -10.72790 -10.72790 -10.72790
 -10.72790 -10.72790 -10.72790 -10.72790
 -10.50905 -10.50905 -10.50905 -10.50905 -10.50905 -10.50905 -10.50905 -10.50905
 -10.50905 -10.50905 -10.50905 -10.50905
 -10.38909 -10.38909 -10.38909 -10.38909 -10.38909 -10.38909 -10.38909 -10.38909
 -10.38909 -10.38909 -10.38909 -10.38909
 -10.33214 -10.33214 -10.33214 -10.33214 -10.33214 -10.33214 -10.33214 -10.33214
 -10.33214 -10.33214 -10.33214 -10.33214
 -10.31668 -10.31668 -10.31668 -10.31668 -10.31668 -10.31668 -10.31668 -10.31668
 -10.31668 -10.31668 -10.31668 -10.31668
 --------------------/ IPRT= 1  / IGRD= 1  /IONIS   / Z1=54   / DATE= 11.01.08
 -74.00000 -74.00000 -74.00000 -74.00000 -74.00000 -74.00000 -74.00000 -74.00000
 -74.00000 -74.00000 -74.00000 -74.00000
 -74.00000 -74.00000 -74.00000 -74.00000 -74.00000 -74.00000 -74.00000 -74.00000
 -74.00000 -74.00000 -74.00000 -74.00000
 -74.00000 -74.00000 -74.00000 -74.00000 -74.00000 -74.00000 -74.00000 -74.00000
 -74.00000 -74.00000 -74.00000 -74.00000
 -74.00000 -74.00000 -74.00000 -74.00000 -74.00000 -74.00000 -74.00000 -74.00000
 -74.00000 -74.00000 -74.00000 -74.00000
 -74.00000 -74.00000 -74.00000 -74.00000 -74.00000 -74.00000 -74.00000 -74.00000
 -74.00000 -74.00000 -74.00000 -74.00000
 -74.00000 -74.00000 -74.00000 -74.00000 -74.00000 -74.00000 -74.00000 -74.00000
 -74.00000 -74.00000 -74.00000 -74.00000
 -74.00000 -74.00000 -74.00000 -74.00000 -74.00000 -74.00000 -74.00000 -74.00000
 -74.00000 -74.00000 -74.00000 -74.00000
 -50.54970 -50.54970 -50.54970 -50.54970 -50.54970 -50.54970 -50.54970 -50.54970
 -50.54970 -50.54970 -50.54970 -50.54970
 -33.49727 -33.49727 -33.49727 -33.49727 -33.49727 -33.49727 -33.49727 -33.49727
 -33.49727 -33.49727 -33.49727 -33.49727
 -23.78793 -23.78793 -23.78793 -23.78793 -23.78793 -23.78793 -23.78793 -23.78793
 -23.78793 -23.78793 -23.78793 -23.78793
 -18.20139 -18.20139 -18.20139 -18.20139 -18.20139 -18.20139 -18.20139 -18.20139
 -18.20139 -18.20139 -18.20139 -18.20139
 -14.93614 -14.93614 -14.93614 -14.93614 -14.93614 -14.93614 -14.93614 -14.93614
 -14.93614 -14.93614 -14.93614 -14.93614
 -13.01371 -13.01371 -13.01371 -13.01371 -13.01371 -13.01371 -13.01371 -13.01371
 -13.01371 -13.01371 -13.01371 -13.01371
 -11.88052 -11.88052 -11.88052 -11.88052 -11.88052 -11.88052 -11.88052 -11.88052
 -11.88052 -11.88052 -11.88052 -11.88052
 -11.21203 -11.21203 -11.21203 -11.21203 -11.21203 -11.21203 -11.21203 -11.21203
 -11.21203 -11.21203 -11.21203 -11.21203
 -10.81881 -10.81881 -10.81881 -10.81881 -10.81881 -10.81881 -10.81881 -10.81881
 -10.81881 -10.81881 -10.81881 -10.81881
 -10.59126 -10.59126 -10.59126 -10.59126 -10.59126 -10.59126 -10.59126 -10.59126
 -10.59126 -10.59126 -10.59126 -10.59126
 -10.46588 -10.46588 -10.46588 -10.46588 -10.46588 -10.46588 -10.46588 -10.46588
 -10.46588 -10.46588 -10.46588 -10.46588
 -10.40543 -10.40543 -10.40543 -10.40543 -10.40543 -10.40543 -10.40543 -10.40543
 -10.40543 -10.40543 -10.40543 -10.40543
 -10.38762 -10.38762 -10.38762 -10.38762 -10.38762 -10.38762 -10.38762 -10.38762
 -10.38762 -10.38762 -10.38762 -10.38762
 --------------------/ IPRT= 1  / IGRD= 1  /IONIS   / Z1=55   / DATE= 11.01.08
 -74.00000 -74.00000 -74.00000 -74.00000 -74.00000 -74.00000 -74.00000 -74.00000
 -74.00000 -74.00000 -74.00000 -74.00000
 -74.00000 -74.00000 -74.00000 -74.00000 -74.00000 -74.00000 -74.00000 -74.00000
 -74.00000 -74.00000 -74.00000 -74.00000
 -74.00000 -74.00000 -74.00000 -74.00000 -74.00000 -74.00000 -74.00000 -74.00000
 -74.00000 -74.00000 -74.00000 -74.00000
 -74.00000 -74.00000 -74.00000 -74.00000 -74.00000 -74.00000 -74.00000 -74.00000
 -74.00000 -74.00000 -74.00000 -74.00000
 -74.00000 -74.00000 -74.00000 -74.00000 -74.00000 -74.00000 -74.00000 -74.00000
 -74.00000 -74.00000 -74.00000 -74.00000
 -74.00000 -74.00000 -74.00000 -74.00000 -74.00000 -74.00000 -74.00000 -74.00000
 -74.00000 -74.00000 -74.00000 -74.00000
 -74.00000 -74.00000 -74.00000 -74.00000 -74.00000 -74.00000 -74.00000 -74.00000
 -74.00000 -74.00000 -74.00000 -74.00000
 -51.97004 -51.97004 -51.97004 -51.97004 -51.97004 -51.97004 -51.97004 -51.97004
 -51.97004 -51.97004 -51.97004 -51.97004
 -34.38850 -34.38850 -34.38850 -34.38850 -34.38850 -34.38850 -34.38850 -34.38850
 -34.38850 -34.38850 -34.38850 -34.38850
 -24.37382 -24.37382 -24.37382 -24.37382 -24.37382 -24.37382 -24.37382 -24.37382
 -24.37382 -24.37382 -24.37382 -24.37382
 -18.59348 -18.59348 -18.59348 -18.59348 -18.59348 -18.59348 -18.59348 -18.59348
 -18.59348 -18.59348 -18.59348 -18.59348
 -15.19926 -15.19926 -15.19926 -15.19926 -15.19926 -15.19926 -15.19926 -15.19926
 -15.19926 -15.19926 -15.19926 -15.19926
 -13.19804 -13.19804 -13.19804 -13.19804 -13.19804 -13.19804 -13.19804 -13.19804
 -13.19804 -13.19804 -13.19804 -13.19804
 -12.01941 -12.01941 -12.01941 -12.01941 -12.01941 -12.01941 -12.01941 -12.01941
 -12.01941 -12.01941 -12.01941 -12.01941
 -11.32485 -11.32485 -11.32485 -11.32485 -11.32485 -11.32485 -11.32485 -11.32485
 -11.32485 -11.32485 -11.32485 -11.32485
 -10.91639 -10.91639 -10.91639 -10.91639 -10.91639 -10.91639 -10.91639 -10.91639
 -10.91639 -10.91639 -10.91639 -10.91639
 -10.67969 -10.67969 -10.67969 -10.67969 -10.67969 -10.67969 -10.67969 -10.67969
 -10.67969 -10.67969 -10.67969 -10.67969
 -10.54863 -10.54863 -10.54863 -10.54863 -10.54863 -10.54863 -10.54863 -10.54863
 -10.54863 -10.54863 -10.54863 -10.54863
 -10.48452 -10.48452 -10.48452 -10.48452 -10.48452 -10.48452 -10.48452 -10.48452
 -10.48452 -10.48452 -10.48452 -10.48452
 -10.46429 -10.46429 -10.46429 -10.46429 -10.46429 -10.46429 -10.46429 -10.46429
 -10.46429 -10.46429 -10.46429 -10.46429
 --------------------/ IPRT= 1  / IGRD= 1  /IONIS   / Z1=56   / DATE= 11.01.08
 -74.00000 -74.00000 -74.00000 -74.00000 -74.00000 -74.00000 -74.00000 -74.00000
 -74.00000 -74.00000 -74.00000 -74.00000
 -74.00000 -74.00000 -74.00000 -74.00000 -74.00000 -74.00000 -74.00000 -74.00000
 -74.00000 -74.00000 -74.00000 -74.00000
 -74.00000 -74.00000 -74.00000 -74.00000 -74.00000 -74.00000 -74.00000 -74.00000
 -74.00000 -74.00000 -74.00000 -74.00000
 -74.00000 -74.00000 -74.00000 -74.00000 -74.00000 -74.00000 -74.00000 -74.00000
 -74.00000 -74.00000 -74.00000 -74.00000
 -74.00000 -74.00000 -74.00000 -74.00000 -74.00000 -74.00000 -74.00000 -74.00000
 -74.00000 -74.00000 -74.00000 -74.00000
 -74.00000 -74.00000 -74.00000 -74.00000 -74.00000 -74.00000 -74.00000 -74.00000
 -74.00000 -74.00000 -74.00000 -74.00000
 -74.00000 -74.00000 -74.00000 -74.00000 -74.00000 -74.00000 -74.00000 -74.00000
 -74.00000 -74.00000 -74.00000 -74.00000
 -53.52276 -53.52276 -53.52276 -53.52276 -53.52276 -53.52276 -53.52276 -53.52276
 -53.52276 -53.52276 -53.52276 -53.52276
 -35.40731 -35.40731 -35.40731 -35.40731 -35.40731 -35.40731 -35.40731 -35.40731
 -35.40731 -35.40731 -35.40731 -35.40731
 -25.06723 -25.06723 -25.06723 -25.06723 -25.06723 -25.06723 -25.06723 -25.06723
 -25.06723 -25.06723 -25.06723 -25.06723
 -19.04474 -19.04474 -19.04474 -19.04474 -19.04474 -19.04474 -19.04474 -19.04474
 -19.04474 -19.04474 -19.04474 -19.04474
 -15.48578 -15.48578 -15.48578 -15.48578 -15.48578 -15.48578 -15.48578 -15.48578
 -15.48578 -15.48578 -15.48578 -15.48578
 -13.39243 -13.39243 -13.39243 -13.39243 -13.39243 -13.39243 -13.39243 -13.39243
 -13.39243 -13.39243 -13.39243 -13.39243
 -12.16452 -12.16452 -12.16452 -12.16452 -12.16452 -12.16452 -12.16452 -12.16452
 -12.16452 -12.16452 -12.16452 -12.16452
 -11.44291 -11.44291 -11.44291 -11.44291 -11.44291 -11.44291 -11.44291 -11.44291
 -11.44291 -11.44291 -11.44291 -11.44291
 -11.01906 -11.01906 -11.01906 -11.01906 -11.01906 -11.01906 -11.01906 -11.01906
 -11.01906 -11.01906 -11.01906 -11.01906
 -10.77326 -10.77326 -10.77326 -10.77326 -10.77326 -10.77326 -10.77326 -10.77326
 -10.77326 -10.77326 -10.77326 -10.77326
 -10.63661 -10.63661 -10.63661 -10.63661 -10.63661 -10.63661 -10.63661 -10.63661
 -10.63661 -10.63661 -10.63661 -10.63661
 -10.56894 -10.56894 -10.56894 -10.56894 -10.56894 -10.56894 -10.56894 -10.56894
 -10.56894 -10.56894 -10.56894 -10.56894
 -10.54633 -10.54633 -10.54633 -10.54633 -10.54633 -10.54633 -10.54633 -10.54633
 -10.54633 -10.54633 -10.54633 -10.54633
 --------------------/ IPRT= 1  / IGRD= 1  /IONIS   / Z1=57   / DATE= 11.01.08
 -74.00000 -74.00000 -74.00000 -74.00000 -74.00000 -74.00000 -74.00000 -74.00000
 -74.00000 -74.00000 -74.00000 -74.00000
 -74.00000 -74.00000 -74.00000 -74.00000 -74.00000 -74.00000 -74.00000 -74.00000
 -74.00000 -74.00000 -74.00000 -74.00000
 -74.00000 -74.00000 -74.00000 -74.00000 -74.00000 -74.00000 -74.00000 -74.00000
 -74.00000 -74.00000 -74.00000 -74.00000
 -74.00000 -74.00000 -74.00000 -74.00000 -74.00000 -74.00000 -74.00000 -74.00000
 -74.00000 -74.00000 -74.00000 -74.00000
 -74.00000 -74.00000 -74.00000 -74.00000 -74.00000 -74.00000 -74.00000 -74.00000
 -74.00000 -74.00000 -74.00000 -74.00000
 -74.00000 -74.00000 -74.00000 -74.00000 -74.00000 -74.00000 -74.00000 -74.00000
 -74.00000 -74.00000 -74.00000 -74.00000
 -74.00000 -74.00000 -74.00000 -74.00000 -74.00000 -74.00000 -74.00000 -74.00000
 -74.00000 -74.00000 -74.00000 -74.00000
 -74.00000 -74.00000 -74.00000 -74.00000 -74.00000 -74.00000 -74.00000 -74.00000
 -74.00000 -74.00000 -74.00000 -74.00000
 -36.51663 -36.51663 -36.51663 -36.51663 -36.51663 -36.51663 -36.51663 -36.51663
 -36.51663 -36.51663 -36.51663 -36.51663
 -25.42626 -25.42626 -25.42626 -25.42626 -25.42626 -25.42626 -25.42626 -25.42626
 -25.42626 -25.42626 -25.42626 -25.42626
 -19.09762 -19.09762 -19.09762 -19.09762 -19.09762 -19.09762 -19.09762 -19.09762
 -19.09762 -19.09762 -19.09762 -19.09762
 -15.46040 -15.46040 -15.46040 -15.46040 -15.46040 -15.46040 -15.46040 -15.46040
 -15.46040 -15.46040 -15.46040 -15.46040
 -13.35151 -13.35151 -13.35151 -13.35151 -13.35151 -13.35151 -13.35151 -13.35151
 -13.35151 -13.35151 -13.35151 -13.35151
 -12.11914 -12.11914 -12.11914 -12.11914 -12.11914 -12.11914 -12.11914 -12.11914
 -12.11914 -12.11914 -12.11914 -12.11914
 -11.39495 -11.39495 -11.39495 -11.39495 -11.39495 -11.39495 -11.39495 -11.39495
 -11.39495 -11.39495 -11.39495 -11.39495
 -10.96924 -10.96924 -10.96924 -10.96924 -10.96924 -10.96924 -10.96924 -10.96924
 -10.96924 -10.96924 -10.96924 -10.96924
 -10.72213 -10.72213 -10.72213 -10.72213 -10.72213 -10.72213 -10.72213 -10.72213
 -10.72213 -10.72213 -10.72213 -10.72213
 -10.58458 -10.58458 -10.58458 -10.58458 -10.58458 -10.58458 -10.58458 -10.58458
 -10.58458 -10.58458 -10.58458 -10.58458
 -10.51630 -10.51630 -10.51630 -10.51630 -10.51630 -10.51630 -10.51630 -10.51630
 -10.51630 -10.51630 -10.51630 -10.51630
 -10.49327 -10.49327 -10.49327 -10.49327 -10.49327 -10.49327 -10.49327 -10.49327
 -10.49327 -10.49327 -10.49327 -10.49327
 --------------------/ IPRT= 1  / IGRD= 1  /IONIS   / Z1=58   / DATE= 11.01.08
 -74.00000 -74.00000 -74.00000 -74.00000 -74.00000 -74.00000 -74.00000 -74.00000
 -74.00000 -74.00000 -74.00000 -74.00000
 -74.00000 -74.00000 -74.00000 -74.00000 -74.00000 -74.00000 -74.00000 -74.00000
 -74.00000 -74.00000 -74.00000 -74.00000
 -74.00000 -74.00000 -74.00000 -74.00000 -74.00000 -74.00000 -74.00000 -74.00000
 -74.00000 -74.00000 -74.00000 -74.00000
 -74.00000 -74.00000 -74.00000 -74.00000 -74.00000 -74.00000 -74.00000 -74.00000
 -74.00000 -74.00000 -74.00000 -74.00000
 -74.00000 -74.00000 -74.00000 -74.00000 -74.00000 -74.00000 -74.00000 -74.00000
 -74.00000 -74.00000 -74.00000 -74.00000
 -74.00000 -74.00000 -74.00000 -74.00000 -74.00000 -74.00000 -74.00000 -74.00000
 -74.00000 -74.00000 -74.00000 -74.00000
 -74.00000 -74.00000 -74.00000 -74.00000 -74.00000 -74.00000 -74.00000 -74.00000
 -74.00000 -74.00000 -74.00000 -74.00000
 -74.00000 -74.00000 -74.00000 -74.00000 -74.00000 -74.00000 -74.00000 -74.00000
 -74.00000 -74.00000 -74.00000 -74.00000
 -37.22311 -37.22311 -37.22311 -37.22311 -37.22311 -37.22311 -37.22311 -37.22311
 -37.22311 -37.22311 -37.22311 -37.22311
 -25.86886 -25.86886 -25.86886 -25.86886 -25.86886 -25.86886 -25.86886 -25.86886
 -25.86886 -25.86886 -25.86886 -25.86886
 -19.38926 -19.38926 -19.38926 -19.38926 -19.38926 -19.38926 -19.38926 -19.38926
 -19.38926 -19.38926 -19.38926 -19.38926
 -15.66379 -15.66379 -15.66379 -15.66379 -15.66379 -15.66379 -15.66379 -15.66379
 -15.66379 -15.66379 -15.66379 -15.66379
 -13.50262 -13.50262 -13.50262 -13.50262 -13.50262 -13.50262 -13.50262 -13.50262
 -13.50262 -13.50262 -13.50262 -13.50262
 -12.23932 -12.23932 -12.23932 -12.23932 -12.23932 -12.23932 -12.23932 -12.23932
 -12.23932 -12.23932 -12.23932 -12.23932
 -11.49687 -11.49687 -11.49687 -11.49687 -11.49687 -11.49687 -11.49687 -11.49687
 -11.49687 -11.49687 -11.49687 -11.49687
 -11.06028 -11.06028 -11.06028 -11.06028 -11.06028 -11.06028 -11.06028 -11.06028
 -11.06028 -11.06028 -11.06028 -11.06028
 -10.80657 -10.80657 -10.80657 -10.80657 -10.80657 -10.80657 -10.80657 -10.80657
 -10.80657 -10.80657 -10.80657 -10.80657
 -10.66490 -10.66490 -10.66490 -10.66490 -10.66490 -10.66490 -10.66490 -10.66490
 -10.66490 -10.66490 -10.66490 -10.66490
 -10.59397 -10.59397 -10.59397 -10.59397 -10.59397 -10.59397 -10.59397 -10.59397
 -10.59397 -10.59397 -10.59397 -10.59397
 -10.56918 -10.56918 -10.56918 -10.56918 -10.56918 -10.56918 -10.56918 -10.56918
 -10.56918 -10.56918 -10.56918 -10.56918
 --------------------/ IPRT= 1  / IGRD= 1  /IONIS   / Z1=59   / DATE= 11.01.08
 -74.00000 -74.00000 -74.00000 -74.00000 -74.00000 -74.00000 -74.00000 -74.00000
 -74.00000 -74.00000 -74.00000 -74.00000
 -74.00000 -74.00000 -74.00000 -74.00000 -74.00000 -74.00000 -74.00000 -74.00000
 -74.00000 -74.00000 -74.00000 -74.00000
 -74.00000 -74.00000 -74.00000 -74.00000 -74.00000 -74.00000 -74.00000 -74.00000
 -74.00000 -74.00000 -74.00000 -74.00000
 -74.00000 -74.00000 -74.00000 -74.00000 -74.00000 -74.00000 -74.00000 -74.00000
 -74.00000 -74.00000 -74.00000 -74.00000
 -74.00000 -74.00000 -74.00000 -74.00000 -74.00000 -74.00000 -74.00000 -74.00000
 -74.00000 -74.00000 -74.00000 -74.00000
 -74.00000 -74.00000 -74.00000 -74.00000 -74.00000 -74.00000 -74.00000 -74.00000
 -74.00000 -74.00000 -74.00000 -74.00000
 -74.00000 -74.00000 -74.00000 -74.00000 -74.00000 -74.00000 -74.00000 -74.00000
 -74.00000 -74.00000 -74.00000 -74.00000
 -74.00000 -74.00000 -74.00000 -74.00000 -74.00000 -74.00000 -74.00000 -74.00000
 -74.00000 -74.00000 -74.00000 -74.00000
 -37.94214 -37.94214 -37.94214 -37.94214 -37.94214 -37.94214 -37.94214 -37.94214
 -37.94214 -37.94214 -37.94214 -37.94214
 -26.32584 -26.32584 -26.32584 -26.32584 -26.32584 -26.32584 -26.32584 -26.32584
 -26.32584 -26.32584 -26.32584 -26.32584
 -19.69557 -19.69557 -19.69557 -19.69557 -19.69557 -19.69557 -19.69557 -19.69557
 -19.69557 -19.69557 -19.69557 -19.69557
 -15.88082 -15.88082 -15.88082 -15.88082 -15.88082 -15.88082 -15.88082 -15.88082
 -15.88082 -15.88082 -15.88082 -15.88082
 -13.66596 -13.66596 -13.66596 -13.66596 -13.66596 -13.66596 -13.66596 -13.66596
 -13.66596 -13.66596 -13.66596 -13.66596
 -12.37062 -12.37062 -12.37062 -12.37062 -12.37062 -12.37062 -12.37062 -12.37062
 -12.37062 -12.37062 -12.37062 -12.37062
 -11.60917 -11.60917 -11.60917 -11.60917 -11.60917 -11.60917 -11.60917 -11.60917
 -11.60917 -11.60917 -11.60917 -11.60917
 -11.16126 -11.16126 -11.16126 -11.16126 -11.16126 -11.16126 -11.16126 -11.16126
 -11.16126 -11.16126 -11.16126 -11.16126
 -10.90067 -10.90067 -10.90067 -10.90067 -10.90067 -10.90067 -10.90067 -10.90067
 -10.90067 -10.90067 -10.90067 -10.90067
 -10.75473 -10.75473 -10.75473 -10.75473 -10.75473 -10.75473 -10.75473 -10.75473
 -10.75473 -10.75473 -10.75473 -10.75473
 -10.68105 -10.68105 -10.68105 -10.68105 -10.68105 -10.68105 -10.68105 -10.68105
 -10.68105 -10.68105 -10.68105 -10.68105
 -10.65444 -10.65444 -10.65444 -10.65444 -10.65444 -10.65444 -10.65444 -10.65444
 -10.65444 -10.65444 -10.65444 -10.65444
 --------------------/ IPRT= 1  / IGRD= 1  /IONIS   / Z1=60   / DATE= 11.01.08
 -74.00000 -74.00000 -74.00000 -74.00000 -74.00000 -74.00000 -74.00000 -74.00000
 -74.00000 -74.00000 -74.00000 -74.00000
 -74.00000 -74.00000 -74.00000 -74.00000 -74.00000 -74.00000 -74.00000 -74.00000
 -74.00000 -74.00000 -74.00000 -74.00000
 -74.00000 -74.00000 -74.00000 -74.00000 -74.00000 -74.00000 -74.00000 -74.00000
 -74.00000 -74.00000 -74.00000 -74.00000
 -74.00000 -74.00000 -74.00000 -74.00000 -74.00000 -74.00000 -74.00000 -74.00000
 -74.00000 -74.00000 -74.00000 -74.00000
 -74.00000 -74.00000 -74.00000 -74.00000 -74.00000 -74.00000 -74.00000 -74.00000
 -74.00000 -74.00000 -74.00000 -74.00000
 -74.00000 -74.00000 -74.00000 -74.00000 -74.00000 -74.00000 -74.00000 -74.00000
 -74.00000 -74.00000 -74.00000 -74.00000
 -74.00000 -74.00000 -74.00000 -74.00000 -74.00000 -74.00000 -74.00000 -74.00000
 -74.00000 -74.00000 -74.00000 -74.00000
 -74.00000 -74.00000 -74.00000 -74.00000 -74.00000 -74.00000 -74.00000 -74.00000
 -74.00000 -74.00000 -74.00000 -74.00000
 -38.69345 -38.69345 -38.69345 -38.69345 -38.69345 -38.69345 -38.69345 -38.69345
 -38.69345 -38.69345 -38.69345 -38.69345
 -26.81281 -26.81281 -26.81281 -26.81281 -26.81281 -26.81281 -26.81281 -26.81281
 -26.81281 -26.81281 -26.81281 -26.81281
 -20.02909 -20.02909 -20.02909 -20.02909 -20.02909 -20.02909 -20.02909 -20.02909
 -20.02909 -20.02909 -20.02909 -20.02909
 -16.12122 -16.12122 -16.12122 -16.12122 -16.12122 -16.12122 -16.12122 -16.12122
 -16.12122 -16.12122 -16.12122 -16.12122
 -13.84904 -13.84904 -13.84904 -13.84904 -13.84904 -13.84904 -13.84904 -13.84904
 -13.84904 -13.84904 -13.84904 -13.84904
 -12.51911 -12.51911 -12.51911 -12.51911 -12.51911 -12.51911 -12.51911 -12.51911
 -12.51911 -12.51911 -12.51911 -12.51911
 -11.73706 -11.73706 -11.73706 -11.73706 -11.73706 -11.73706 -11.73706 -11.73706
 -11.73706 -11.73706 -11.73706 -11.73706
 -11.27686 -11.27686 -11.27686 -11.27686 -11.27686 -11.27686 -11.27686 -11.27686
 -11.27686 -11.27686 -11.27686 -11.27686
 -11.00884 -11.00884 -11.00884 -11.00884 -11.00884 -11.00884 -11.00884 -11.00884
 -11.00884 -11.00884 -11.00884 -11.00884
 -10.85826 -10.85826 -10.85826 -10.85826 -10.85826 -10.85826 -10.85826 -10.85826
 -10.85826 -10.85826 -10.85826 -10.85826
 -10.78161 -10.78161 -10.78161 -10.78161 -10.78161 -10.78161 -10.78161 -10.78161
 -10.78161 -10.78161 -10.78161 -10.78161
 -10.75304 -10.75304 -10.75304 -10.75304 -10.75304 -10.75304 -10.75304 -10.75304
 -10.75304 -10.75304 -10.75304 -10.75304
 --------------------/ IPRT= 1  / IGRD= 1  /IONIS   / Z1=61   / DATE= 11.01.08
 -74.00000 -74.00000 -74.00000 -74.00000 -74.00000 -74.00000 -74.00000 -74.00000
 -74.00000 -74.00000 -74.00000 -74.00000
 -74.00000 -74.00000 -74.00000 -74.00000 -74.00000 -74.00000 -74.00000 -74.00000
 -74.00000 -74.00000 -74.00000 -74.00000
 -74.00000 -74.00000 -74.00000 -74.00000 -74.00000 -74.00000 -74.00000 -74.00000
 -74.00000 -74.00000 -74.00000 -74.00000
 -74.00000 -74.00000 -74.00000 -74.00000 -74.00000 -74.00000 -74.00000 -74.00000
 -74.00000 -74.00000 -74.00000 -74.00000
 -74.00000 -74.00000 -74.00000 -74.00000 -74.00000 -74.00000 -74.00000 -74.00000
 -74.00000 -74.00000 -74.00000 -74.00000
 -74.00000 -74.00000 -74.00000 -74.00000 -74.00000 -74.00000 -74.00000 -74.00000
 -74.00000 -74.00000 -74.00000 -74.00000
 -74.00000 -74.00000 -74.00000 -74.00000 -74.00000 -74.00000 -74.00000 -74.00000
 -74.00000 -74.00000 -74.00000 -74.00000
 -74.00000 -74.00000 -74.00000 -74.00000 -74.00000 -74.00000 -74.00000 -74.00000
 -74.00000 -74.00000 -74.00000 -74.00000
 -41.36159 -41.36159 -41.36159 -41.36159 -41.36159 -41.36159 -41.36159 -41.36159
 -41.36159 -41.36159 -41.36159 -41.36159
 -28.39289 -28.39289 -28.39289 -28.39289 -28.39289 -28.39289 -28.39289 -28.39289
 -28.39289 -28.39289 -28.39289 -28.39289
 -20.96677 -20.96677 -20.96677 -20.96677 -20.96677 -20.96677 -20.96677 -20.96677
 -20.96677 -20.96677 -20.96677 -20.96677
 -16.69452 -16.69452 -16.69452 -16.69452 -16.69452 -16.69452 -16.69452 -16.69452
 -16.69452 -16.69452 -16.69452 -16.69452
 -14.22597 -14.22597 -14.22597 -14.22597 -14.22597 -14.22597 -14.22597 -14.22597
 -14.22597 -14.22597 -14.22597 -14.22597
 -12.79137 -12.79137 -12.79137 -12.79137 -12.79137 -12.79137 -12.79137 -12.79137
 -12.79137 -12.79137 -12.79137 -12.79137
 -11.95234 -11.95234 -11.95234 -11.95234 -11.95234 -11.95234 -11.95234 -11.95234
 -11.95234 -11.95234 -11.95234 -11.95234
 -11.46006 -11.46006 -11.46006 -11.46006 -11.46006 -11.46006 -11.46006 -11.46006
 -11.46006 -11.46006 -11.46006 -11.46006
 -11.17328 -11.17328 -11.17328 -11.17328 -11.17328 -11.17328 -11.17328 -11.17328
 -11.17328 -11.17328 -11.17328 -11.17328
 -11.01131 -11.01131 -11.01131 -11.01131 -11.01131 -11.01131 -11.01131 -11.01131
 -11.01131 -11.01131 -11.01131 -11.01131
 -10.92747 -10.92747 -10.92747 -10.92747 -10.92747 -10.92747 -10.92747 -10.92747
 -10.92747 -10.92747 -10.92747 -10.92747
 -10.89418 -10.89418 -10.89418 -10.89418 -10.89418 -10.89418 -10.89418 -10.89418
 -10.89418 -10.89418 -10.89418 -10.89418
 --------------------/ IPRT= 1  / IGRD= 1  /IONIS   / Z1=62   / DATE= 11.01.08
 -74.00000 -74.00000 -74.00000 -74.00000 -74.00000 -74.00000 -74.00000 -74.00000
 -74.00000 -74.00000 -74.00000 -74.00000
 -74.00000 -74.00000 -74.00000 -74.00000 -74.00000 -74.00000 -74.00000 -74.00000
 -74.00000 -74.00000 -74.00000 -74.00000
 -74.00000 -74.00000 -74.00000 -74.00000 -74.00000 -74.00000 -74.00000 -74.00000
 -74.00000 -74.00000 -74.00000 -74.00000
 -74.00000 -74.00000 -74.00000 -74.00000 -74.00000 -74.00000 -74.00000 -74.00000
 -74.00000 -74.00000 -74.00000 -74.00000
 -74.00000 -74.00000 -74.00000 -74.00000 -74.00000 -74.00000 -74.00000 -74.00000
 -74.00000 -74.00000 -74.00000 -74.00000
 -74.00000 -74.00000 -74.00000 -74.00000 -74.00000 -74.00000 -74.00000 -74.00000
 -74.00000 -74.00000 -74.00000 -74.00000
 -74.00000 -74.00000 -74.00000 -74.00000 -74.00000 -74.00000 -74.00000 -74.00000
 -74.00000 -74.00000 -74.00000 -74.00000
 -74.00000 -74.00000 -74.00000 -74.00000 -74.00000 -74.00000 -74.00000 -74.00000
 -74.00000 -74.00000 -74.00000 -74.00000
 -42.31906 -42.31906 -42.31906 -42.31906 -42.31906 -42.31906 -42.31906 -42.31906
 -42.31906 -42.31906 -42.31906 -42.31906
 -29.02759 -29.02759 -29.02759 -29.02759 -29.02759 -29.02759 -29.02759 -29.02759
 -29.02759 -29.02759 -29.02759 -29.02759
 -21.39584 -21.39584 -21.39584 -21.39584 -21.39584 -21.39584 -21.39584 -21.39584
 -21.39584 -21.39584 -21.39584 -21.39584
 -17.00118 -17.00118 -17.00118 -17.00118 -17.00118 -17.00118 -17.00118 -17.00118
 -17.00118 -17.00118 -17.00118 -17.00118
 -14.46280 -14.46280 -14.46280 -14.46280 -14.46280 -14.46280 -14.46280 -14.46280
 -14.46280 -14.46280 -14.46280 -14.46280
 -12.98865 -12.98865 -12.98865 -12.98865 -12.98865 -12.98865 -12.98865 -12.98865
 -12.98865 -12.98865 -12.98865 -12.98865
 -12.12701 -12.12701 -12.12701 -12.12701 -12.12701 -12.12701 -12.12701 -12.12701
 -12.12701 -12.12701 -12.12701 -12.12701
 -11.62156 -11.62156 -11.62156 -11.62156 -11.62156 -11.62156 -11.62156 -11.62156
 -11.62156 -11.62156 -11.62156 -11.62156
 -11.32692 -11.32692 -11.32692 -11.32692 -11.32692 -11.32692 -11.32692 -11.32692
 -11.32692 -11.32692 -11.32692 -11.32692
 -11.16013 -11.16013 -11.16013 -11.16013 -11.16013 -11.16013 -11.16013 -11.16013
 -11.16013 -11.16013 -11.16013 -11.16013
 -11.07323 -11.07323 -11.07323 -11.07323 -11.07323 -11.07323 -11.07323 -11.07323
 -11.07323 -11.07323 -11.07323 -11.07323
 -11.03792 -11.03792 -11.03792 -11.03792 -11.03792 -11.03792 -11.03792 -11.03792
 -11.03792 -11.03792 -11.03792 -11.03792
 --------------------/ IPRT= 1  / IGRD= 1  /IONIS   / Z1=63   / DATE= 11.01.08
 -74.00000 -74.00000 -74.00000 -74.00000 -74.00000 -74.00000 -74.00000 -74.00000
 -74.00000 -74.00000 -74.00000 -74.00000
 -74.00000 -74.00000 -74.00000 -74.00000 -74.00000 -74.00000 -74.00000 -74.00000
 -74.00000 -74.00000 -74.00000 -74.00000
 -74.00000 -74.00000 -74.00000 -74.00000 -74.00000 -74.00000 -74.00000 -74.00000
 -74.00000 -74.00000 -74.00000 -74.00000
 -74.00000 -74.00000 -74.00000 -74.00000 -74.00000 -74.00000 -74.00000 -74.00000
 -74.00000 -74.00000 -74.00000 -74.00000
 -74.00000 -74.00000 -74.00000 -74.00000 -74.00000 -74.00000 -74.00000 -74.00000
 -74.00000 -74.00000 -74.00000 -74.00000
 -74.00000 -74.00000 -74.00000 -74.00000 -74.00000 -74.00000 -74.00000 -74.00000
 -74.00000 -74.00000 -74.00000 -74.00000
 -74.00000 -74.00000 -74.00000 -74.00000 -74.00000 -74.00000 -74.00000 -74.00000
 -74.00000 -74.00000 -74.00000 -74.00000
 -74.00000 -74.00000 -74.00000 -74.00000 -74.00000 -74.00000 -74.00000 -74.00000
 -74.00000 -74.00000 -74.00000 -74.00000
 -43.48711 -43.48711 -43.48711 -43.48711 -43.48711 -43.48711 -43.48711 -43.48711
 -43.48711 -43.48711 -43.48711 -43.48711
 -29.66069 -29.66069 -29.66069 -29.66069 -29.66069 -29.66069 -29.66069 -29.66069
 -29.66069 -29.66069 -29.66069 -29.66069
 -21.78854 -21.78854 -21.78854 -21.78854 -21.78854 -21.78854 -21.78854 -21.78854
 -21.78854 -21.78854 -21.78854 -21.78854
 -17.28864 -17.28864 -17.28864 -17.28864 -17.28864 -17.28864 -17.28864 -17.28864
 -17.28864 -17.28864 -17.28864 -17.28864
 -14.70154 -14.70154 -14.70154 -14.70154 -14.70154 -14.70154 -14.70154 -14.70154
 -14.70154 -14.70154 -14.70154 -14.70154
 -13.20199 -13.20199 -13.20199 -13.20199 -13.20199 -13.20199 -13.20199 -13.20199
 -13.20199 -13.20199 -13.20199 -13.20199
 -12.31583 -12.31583 -12.31583 -12.31583 -12.31583 -12.31583 -12.31583 -12.31583
 -12.31583 -12.31583 -12.31583 -12.31583
 -11.76652 -11.76652 -11.76652 -11.76652 -11.76652 -11.76652 -11.76652 -11.76652
 -11.76652 -11.76652 -11.76652 -11.76652
 -11.41215 -11.41215 -11.41215 -11.41215 -11.41215 -11.41215 -11.41215 -11.41215
 -11.41215 -11.41215 -11.41215 -11.41215
 -11.18724 -11.18724 -11.18724 -11.18724 -11.18724 -11.18724 -11.18724 -11.18724
 -11.18724 -11.18724 -11.18724 -11.18724
 -11.05341 -11.05341 -11.05341 -11.05341 -11.05341 -11.05341 -11.05341 -11.05341
 -11.05341 -11.05341 -11.05341 -11.05341
 -10.98318 -10.98318 -10.98318 -10.98318 -10.98318 -10.98318 -10.98318 -10.98318
 -10.98318 -10.98318 -10.98318 -10.98318
 --------------------/ IPRT= 1  / IGRD= 1  /IONIS   / Z1=64   / DATE= 11.01.08
 -74.00000 -74.00000 -74.00000 -74.00000 -74.00000 -74.00000 -74.00000 -74.00000
 -74.00000 -74.00000 -74.00000 -74.00000
 -74.00000 -74.00000 -74.00000 -74.00000 -74.00000 -74.00000 -74.00000 -74.00000
 -74.00000 -74.00000 -74.00000 -74.00000
 -74.00000 -74.00000 -74.00000 -74.00000 -74.00000 -74.00000 -74.00000 -74.00000
 -74.00000 -74.00000 -74.00000 -74.00000
 -74.00000 -74.00000 -74.00000 -74.00000 -74.00000 -74.00000 -74.00000 -74.00000
 -74.00000 -74.00000 -74.00000 -74.00000
 -74.00000 -74.00000 -74.00000 -74.00000 -74.00000 -74.00000 -74.00000 -74.00000
 -74.00000 -74.00000 -74.00000 -74.00000
 -74.00000 -74.00000 -74.00000 -74.00000 -74.00000 -74.00000 -74.00000 -74.00000
 -74.00000 -74.00000 -74.00000 -74.00000
 -74.00000 -74.00000 -74.00000 -74.00000 -74.00000 -74.00000 -74.00000 -74.00000
 -74.00000 -74.00000 -74.00000 -74.00000
 -74.00000 -74.00000 -74.00000 -74.00000 -74.00000 -74.00000 -74.00000 -74.00000
 -74.00000 -74.00000 -74.00000 -74.00000
 -44.42549 -44.42549 -44.42549 -44.42549 -44.42549 -44.42549 -44.42549 -44.42549
 -44.42549 -44.42549 -44.42549 -44.42549
 -30.32957 -30.32957 -30.32957 -30.32957 -30.32957 -30.32957 -30.32957 -30.32957
 -30.32957 -30.32957 -30.32957 -30.32957
 -22.30483 -22.30483 -22.30483 -22.30483 -22.30483 -22.30483 -22.30483 -22.30483
 -22.30483 -22.30483 -22.30483 -22.30483
 -17.71847 -17.71847 -17.71847 -17.71847 -17.71847 -17.71847 -17.71847 -17.71847
 -17.71847 -17.71847 -17.71847 -17.71847
 -15.08224 -15.08224 -15.08224 -15.08224 -15.08224 -15.08224 -15.08224 -15.08224
 -15.08224 -15.08224 -15.08224 -15.08224
 -13.55360 -13.55360 -13.55360 -13.55360 -13.55360 -13.55360 -13.55360 -13.55360
 -13.55360 -13.55360 -13.55360 -13.55360
 -12.64031 -12.64031 -12.64031 -12.64031 -12.64031 -12.64031 -12.64031 -12.64031
 -12.64031 -12.64031 -12.64031 -12.64031
 -12.04968 -12.04968 -12.04968 -12.04968 -12.04968 -12.04968 -12.04968 -12.04968
 -12.04968 -12.04968 -12.04968 -12.04968
 -11.64907 -11.64907 -11.64907 -11.64907 -11.64907 -11.64907 -11.64907 -11.64907
 -11.64907 -11.64907 -11.64907 -11.64907
 -11.38755 -11.38755 -11.38755 -11.38755 -11.38755 -11.38755 -11.38755 -11.38755
 -11.38755 -11.38755 -11.38755 -11.38755
 -11.22886 -11.22886 -11.22886 -11.22886 -11.22886 -11.22886 -11.22886 -11.22886
 -11.22886 -11.22886 -11.22886 -11.22886
 -11.14235 -11.14235 -11.14235 -11.14235 -11.14235 -11.14235 -11.14235 -11.14235
 -11.14235 -11.14235 -11.14235 -11.14235
 --------------------/ IPRT= 1  / IGRD= 1  /IONIS   / Z1=65   / DATE= 11.01.08
 -74.00000 -74.00000 -74.00000 -74.00000 -74.00000 -74.00000 -74.00000 -74.00000
 -74.00000 -74.00000 -74.00000 -74.00000
 -74.00000 -74.00000 -74.00000 -74.00000 -74.00000 -74.00000 -74.00000 -74.00000
 -74.00000 -74.00000 -74.00000 -74.00000
 -74.00000 -74.00000 -74.00000 -74.00000 -74.00000 -74.00000 -74.00000 -74.00000
 -74.00000 -74.00000 -74.00000 -74.00000
 -74.00000 -74.00000 -74.00000 -74.00000 -74.00000 -74.00000 -74.00000 -74.00000
 -74.00000 -74.00000 -74.00000 -74.00000
 -74.00000 -74.00000 -74.00000 -74.00000 -74.00000 -74.00000 -74.00000 -74.00000
 -74.00000 -74.00000 -74.00000 -74.00000
 -74.00000 -74.00000 -74.00000 -74.00000 -74.00000 -74.00000 -74.00000 -74.00000
 -74.00000 -74.00000 -74.00000 -74.00000
 -74.00000 -74.00000 -74.00000 -74.00000 -74.00000 -74.00000 -74.00000 -74.00000
 -74.00000 -74.00000 -74.00000 -74.00000
 -74.00000 -74.00000 -74.00000 -74.00000 -74.00000 -74.00000 -74.00000 -74.00000
 -74.00000 -74.00000 -74.00000 -74.00000
 -74.00000 -74.00000 -74.00000 -74.00000 -74.00000 -74.00000 -74.00000 -74.00000
 -74.00000 -74.00000 -74.00000 -74.00000
 -50.08047 -50.08047 -50.08047 -50.08047 -50.08047 -50.08047 -50.08047 -50.08047
 -50.08047 -50.08047 -50.08047 -50.08047
 -33.41515 -33.41515 -33.41515 -33.41515 -33.41515 -33.41515 -33.41515 -33.41515
 -33.41515 -33.41515 -33.41515 -33.41515
 -23.93552 -23.93552 -23.93552 -23.93552 -23.93552 -23.93552 -23.93552 -23.93552
 -23.93552 -23.93552 -23.93552 -23.93552
 -18.52122 -18.52122 -18.52122 -18.52122 -18.52122 -18.52122 -18.52122 -18.52122
 -18.52122 -18.52122 -18.52122 -18.52122
 -15.40478 -15.40478 -15.40478 -15.40478 -15.40478 -15.40478 -15.40478 -15.40478
 -15.40478 -15.40478 -15.40478 -15.40478
 -13.59249 -13.59249 -13.59249 -13.59249 -13.59249 -13.59249 -13.59249 -13.59249
 -13.59249 -13.59249 -13.59249 -13.59249
 -12.52933 -12.52933 -12.52933 -12.52933 -12.52933 -12.52933 -12.52933 -12.52933
 -12.52933 -12.52933 -12.52933 -12.52933
 -11.90267 -11.90267 -11.90267 -11.90267 -11.90267 -11.90267 -11.90267 -11.90267
 -11.90267 -11.90267 -11.90267 -11.90267
 -11.53426 -11.53426 -11.53426 -11.53426 -11.53426 -11.53426 -11.53426 -11.53426
 -11.53426 -11.53426 -11.53426 -11.53426
 -11.32172 -11.32172 -11.32172 -11.32172 -11.32172 -11.32172 -11.32172 -11.32172
 -11.32172 -11.32172 -11.32172 -11.32172
 -11.20568 -11.20568 -11.20568 -11.20568 -11.20568 -11.20568 -11.20568 -11.20568
 -11.20568 -11.20568 -11.20568 -11.20568
 --------------------/ IPRT= 1  / IGRD= 1  /IONIS   / Z1=66   / DATE= 11.01.08
 -74.00000 -74.00000 -74.00000 -74.00000 -74.00000 -74.00000 -74.00000 -74.00000
 -74.00000 -74.00000 -74.00000 -74.00000
 -74.00000 -74.00000 -74.00000 -74.00000 -74.00000 -74.00000 -74.00000 -74.00000
 -74.00000 -74.00000 -74.00000 -74.00000
 -74.00000 -74.00000 -74.00000 -74.00000 -74.00000 -74.00000 -74.00000 -74.00000
 -74.00000 -74.00000 -74.00000 -74.00000
 -74.00000 -74.00000 -74.00000 -74.00000 -74.00000 -74.00000 -74.00000 -74.00000
 -74.00000 -74.00000 -74.00000 -74.00000
 -74.00000 -74.00000 -74.00000 -74.00000 -74.00000 -74.00000 -74.00000 -74.00000
 -74.00000 -74.00000 -74.00000 -74.00000
 -74.00000 -74.00000 -74.00000 -74.00000 -74.00000 -74.00000 -74.00000 -74.00000
 -74.00000 -74.00000 -74.00000 -74.00000
 -74.00000 -74.00000 -74.00000 -74.00000 -74.00000 -74.00000 -74.00000 -74.00000
 -74.00000 -74.00000 -74.00000 -74.00000
 -74.00000 -74.00000 -74.00000 -74.00000 -74.00000 -74.00000 -74.00000 -74.00000
 -74.00000 -74.00000 -74.00000 -74.00000
 -74.00000 -74.00000 -74.00000 -74.00000 -74.00000 -74.00000 -74.00000 -74.00000
 -74.00000 -74.00000 -74.00000 -74.00000
 -51.16271 -51.16271 -51.16271 -51.16271 -51.16271 -51.16271 -51.16271 -51.16271
 -51.16271 -51.16271 -51.16271 -51.16271
 -34.07133 -34.07133 -34.07133 -34.07133 -34.07133 -34.07133 -34.07133 -34.07133
 -34.07133 -34.07133 -34.07133 -34.07133
 -24.35038 -24.35038 -24.35038 -24.35038 -24.35038 -24.35038 -24.35038 -24.35038
 -24.35038 -24.35038 -24.35038 -24.35038
 -18.79822 -18.79822 -18.79822 -18.79822 -18.79822 -18.79822 -18.79822 -18.79822
 -18.79822 -18.79822 -18.79822 -18.79822
 -15.60107 -15.60107 -15.60107 -15.60107 -15.60107 -15.60107 -15.60107 -15.60107
 -15.60107 -15.60107 -15.60107 -15.60107
 -13.74056 -13.74056 -13.74056 -13.74056 -13.74056 -13.74056 -13.74056 -13.74056
 -13.74056 -13.74056 -13.74056 -13.74056
 -12.64858 -12.64858 -12.64858 -12.64858 -12.64858 -12.64858 -12.64858 -12.64858
 -12.64858 -12.64858 -12.64858 -12.64858
 -12.00472 -12.00472 -12.00472 -12.00472 -12.00472 -12.00472 -12.00472 -12.00472
 -12.00472 -12.00472 -12.00472 -12.00472
 -11.62600 -11.62600 -11.62600 -11.62600 -11.62600 -11.62600 -11.62600 -11.62600
 -11.62600 -11.62600 -11.62600 -11.62600
 -11.40712 -11.40712 -11.40712 -11.40712 -11.40712 -11.40712 -11.40712 -11.40712
 -11.40712 -11.40712 -11.40712 -11.40712
 -11.28711 -11.28711 -11.28711 -11.28711 -11.28711 -11.28711 -11.28711 -11.28711
 -11.28711 -11.28711 -11.28711 -11.28711
 --------------------/ IPRT= 1  / IGRD= 1  /IONIS   / Z1=67   / DATE= 11.01.08
 -74.00000 -74.00000 -74.00000 -74.00000 -74.00000 -74.00000 -74.00000 -74.00000
 -74.00000 -74.00000 -74.00000 -74.00000
 -74.00000 -74.00000 -74.00000 -74.00000 -74.00000 -74.00000 -74.00000 -74.00000
 -74.00000 -74.00000 -74.00000 -74.00000
 -74.00000 -74.00000 -74.00000 -74.00000 -74.00000 -74.00000 -74.00000 -74.00000
 -74.00000 -74.00000 -74.00000 -74.00000
 -74.00000 -74.00000 -74.00000 -74.00000 -74.00000 -74.00000 -74.00000 -74.00000
 -74.00000 -74.00000 -74.00000 -74.00000
 -74.00000 -74.00000 -74.00000 -74.00000 -74.00000 -74.00000 -74.00000 -74.00000
 -74.00000 -74.00000 -74.00000 -74.00000
 -74.00000 -74.00000 -74.00000 -74.00000 -74.00000 -74.00000 -74.00000 -74.00000
 -74.00000 -74.00000 -74.00000 -74.00000
 -74.00000 -74.00000 -74.00000 -74.00000 -74.00000 -74.00000 -74.00000 -74.00000
 -74.00000 -74.00000 -74.00000 -74.00000
 -74.00000 -74.00000 -74.00000 -74.00000 -74.00000 -74.00000 -74.00000 -74.00000
 -74.00000 -74.00000 -74.00000 -74.00000
 -74.00000 -74.00000 -74.00000 -74.00000 -74.00000 -74.00000 -74.00000 -74.00000
 -74.00000 -74.00000 -74.00000 -74.00000
 -52.26213 -52.26213 -52.26213 -52.26213 -52.26213 -52.26213 -52.26213 -52.26213
 -52.26213 -52.26213 -52.26213 -52.26213
 -34.74470 -34.74470 -34.74470 -34.74470 -34.74470 -34.74470 -34.74470 -34.74470
 -34.74470 -34.74470 -34.74470 -34.74470
 -24.78234 -24.78234 -24.78234 -24.78234 -24.78234 -24.78234 -24.78234 -24.78234
 -24.78234 -24.78234 -24.78234 -24.78234
 -19.09170 -19.09170 -19.09170 -19.09170 -19.09170 -19.09170 -19.09170 -19.09170
 -19.09170 -19.09170 -19.09170 -19.09170
 -15.81236 -15.81236 -15.81236 -15.81236 -15.81236 -15.81236 -15.81236 -15.81236
 -15.81236 -15.81236 -15.81236 -15.81236
 -13.90189 -13.90189 -13.90189 -13.90189 -13.90189 -13.90189 -13.90189 -13.90189
 -13.90189 -13.90189 -13.90189 -13.90189
 -12.77970 -12.77970 -12.77970 -12.77970 -12.77970 -12.77970 -12.77970 -12.77970
 -12.77970 -12.77970 -12.77970 -12.77970
 -12.11774 -12.11774 -12.11774 -12.11774 -12.11774 -12.11774 -12.11774 -12.11774
 -12.11774 -12.11774 -12.11774 -12.11774
 -11.72811 -11.72811 -11.72811 -11.72811 -11.72811 -11.72811 -11.72811 -11.72811
 -11.72811 -11.72811 -11.72811 -11.72811
 -11.50257 -11.50257 -11.50257 -11.50257 -11.50257 -11.50257 -11.50257 -11.50257
 -11.50257 -11.50257 -11.50257 -11.50257
 -11.37837 -11.37837 -11.37837 -11.37837 -11.37837 -11.37837 -11.37837 -11.37837
 -11.37837 -11.37837 -11.37837 -11.37837
 --------------------/ IPRT= 1  / IGRD= 1  /IONIS   / Z1=68   / DATE= 11.01.08
 -74.00000 -74.00000 -74.00000 -74.00000 -74.00000 -74.00000 -74.00000 -74.00000
 -74.00000 -74.00000 -74.00000 -74.00000
 -74.00000 -74.00000 -74.00000 -74.00000 -74.00000 -74.00000 -74.00000 -74.00000
 -74.00000 -74.00000 -74.00000 -74.00000
 -74.00000 -74.00000 -74.00000 -74.00000 -74.00000 -74.00000 -74.00000 -74.00000
 -74.00000 -74.00000 -74.00000 -74.00000
 -74.00000 -74.00000 -74.00000 -74.00000 -74.00000 -74.00000 -74.00000 -74.00000
 -74.00000 -74.00000 -74.00000 -74.00000
 -74.00000 -74.00000 -74.00000 -74.00000 -74.00000 -74.00000 -74.00000 -74.00000
 -74.00000 -74.00000 -74.00000 -74.00000
 -74.00000 -74.00000 -74.00000 -74.00000 -74.00000 -74.00000 -74.00000 -74.00000
 -74.00000 -74.00000 -74.00000 -74.00000
 -74.00000 -74.00000 -74.00000 -74.00000 -74.00000 -74.00000 -74.00000 -74.00000
 -74.00000 -74.00000 -74.00000 -74.00000
 -74.00000 -74.00000 -74.00000 -74.00000 -74.00000 -74.00000 -74.00000 -74.00000
 -74.00000 -74.00000 -74.00000 -74.00000
 -74.00000 -74.00000 -74.00000 -74.00000 -74.00000 -74.00000 -74.00000 -74.00000
 -74.00000 -74.00000 -74.00000 -74.00000
 -53.38907 -53.38907 -53.38907 -53.38907 -53.38907 -53.38907 -53.38907 -53.38907
 -53.38907 -53.38907 -53.38907 -53.38907
 -35.44559 -35.44559 -35.44559 -35.44559 -35.44559 -35.44559 -35.44559 -35.44559
 -35.44559 -35.44559 -35.44559 -35.44559
 -25.24165 -25.24165 -25.24165 -25.24165 -25.24165 -25.24165 -25.24165 -25.24165
 -25.24165 -25.24165 -25.24165 -25.24165
 -19.41131 -19.41131 -19.41131 -19.41131 -19.41131 -19.41131 -19.41131 -19.41131
 -19.41131 -19.41131 -19.41131 -19.41131
 -16.04696 -16.04696 -16.04696 -16.04696 -16.04696 -16.04696 -16.04696 -16.04696
 -16.04696 -16.04696 -16.04696 -16.04696
 -14.08329 -14.08329 -14.08329 -14.08329 -14.08329 -14.08329 -14.08329 -14.08329
 -14.08329 -14.08329 -14.08329 -14.08329
 -12.92839 -12.92839 -12.92839 -12.92839 -12.92839 -12.92839 -12.92839 -12.92839
 -12.92839 -12.92839 -12.92839 -12.92839
 -12.24669 -12.24669 -12.24669 -12.24669 -12.24669 -12.24669 -12.24669 -12.24669
 -12.24669 -12.24669 -12.24669 -12.24669
 -11.84517 -11.84517 -11.84517 -11.84517 -11.84517 -11.84517 -11.84517 -11.84517
 -11.84517 -11.84517 -11.84517 -11.84517
 -11.61235 -11.61235 -11.61235 -11.61235 -11.61235 -11.61235 -11.61235 -11.61235
 -11.61235 -11.61235 -11.61235 -11.61235
 -11.48358 -11.48358 -11.48358 -11.48358 -11.48358 -11.48358 -11.48358 -11.48358
 -11.48358 -11.48358 -11.48358 -11.48358
 --------------------/ IPRT= 1  / IGRD= 1  /IONIS   / Z1=69   / DATE= 11.01.08
 -74.00000 -74.00000 -74.00000 -74.00000 -74.00000 -74.00000 -74.00000 -74.00000
 -74.00000 -74.00000 -74.00000 -74.00000
 -74.00000 -74.00000 -74.00000 -74.00000 -74.00000 -74.00000 -74.00000 -74.00000
 -74.00000 -74.00000 -74.00000 -74.00000
 -74.00000 -74.00000 -74.00000 -74.00000 -74.00000 -74.00000 -74.00000 -74.00000
 -74.00000 -74.00000 -74.00000 -74.00000
 -74.00000 -74.00000 -74.00000 -74.00000 -74.00000 -74.00000 -74.00000 -74.00000
 -74.00000 -74.00000 -74.00000 -74.00000
 -74.00000 -74.00000 -74.00000 -74.00000 -74.00000 -74.00000 -74.00000 -74.00000
 -74.00000 -74.00000 -74.00000 -74.00000
 -74.00000 -74.00000 -74.00000 -74.00000 -74.00000 -74.00000 -74.00000 -74.00000
 -74.00000 -74.00000 -74.00000 -74.00000
 -74.00000 -74.00000 -74.00000 -74.00000 -74.00000 -74.00000 -74.00000 -74.00000
 -74.00000 -74.00000 -74.00000 -74.00000
 -74.00000 -74.00000 -74.00000 -74.00000 -74.00000 -74.00000 -74.00000 -74.00000
 -74.00000 -74.00000 -74.00000 -74.00000
 -74.00000 -74.00000 -74.00000 -74.00000 -74.00000 -74.00000 -74.00000 -74.00000
 -74.00000 -74.00000 -74.00000 -74.00000
 -74.00000 -74.00000 -74.00000 -74.00000 -74.00000 -74.00000 -74.00000 -74.00000
 -74.00000 -74.00000 -74.00000 -74.00000
 -38.23322 -38.23322 -38.23322 -38.23322 -38.23322 -38.23322 -38.23322 -38.23322
 -38.23322 -38.23322 -38.23322 -38.23322
 -26.90665 -26.90665 -26.90665 -26.90665 -26.90665 -26.90665 -26.90665 -26.90665
 -26.90665 -26.90665 -26.90665 -26.90665
 -20.41088 -20.41088 -20.41088 -20.41088 -20.41088 -20.41088 -20.41088 -20.41088
 -20.41088 -20.41088 -20.41088 -20.41088
 -16.66162 -16.66162 -16.66162 -16.66162 -16.66162 -16.66162 -16.66162 -16.66162
 -16.66162 -16.66162 -16.66162 -16.66162
 -14.48719 -14.48719 -14.48719 -14.48719 -14.48719 -14.48719 -14.48719 -14.48719
 -14.48719 -14.48719 -14.48719 -14.48719
 -13.21936 -13.21936 -13.21936 -13.21936 -13.21936 -13.21936 -13.21936 -13.21936
 -13.21936 -13.21936 -13.21936 -13.21936
 -12.47617 -12.47617 -12.47617 -12.47617 -12.47617 -12.47617 -12.47617 -12.47617
 -12.47617 -12.47617 -12.47617 -12.47617
 -12.04000 -12.04000 -12.04000 -12.04000 -12.04000 -12.04000 -12.04000 -12.04000
 -12.04000 -12.04000 -12.04000 -12.04000
 -11.78687 -11.78687 -11.78687 -11.78687 -11.78687 -11.78687 -11.78687 -11.78687
 -11.78687 -11.78687 -11.78687 -11.78687
 -11.64570 -11.64570 -11.64570 -11.64570 -11.64570 -11.64570 -11.64570 -11.64570
 -11.64570 -11.64570 -11.64570 -11.64570
 --------------------/ IPRT= 1  / IGRD= 1  /IONIS   / Z1=70   / DATE= 11.01.08
 -74.00000 -74.00000 -74.00000 -74.00000 -74.00000 -74.00000 -74.00000 -74.00000
 -74.00000 -74.00000 -74.00000 -74.00000
 -74.00000 -74.00000 -74.00000 -74.00000 -74.00000 -74.00000 -74.00000 -74.00000
 -74.00000 -74.00000 -74.00000 -74.00000
 -74.00000 -74.00000 -74.00000 -74.00000 -74.00000 -74.00000 -74.00000 -74.00000
 -74.00000 -74.00000 -74.00000 -74.00000
 -74.00000 -74.00000 -74.00000 -74.00000 -74.00000 -74.00000 -74.00000 -74.00000
 -74.00000 -74.00000 -74.00000 -74.00000
 -74.00000 -74.00000 -74.00000 -74.00000 -74.00000 -74.00000 -74.00000 -74.00000
 -74.00000 -74.00000 -74.00000 -74.00000
 -74.00000 -74.00000 -74.00000 -74.00000 -74.00000 -74.00000 -74.00000 -74.00000
 -74.00000 -74.00000 -74.00000 -74.00000
 -74.00000 -74.00000 -74.00000 -74.00000 -74.00000 -74.00000 -74.00000 -74.00000
 -74.00000 -74.00000 -74.00000 -74.00000
 -74.00000 -74.00000 -74.00000 -74.00000 -74.00000 -74.00000 -74.00000 -74.00000
 -74.00000 -74.00000 -74.00000 -74.00000
 -74.00000 -74.00000 -74.00000 -74.00000 -74.00000 -74.00000 -74.00000 -74.00000
 -74.00000 -74.00000 -74.00000 -74.00000
 -74.00000 -74.00000 -74.00000 -74.00000 -74.00000 -74.00000 -74.00000 -74.00000
 -74.00000 -74.00000 -74.00000 -74.00000
 -39.17381 -39.17381 -39.17381 -39.17381 -39.17381 -39.17381 -39.17381 -39.17381
 -39.17381 -39.17381 -39.17381 -39.17381
 -27.54042 -27.54042 -27.54042 -27.54042 -27.54042 -27.54042 -27.54042 -27.54042
 -27.54042 -27.54042 -27.54042 -27.54042
 -20.84349 -20.84349 -20.84349 -20.84349 -20.84349 -20.84349 -20.84349 -20.84349
 -20.84349 -20.84349 -20.84349 -20.84349
 -16.97146 -16.97146 -16.97146 -16.97146 -16.97146 -16.97146 -16.97146 -16.97146
 -16.97146 -16.97146 -16.97146 -16.97146
 -14.72662 -14.72662 -14.72662 -14.72662 -14.72662 -14.72662 -14.72662 -14.72662
 -14.72662 -14.72662 -14.72662 -14.72662
 -13.41899 -13.41899 -13.41899 -13.41899 -13.41899 -13.41899 -13.41899 -13.41899
 -13.41899 -13.41899 -13.41899 -13.41899
 -12.65307 -12.65307 -12.65307 -12.65307 -12.65307 -12.65307 -12.65307 -12.65307
 -12.65307 -12.65307 -12.65307 -12.65307
 -12.20365 -12.20365 -12.20365 -12.20365 -12.20365 -12.20365 -12.20365 -12.20365
 -12.20365 -12.20365 -12.20365 -12.20365
 -11.94259 -11.94259 -11.94259 -11.94259 -11.94259 -11.94259 -11.94259 -11.94259
 -11.94259 -11.94259 -11.94259 -11.94259
 -11.79653 -11.79653 -11.79653 -11.79653 -11.79653 -11.79653 -11.79653 -11.79653
 -11.79653 -11.79653 -11.79653 -11.79653
 --------------------/ IPRT= 1  / IGRD= 1  /IONIS   / Z1=71   / DATE= 11.01.08
 -74.00000 -74.00000 -74.00000 -74.00000 -74.00000 -74.00000 -74.00000 -74.00000
 -74.00000 -74.00000 -74.00000 -74.00000
 -74.00000 -74.00000 -74.00000 -74.00000 -74.00000 -74.00000 -74.00000 -74.00000
 -74.00000 -74.00000 -74.00000 -74.00000
 -74.00000 -74.00000 -74.00000 -74.00000 -74.00000 -74.00000 -74.00000 -74.00000
 -74.00000 -74.00000 -74.00000 -74.00000
 -74.00000 -74.00000 -74.00000 -74.00000 -74.00000 -74.00000 -74.00000 -74.00000
 -74.00000 -74.00000 -74.00000 -74.00000
 -74.00000 -74.00000 -74.00000 -74.00000 -74.00000 -74.00000 -74.00000 -74.00000
 -74.00000 -74.00000 -74.00000 -74.00000
 -74.00000 -74.00000 -74.00000 -74.00000 -74.00000 -74.00000 -74.00000 -74.00000
 -74.00000 -74.00000 -74.00000 -74.00000
 -74.00000 -74.00000 -74.00000 -74.00000 -74.00000 -74.00000 -74.00000 -74.00000
 -74.00000 -74.00000 -74.00000 -74.00000
 -74.00000 -74.00000 -74.00000 -74.00000 -74.00000 -74.00000 -74.00000 -74.00000
 -74.00000 -74.00000 -74.00000 -74.00000
 -74.00000 -74.00000 -74.00000 -74.00000 -74.00000 -74.00000 -74.00000 -74.00000
 -74.00000 -74.00000 -74.00000 -74.00000
 -74.00000 -74.00000 -74.00000 -74.00000 -74.00000 -74.00000 -74.00000 -74.00000
 -74.00000 -74.00000 -74.00000 -74.00000
 -40.00258 -40.00258 -40.00258 -40.00258 -40.00258 -40.00258 -40.00258 -40.00258
 -40.00258 -40.00258 -40.00258 -40.00258
 -27.95961 -27.95961 -27.95961 -27.95961 -27.95961 -27.95961 -27.95961 -27.95961
 -27.95961 -27.95961 -27.95961 -27.95961
 -21.09723 -21.09723 -21.09723 -21.09723 -21.09723 -21.09723 -21.09723 -21.09723
 -21.09723 -21.09723 -21.09723 -21.09723
 -17.16969 -17.16969 -17.16969 -17.16969 -17.16969 -17.16969 -17.16969 -17.16969
 -17.16969 -17.16969 -17.16969 -17.16969
 -14.90787 -14.90787 -14.90787 -14.90787 -14.90787 -14.90787 -14.90787 -14.90787
 -14.90787 -14.90787 -14.90787 -14.90787
 -13.59533 -13.59533 -13.59533 -13.59533 -13.59533 -13.59533 -13.59533 -13.59533
 -13.59533 -13.59533 -13.59533 -13.59533
 -12.82809 -12.82809 -12.82809 -12.82809 -12.82809 -12.82809 -12.82809 -12.82809
 -12.82809 -12.82809 -12.82809 -12.82809
 -12.37767 -12.37767 -12.37767 -12.37767 -12.37767 -12.37767 -12.37767 -12.37767
 -12.37767 -12.37767 -12.37767 -12.37767
 -12.11298 -12.11298 -12.11298 -12.11298 -12.11298 -12.11298 -12.11298 -12.11298
 -12.11298 -12.11298 -12.11298 -12.11298
 -11.95911 -11.95911 -11.95911 -11.95911 -11.95911 -11.95911 -11.95911 -11.95911
 -11.95911 -11.95911 -11.95911 -11.95911
 --------------------/ IPRT= 1  / IGRD= 1  /IONIS   / Z1=72   / DATE= 11.01.08
 -74.00000 -74.00000 -74.00000 -74.00000 -74.00000 -74.00000 -74.00000 -74.00000
 -74.00000 -74.00000 -74.00000 -74.00000
 -74.00000 -74.00000 -74.00000 -74.00000 -74.00000 -74.00000 -74.00000 -74.00000
 -74.00000 -74.00000 -74.00000 -74.00000
 -74.00000 -74.00000 -74.00000 -74.00000 -74.00000 -74.00000 -74.00000 -74.00000
 -74.00000 -74.00000 -74.00000 -74.00000
 -74.00000 -74.00000 -74.00000 -74.00000 -74.00000 -74.00000 -74.00000 -74.00000
 -74.00000 -74.00000 -74.00000 -74.00000
 -74.00000 -74.00000 -74.00000 -74.00000 -74.00000 -74.00000 -74.00000 -74.00000
 -74.00000 -74.00000 -74.00000 -74.00000
 -74.00000 -74.00000 -74.00000 -74.00000 -74.00000 -74.00000 -74.00000 -74.00000
 -74.00000 -74.00000 -74.00000 -74.00000
 -74.00000 -74.00000 -74.00000 -74.00000 -74.00000 -74.00000 -74.00000 -74.00000
 -74.00000 -74.00000 -74.00000 -74.00000
 -74.00000 -74.00000 -74.00000 -74.00000 -74.00000 -74.00000 -74.00000 -74.00000
 -74.00000 -74.00000 -74.00000 -74.00000
 -74.00000 -74.00000 -74.00000 -74.00000 -74.00000 -74.00000 -74.00000 -74.00000
 -74.00000 -74.00000 -74.00000 -74.00000
 -74.00000 -74.00000 -74.00000 -74.00000 -74.00000 -74.00000 -74.00000 -74.00000
 -74.00000 -74.00000 -74.00000 -74.00000
 -40.83082 -40.83082 -40.83082 -40.83082 -40.83082 -40.83082 -40.83082 -40.83082
 -40.83082 -40.83082 -40.83082 -40.83082
 -28.56577 -28.56577 -28.56577 -28.56577 -28.56577 -28.56577 -28.56577 -28.56577
 -28.56577 -28.56577 -28.56577 -28.56577
 -21.57764 -21.57764 -21.57764 -21.57764 -21.57764 -21.57764 -21.57764 -21.57764
 -21.57764 -21.57764 -21.57764 -21.57764
 -17.57881 -17.57881 -17.57881 -17.57881 -17.57881 -17.57881 -17.57881 -17.57881
 -17.57881 -17.57881 -17.57881 -17.57881
 -15.27646 -15.27646 -15.27646 -15.27646 -15.27646 -15.27646 -15.27646 -15.27646
 -15.27646 -15.27646 -15.27646 -15.27646
 -13.94074 -13.94074 -13.94074 -13.94074 -13.94074 -13.94074 -13.94074 -13.94074
 -13.94074 -13.94074 -13.94074 -13.94074
 -13.16007 -13.16007 -13.16007 -13.16007 -13.16007 -13.16007 -13.16007 -13.16007
 -13.16007 -13.16007 -13.16007 -13.16007
 -12.70102 -12.70102 -12.70102 -12.70102 -12.70102 -12.70102 -12.70102 -12.70102
 -12.70102 -12.70102 -12.70102 -12.70102
 -12.42792 -12.42792 -12.42792 -12.42792 -12.42792 -12.42792 -12.42792 -12.42792
 -12.42792 -12.42792 -12.42792 -12.42792
 -12.26336 -12.26336 -12.26336 -12.26336 -12.26336 -12.26336 -12.26336 -12.26336
 -12.26336 -12.26336 -12.26336 -12.26336
 --------------------/ IPRT= 1  / IGRD= 1  /IONIS   / Z1=73   / DATE= 11.01.08
 -74.00000 -74.00000 -74.00000 -74.00000 -74.00000 -74.00000 -74.00000 -74.00000
 -74.00000 -74.00000 -74.00000 -74.00000
 -74.00000 -74.00000 -74.00000 -74.00000 -74.00000 -74.00000 -74.00000 -74.00000
 -74.00000 -74.00000 -74.00000 -74.00000
 -74.00000 -74.00000 -74.00000 -74.00000 -74.00000 -74.00000 -74.00000 -74.00000
 -74.00000 -74.00000 -74.00000 -74.00000
 -74.00000 -74.00000 -74.00000 -74.00000 -74.00000 -74.00000 -74.00000 -74.00000
 -74.00000 -74.00000 -74.00000 -74.00000
 -74.00000 -74.00000 -74.00000 -74.00000 -74.00000 -74.00000 -74.00000 -74.00000
 -74.00000 -74.00000 -74.00000 -74.00000
 -74.00000 -74.00000 -74.00000 -74.00000 -74.00000 -74.00000 -74.00000 -74.00000
 -74.00000 -74.00000 -74.00000 -74.00000
 -74.00000 -74.00000 -74.00000 -74.00000 -74.00000 -74.00000 -74.00000 -74.00000
 -74.00000 -74.00000 -74.00000 -74.00000
 -74.00000 -74.00000 -74.00000 -74.00000 -74.00000 -74.00000 -74.00000 -74.00000
 -74.00000 -74.00000 -74.00000 -74.00000
 -74.00000 -74.00000 -74.00000 -74.00000 -74.00000 -74.00000 -74.00000 -74.00000
 -74.00000 -74.00000 -74.00000 -74.00000
 -74.00000 -74.00000 -74.00000 -74.00000 -74.00000 -74.00000 -74.00000 -74.00000
 -74.00000 -74.00000 -74.00000 -74.00000
 -74.00000 -74.00000 -74.00000 -74.00000 -74.00000 -74.00000 -74.00000 -74.00000
 -74.00000 -74.00000 -74.00000 -74.00000
 -74.00000 -74.00000 -74.00000 -74.00000 -74.00000 -74.00000 -74.00000 -74.00000
 -74.00000 -74.00000 -74.00000 -74.00000
 -49.77250 -49.77250 -49.77250 -49.77250 -49.77250 -49.77250 -49.77250 -49.77250
 -49.77250 -49.77250 -49.77250 -49.77250
 -33.91270 -33.91270 -33.91270 -33.91270 -33.91270 -33.91270 -33.91270 -33.91270
 -33.91270 -33.91270 -33.91270 -33.91270
 -24.88942 -24.88942 -24.88942 -24.88942 -24.88942 -24.88942 -24.88942 -24.88942
 -24.88942 -24.88942 -24.88942 -24.88942
 -19.73729 -19.73729 -19.73729 -19.73729 -19.73729 -19.73729 -19.73729 -19.73729
 -19.73729 -19.73729 -19.73729 -19.73729
 -16.77986 -16.77986 -16.77986 -16.77986 -16.77986 -16.77986 -16.77986 -16.77986
 -16.77986 -16.77986 -16.77986 -16.77986
 -15.07022 -15.07022 -15.07022 -15.07022 -15.07022 -15.07022 -15.07022 -15.07022
 -15.07022 -15.07022 -15.07022 -15.07022
 -14.07419 -14.07419 -14.07419 -14.07419 -14.07419 -14.07419 -14.07419 -14.07419
 -14.07419 -14.07419 -14.07419 -14.07419
 -13.49063 -13.49063 -13.49063 -13.49063 -13.49063 -13.49063 -13.49063 -13.49063
 -13.49063 -13.49063 -13.49063 -13.49063
 --------------------/ IPRT= 1  / IGRD= 1  /IONIS   / Z1=74   / DATE= 11.01.08
 -74.00000 -74.00000 -74.00000 -74.00000 -74.00000 -74.00000 -74.00000 -74.00000
 -74.00000 -74.00000 -74.00000 -74.00000
 -74.00000 -74.00000 -74.00000 -74.00000 -74.00000 -74.00000 -74.00000 -74.00000
 -74.00000 -74.00000 -74.00000 -74.00000
 -74.00000 -74.00000 -74.00000 -74.00000 -74.00000 -74.00000 -74.00000 -74.00000
 -74.00000 -74.00000 -74.00000 -74.00000
 -74.00000 -74.00000 -74.00000 -74.00000 -74.00000 -74.00000 -74.00000 -74.00000
 -74.00000 -74.00000 -74.00000 -74.00000
 -74.00000 -74.00000 -74.00000 -74.00000 -74.00000 -74.00000 -74.00000 -74.00000
 -74.00000 -74.00000 -74.00000 -74.00000
 -74.00000 -74.00000 -74.00000 -74.00000 -74.00000 -74.00000 -74.00000 -74.00000
 -74.00000 -74.00000 -74.00000 -74.00000
 -74.00000 -74.00000 -74.00000 -74.00000 -74.00000 -74.00000 -74.00000 -74.00000
 -74.00000 -74.00000 -74.00000 -74.00000
 -74.00000 -74.00000 -74.00000 -74.00000 -74.00000 -74.00000 -74.00000 -74.00000
 -74.00000 -74.00000 -74.00000 -74.00000
 -74.00000 -74.00000 -74.00000 -74.00000 -74.00000 -74.00000 -74.00000 -74.00000
 -74.00000 -74.00000 -74.00000 -74.00000
 -74.00000 -74.00000 -74.00000 -74.00000 -74.00000 -74.00000 -74.00000 -74.00000
 -74.00000 -74.00000 -74.00000 -74.00000
 -74.00000 -74.00000 -74.00000 -74.00000 -74.00000 -74.00000 -74.00000 -74.00000
 -74.00000 -74.00000 -74.00000 -74.00000
 -74.00000 -74.00000 -74.00000 -74.00000 -74.00000 -74.00000 -74.00000 -74.00000
 -74.00000 -74.00000 -74.00000 -74.00000
 -50.78209 -50.78209 -50.78209 -50.78209 -50.78209 -50.78209 -50.78209 -50.78209
 -50.78209 -50.78209 -50.78209 -50.78209
 -34.62168 -34.62168 -34.62168 -34.62168 -34.62168 -34.62168 -34.62168 -34.62168
 -34.62168 -34.62168 -34.62168 -34.62168
 -25.42823 -25.42823 -25.42823 -25.42823 -25.42823 -25.42823 -25.42823 -25.42823
 -25.42823 -25.42823 -25.42823 -25.42823
 -20.17970 -20.17970 -20.17970 -20.17970 -20.17970 -20.17970 -20.17970 -20.17970
 -20.17970 -20.17970 -20.17970 -20.17970
 -17.16755 -17.16755 -17.16755 -17.16755 -17.16755 -17.16755 -17.16755 -17.16755
 -17.16755 -17.16755 -17.16755 -17.16755
 -15.42672 -15.42672 -15.42672 -15.42672 -15.42672 -15.42672 -15.42672 -15.42672
 -15.42672 -15.42672 -15.42672 -15.42672
 -14.41277 -14.41277 -14.41277 -14.41277 -14.41277 -14.41277 -14.41277 -14.41277
 -14.41277 -14.41277 -14.41277 -14.41277
 -13.81878 -13.81878 -13.81878 -13.81878 -13.81878 -13.81878 -13.81878 -13.81878
 -13.81878 -13.81878 -13.81878 -13.81878
C-------------------------------------------------------------------------------
C
C  Generate ionisation from : 
C     /home/adas/adas/adf03/atompars/atompars_arf#w.dat
C
C  CODE     : ADAS408
C  PRODUCER : Adam Foster                   
C  DATE     : 11.01.08
C
C  This file was used at JET and in SOLPS under the name scd89_w_01.dat
C  but was not in central ADAS. Although more sophisticated methods of
C  choosing the configurations for the adf04 files, which are the basis of
C  the coefficients in the adf03 file, have been developed this version
C  of the adf11 scd file is chosen for ADAS for data provenance 
C  considerations. Better scd data for tungsten within ADAS should be
C  preferred for modelling application.
C
C  Martin O'Mullane
C  14-06-2019
C 
C-------------------------------------------------------------------------------

C-----------------------------------------------------------------------
C                               OPEN-ADAS
C                               +++++++++
C
C This file has been downloaded from OPEN-ADAS (http://open.adas.ac.uk)
C on 21-Jul-2026.
C
C TERMS AND CONDITIONS
C --------------------
C
C The user of the OPEN-ADAS system and data (hereinafter "the User")
C accepts the following terms and conditions:
C
C   1. The University of Strathclyde uses all reasonable endeavours to
C      ensure the accuracy of the data provided and any information
C      given, but the University makes no warranty, expressed or implied
C      as to its accuracy, integrity, fitness for purpose and shall not
C      be responsible for the use to which the data is put by the User
C      and/or any consequences arising out of any inaccuracies or
C      omissions.
C
C   2. Any downloaded OPEN-ADAS file is made available for the
C      personal use of the User only.  It must not be used for any
C      commercial application, incorporated into any web site or in
C      any form re-distributed without express prior written permission
C      from the ADAS Project. In particular, but not by way of
C      limitation, it must not be:
C        *  inserted into a managed database structure,
C        *  redistributed along with a modelling or analysis code,
C        *  made available on a public website.
C
C Permission for OPEN-ADAS data incorporation in non-commercial
C code/system development for scientific advance will not be
C unreasonably withheld, but will be subject to written agreement
C on a case by case basis.
C
C The User will indemnify the University of Strathclyde and keep it
C fully and effectively indemnified against each and every claim made
C against the University as a result of the User's use of the data.
C
C-----------------------------------------------------------------------
